{
"type": "FeatureCollection",
"name": "bodensee",
"crs": { "type": "name", "properties": { "name": "urn:ogc:def:crs:OGC:1.3:CRS84" } },
"features": [
{ "type": "Feature", "properties": { "osm_id": "1156846", "code": 8200, "fclass": "water", "name": "Bodensee" }, "geometry": { "type": "MultiPolygon", "coordinates": [ [ [ [ 8.8587048, 47.6577346 ], [ 8.8592729, 47.6586095 ], [ 8.8592866, 47.6586307 ], [ 8.8595568, 47.6585387 ], [ 8.8595228, 47.6585004 ], [ 8.8599013, 47.6583633 ], [ 8.8599327, 47.6584018 ], [ 8.8599415, 47.6584005 ], [ 8.8600318, 47.6583785 ], [ 8.8601417, 47.6583531 ], [ 8.8601782, 47.6583446 ], [ 8.86017, 47.6583251 ], [ 8.8602039, 47.6583194 ], [ 8.860213, 47.6583375 ], [ 8.8603796, 47.6583046 ], [ 8.8603999, 47.658357 ], [ 8.8604089, 47.6583562 ], [ 8.8604224, 47.658355 ], [ 8.8604203, 47.6583486 ], [ 8.8604321, 47.6583477 ], [ 8.8604208, 47.6583225 ], [ 8.8604353, 47.6583116 ], [ 8.8606308, 47.6583349 ], [ 8.8606449, 47.6583444 ], [ 8.8606462, 47.6583565 ], [ 8.8606804, 47.658359 ], [ 8.8606814, 47.6583506 ], [ 8.8608501, 47.6583643 ], [ 8.8609278, 47.6583672 ], [ 8.861107, 47.658398 ], [ 8.861302, 47.6584687 ], [ 8.8613161, 47.658478 ], [ 8.8613989, 47.6584918 ], [ 8.8615428, 47.6585081 ], [ 8.861796, 47.6585368 ], [ 8.8618979, 47.6584559 ], [ 8.8621527, 47.6584902 ], [ 8.8624584, 47.6584389 ], [ 8.8625859, 47.6584509 ], [ 8.8627374, 47.6584451 ], [ 8.862889, 47.6584297 ], [ 8.8631666, 47.6584776 ], [ 8.8635086, 47.6584676 ], [ 8.863589, 47.658446 ], [ 8.863644, 47.6584071 ], [ 8.8638626, 47.6583854 ], [ 8.864108, 47.6583638 ], [ 8.8642211, 47.6583875 ], [ 8.8642269, 47.6583887 ], [ 8.8642322, 47.65839 ], [ 8.8646367, 47.658384 ], [ 8.8648477, 47.6583654 ], [ 8.8648911, 47.6583624 ], [ 8.8651292, 47.6583673 ], [ 8.8657305, 47.65836 ], [ 8.8658407, 47.6583416 ], [ 8.8658957, 47.6583028 ], [ 8.8659829, 47.6583032 ], [ 8.8661398, 47.6582635 ], [ 8.8661955, 47.6582734 ], [ 8.8663913, 47.6582341 ], [ 8.866412, 47.6582382 ], [ 8.8664228, 47.658259 ], [ 8.8666068, 47.6582369 ], [ 8.8665998, 47.6582052 ], [ 8.8666461, 47.658198 ], [ 8.8666501, 47.658226 ], [ 8.8668506, 47.6581786 ], [ 8.8669364, 47.658147 ], [ 8.8670544, 47.6580756 ], [ 8.8670906, 47.6580097 ], [ 8.8672368, 47.6578561 ], [ 8.8672502, 47.65782 ], [ 8.8674071, 47.6576836 ], [ 8.8674809, 47.6576032 ], [ 8.8675533, 47.6575689 ], [ 8.8678028, 47.6574415 ], [ 8.8679342, 47.6573575 ], [ 8.8679886, 47.6573458 ], [ 8.8679909, 47.6572822 ], [ 8.8680413, 47.6572054 ], [ 8.868155, 47.6571816 ], [ 8.8681941, 47.6570874 ], [ 8.8683004, 47.6570502 ], [ 8.8683098, 47.6570352 ], [ 8.8685187, 47.6569367 ], [ 8.8685845, 47.6568933 ], [ 8.8685852, 47.6568729 ], [ 8.8685923, 47.6568708 ], [ 8.8686566, 47.6568954 ], [ 8.8688511, 47.6568012 ], [ 8.8688492, 47.6567803 ], [ 8.868795, 47.6567323 ], [ 8.8688944, 47.6566546 ], [ 8.8689284, 47.6566339 ], [ 8.8689699, 47.6566132 ], [ 8.8690787, 47.6565725 ], [ 8.8694566, 47.656399 ], [ 8.8694792, 47.6563849 ], [ 8.8695064, 47.6563576 ], [ 8.8695436, 47.6563296 ], [ 8.8695944, 47.6563092 ], [ 8.8697734, 47.6562622 ], [ 8.869976, 47.6562253 ], [ 8.8704175, 47.656185 ], [ 8.8706771, 47.6561478 ], [ 8.8708811, 47.6561519 ], [ 8.8709007, 47.6561513 ], [ 8.8709147, 47.6561468 ], [ 8.8709251, 47.6561392 ], [ 8.870935, 47.6561155 ], [ 8.8709418, 47.6561104 ], [ 8.8709514, 47.6561069 ], [ 8.8709628, 47.6561059 ], [ 8.8710165, 47.6561165 ], [ 8.8710715, 47.6561231 ], [ 8.8711279, 47.6561202 ], [ 8.871295, 47.6560929 ], [ 8.8714614, 47.6560492 ], [ 8.8716089, 47.6560293 ], [ 8.8718915, 47.6560141 ], [ 8.8719999, 47.6559914 ], [ 8.872128, 47.6559737 ], [ 8.8721646, 47.6559734 ], [ 8.8722603, 47.6559726 ], [ 8.8725808, 47.6559974 ], [ 8.8726203, 47.6560043 ], [ 8.8726601, 47.6560038 ], [ 8.8726992, 47.6559949 ], [ 8.8727726, 47.6559602 ], [ 8.8729873, 47.6559367 ], [ 8.8730357, 47.6559434 ], [ 8.8730842, 47.6559659 ], [ 8.8731071, 47.6559749 ], [ 8.8731414, 47.6559812 ], [ 8.8732308, 47.6559827 ], [ 8.8732702, 47.6559744 ], [ 8.8733006, 47.6559561 ], [ 8.8733155, 47.6559366 ], [ 8.8733239, 47.6558986 ], [ 8.8734076, 47.6559039 ], [ 8.8734831, 47.6559581 ], [ 8.8735311, 47.6559743 ], [ 8.8735927, 47.6559759 ], [ 8.8736484, 47.6559605 ], [ 8.87369, 47.6559386 ], [ 8.8737264, 47.655935 ], [ 8.8737705, 47.6559593 ], [ 8.8738071, 47.6559887 ], [ 8.8738402, 47.6560087 ], [ 8.8738819, 47.6560227 ], [ 8.8739246, 47.6560308 ], [ 8.8739692, 47.6560313 ], [ 8.8740992, 47.6560052 ], [ 8.8741652, 47.6560029 ], [ 8.8742289, 47.6560129 ], [ 8.8744361, 47.6560787 ], [ 8.8744852, 47.6560924 ], [ 8.8745109, 47.6560959 ], [ 8.8745333, 47.6560989 ], [ 8.8747136, 47.6561 ], [ 8.8747453, 47.6561111 ], [ 8.8748036, 47.6561465 ], [ 8.8748731, 47.6561688 ], [ 8.8749205, 47.6561708 ], [ 8.8749666, 47.6561602 ], [ 8.8750136, 47.656148 ], [ 8.8750967, 47.656146 ], [ 8.8752135, 47.6561867 ], [ 8.8753525, 47.6561976 ], [ 8.8754222, 47.6562133 ], [ 8.8754283, 47.6562384 ], [ 8.8754565, 47.6562631 ], [ 8.8756976, 47.6562871 ], [ 8.8758293, 47.6562654 ], [ 8.8758514, 47.6562026 ], [ 8.8759959, 47.6561969 ], [ 8.8770669, 47.6562732 ], [ 8.877877, 47.6564421 ], [ 8.8785587, 47.6566325 ], [ 8.8789736, 47.65659 ], [ 8.8790747, 47.6565065 ], [ 8.8791338, 47.6563981 ], [ 8.8791424, 47.6561706 ], [ 8.8791104, 47.6560133 ], [ 8.8791445, 47.6558796 ], [ 8.8792206, 47.655792 ], [ 8.8792877, 47.655625 ], [ 8.879574, 47.6554868 ], [ 8.880109, 47.6554404 ], [ 8.8803178, 47.6554365 ], [ 8.880675, 47.6555145 ], [ 8.8809382, 47.6556375 ], [ 8.8811379, 47.6556246 ], [ 8.881436, 47.6557744 ], [ 8.8821035, 47.6558192 ], [ 8.8824992, 47.6558634 ], [ 8.8828268, 47.6558453 ], [ 8.8841658, 47.6556035 ], [ 8.8850839, 47.6553483 ], [ 8.8851376, 47.6552319 ], [ 8.8855535, 47.655076 ], [ 8.885825, 47.6551174 ], [ 8.8872551, 47.6547219 ], [ 8.8877254, 47.6544971 ], [ 8.8882866, 47.6545058 ], [ 8.8885981, 47.6545107 ], [ 8.8890933, 47.6544981 ], [ 8.8892549, 47.654494 ], [ 8.8893999, 47.6544748 ], [ 8.8895973, 47.6544175 ], [ 8.8899656, 47.6542737 ], [ 8.8901311, 47.654178 ], [ 8.8903189, 47.6540195 ], [ 8.8903687, 47.6539365 ], [ 8.8906691, 47.6536579 ], [ 8.8909397, 47.6535818 ], [ 8.8914896, 47.6534272 ], [ 8.891954, 47.6532084 ], [ 8.8922956, 47.6528011 ], [ 8.8925672, 47.6526219 ], [ 8.8928701, 47.6525018 ], [ 8.8929808, 47.6524709 ], [ 8.8935617, 47.6522743 ], [ 8.8942622, 47.6523063 ], [ 8.8945313, 47.6522468 ], [ 8.8945691, 47.6521034 ], [ 8.8949958, 47.652061 ], [ 8.8951294, 47.6521416 ], [ 8.8952357, 47.6521919 ], [ 8.8954197, 47.6522681 ], [ 8.8956179, 47.6523541 ], [ 8.8957662, 47.6523654 ], [ 8.8958566, 47.6523354 ], [ 8.8959871, 47.652214 ], [ 8.8960099, 47.6521544 ], [ 8.8961255, 47.6521935 ], [ 8.8961796, 47.6522175 ], [ 8.8962149, 47.6522231 ], [ 8.8962611, 47.652243 ], [ 8.8962841, 47.6522727 ], [ 8.8961584, 47.6522988 ], [ 8.896167, 47.6523265 ], [ 8.8961772, 47.652359 ], [ 8.8965447, 47.6525198 ], [ 8.8969524, 47.6525867 ], [ 8.8970999, 47.6526987 ], [ 8.8973149, 47.6527134 ], [ 8.8973866, 47.6526475 ], [ 8.8975398, 47.6526301 ], [ 8.8976916, 47.6526968 ], [ 8.8979247, 47.6527703 ], [ 8.8979826, 47.6528184 ], [ 8.8987491, 47.6532638 ], [ 8.8993596, 47.6535963 ], [ 8.8997428, 47.6536811 ], [ 8.9009139, 47.6544406 ], [ 8.9019434, 47.6547783 ], [ 8.9031873, 47.6547739 ], [ 8.9039752, 47.6549997 ], [ 8.9058428, 47.6551648 ], [ 8.9067621, 47.6553308 ], [ 8.9077217, 47.6554561 ], [ 8.9081116, 47.655409 ], [ 8.9084369, 47.6553954 ], [ 8.909171, 47.6556175 ], [ 8.9098501, 47.655511 ], [ 8.91047, 47.655389 ], [ 8.9110925, 47.6551304 ], [ 8.9114155, 47.6551787 ], [ 8.9118926, 47.6552548 ], [ 8.9124767, 47.655404 ], [ 8.9128916, 47.655561 ], [ 8.9131646, 47.65582 ], [ 8.9132906, 47.6560489 ], [ 8.9135564, 47.6562649 ], [ 8.9141935, 47.6564649 ], [ 8.9144664, 47.6567209 ], [ 8.9146251, 47.656895 ], [ 8.9149593, 47.6572618 ], [ 8.9159983, 47.6575209 ], [ 8.9169381, 47.6575638 ], [ 8.9174392, 47.6576817 ], [ 8.9179214, 47.6580936 ], [ 8.9186354, 47.6583989 ], [ 8.9195291, 47.6587364 ], [ 8.91985, 47.6588622 ], [ 8.9201652, 47.6589346 ], [ 8.9208722, 47.659097 ], [ 8.9214989, 47.6591274 ], [ 8.9220944, 47.659222 ], [ 8.9226072, 47.6593987 ], [ 8.9237026, 47.6598942 ], [ 8.9250392, 47.6602695 ], [ 8.9256031, 47.6602785 ], [ 8.9262332, 47.6603191 ], [ 8.9267714, 47.6602814 ], [ 8.9273732, 47.6603076 ], [ 8.9276473, 47.6602926 ], [ 8.9280399, 47.6601261 ], [ 8.9283237, 47.6599074 ], [ 8.9288294, 47.6595712 ], [ 8.9290021, 47.6593295 ], [ 8.9291548, 47.6592004 ], [ 8.9292782, 47.6591023 ], [ 8.9295214, 47.6590148 ], [ 8.9298623, 47.6588898 ], [ 8.9307254, 47.6587902 ], [ 8.9309886, 47.6589535 ], [ 8.9315756, 47.6590493 ], [ 8.9322915, 47.6589433 ], [ 8.9326259, 47.6589854 ], [ 8.9327251, 47.6590522 ], [ 8.9328271, 47.6590532 ], [ 8.9332573, 47.659065 ], [ 8.9341526, 47.6591283 ], [ 8.9342124, 47.6591475 ], [ 8.9343564, 47.6591937 ], [ 8.9345537, 47.659245 ], [ 8.9350781, 47.6593814 ], [ 8.935263, 47.6593999 ], [ 8.9353527, 47.6594142 ], [ 8.9354154, 47.6594284 ], [ 8.9354888, 47.6594417 ], [ 8.9357414, 47.6594745 ], [ 8.9358155, 47.6594688 ], [ 8.9359164, 47.6594611 ], [ 8.9360788, 47.6594266 ], [ 8.9367203, 47.6593216 ], [ 8.9371404, 47.6592306 ], [ 8.9374714, 47.6591721 ], [ 8.9380546, 47.6590616 ], [ 8.9381871, 47.6594489 ], [ 8.9382034, 47.6596243 ], [ 8.9382424, 47.6600447 ], [ 8.9384521, 47.660811 ], [ 8.9387879, 47.6613219 ], [ 8.9391323, 47.6616561 ], [ 8.9394858, 47.6618938 ], [ 8.9398635, 47.6620665 ], [ 8.9406344, 47.6620665 ], [ 8.9411279, 47.6625792 ], [ 8.9415104, 47.6629629 ], [ 8.942418, 47.6634828 ], [ 8.9436529, 47.6639684 ], [ 8.9449157, 47.6645247 ], [ 8.9462009, 47.6648766 ], [ 8.9465266, 47.6649658 ], [ 8.9474391, 47.6653268 ], [ 8.9481344, 47.6658513 ], [ 8.9486681, 47.6662491 ], [ 8.9491182, 47.666697 ], [ 8.9498317, 47.6672552 ], [ 8.950205, 47.6674936 ], [ 8.9506723, 47.6676356 ], [ 8.9509523, 47.6677757 ], [ 8.9516842, 47.6680117 ], [ 8.9527596, 47.6682454 ], [ 8.9529666, 47.6684412 ], [ 8.9534618, 47.6686301 ], [ 8.9539322, 47.6690055 ], [ 8.9543431, 47.6692847 ], [ 8.9553956, 47.6695679 ], [ 8.9559369, 47.6700191 ], [ 8.9562768, 47.6701884 ], [ 8.9567384, 47.6703502 ], [ 8.9569697, 47.6704673 ], [ 8.9574154, 47.6705885 ], [ 8.9577332, 47.6705903 ], [ 8.9578824, 47.6705814 ], [ 8.958165, 47.6706237 ], [ 8.9584524, 47.6706916 ], [ 8.9586474, 47.6707235 ], [ 8.9588918, 47.6707166 ], [ 8.9591202, 47.6707313 ], [ 8.9593542, 47.6707937 ], [ 8.9600671, 47.6710077 ], [ 8.9604104, 47.6711016 ], [ 8.960751, 47.6711431 ], [ 8.9612295, 47.6711937 ], [ 8.9616361, 47.6711919 ], [ 8.9622055, 47.6713515 ], [ 8.9624719, 47.6713209 ], [ 8.9627444, 47.6713603 ], [ 8.9632869, 47.6714262 ], [ 8.9635414, 47.6713953 ], [ 8.9635292, 47.6713762 ], [ 8.9635466, 47.6713518 ], [ 8.9636188, 47.6713318 ], [ 8.9639053, 47.6712912 ], [ 8.9639765, 47.671381 ], [ 8.9645436, 47.6713222 ], [ 8.9646648, 47.6713034 ], [ 8.9651391, 47.6712298 ], [ 8.965123, 47.6711576 ], [ 8.965697, 47.6710926 ], [ 8.9659384, 47.6710998 ], [ 8.9661423, 47.6711793 ], [ 8.9663461, 47.6713454 ], [ 8.9663085, 47.6714646 ], [ 8.9663911, 47.6714911 ], [ 8.9664173, 47.6715209 ], [ 8.9664488, 47.6715149 ], [ 8.9664893, 47.6715134 ], [ 8.9665424, 47.6715236 ], [ 8.9665797, 47.6715369 ], [ 8.9667153, 47.6716065 ], [ 8.9667694, 47.6716238 ], [ 8.9668264, 47.671634 ], [ 8.9668818, 47.6716402 ], [ 8.9671428, 47.6716264 ], [ 8.9675665, 47.6715459 ], [ 8.967934, 47.6715586 ], [ 8.9684179, 47.6716974 ], [ 8.9685911, 47.6718046 ], [ 8.9685713, 47.6719948 ], [ 8.9690665, 47.6719629 ], [ 8.9690853, 47.6719617 ], [ 8.9691066, 47.6719604 ], [ 8.9691634, 47.6719567 ], [ 8.9694974, 47.6720378 ], [ 8.9697325, 47.6721512 ], [ 8.9699822, 47.6721629 ], [ 8.9709728, 47.6719519 ], [ 8.9711552, 47.6719583 ], [ 8.9711378, 47.672101 ], [ 8.9712394, 47.6722476 ], [ 8.9713933, 47.6725623 ], [ 8.9715067, 47.6733159 ], [ 8.9725152, 47.6746163 ], [ 8.9731754, 47.6760897 ], [ 8.9743448, 47.6768915 ], [ 8.9754285, 47.6771877 ], [ 8.9776722, 47.6783423 ], [ 8.9790206, 47.6785802 ], [ 8.9790535, 47.678586 ], [ 8.9793083, 47.6785589 ], [ 8.9794973, 47.6784613 ], [ 8.9795455, 47.6784477 ], [ 8.9799234, 47.6784408 ], [ 8.9802722, 47.6785799 ], [ 8.9809415, 47.6788468 ], [ 8.9820254, 47.6793223 ], [ 8.9824139, 47.6793715 ], [ 8.9824923, 47.6794318 ], [ 8.9826393, 47.6794651 ], [ 8.9828034, 47.6795724 ], [ 8.9832924, 47.6797061 ], [ 8.9836673, 47.6797905 ], [ 8.9838926, 47.6798642 ], [ 8.9840133, 47.6800404 ], [ 8.9840464, 47.6802218 ], [ 8.9841347, 47.6802756 ], [ 8.9842536, 47.6802075 ], [ 8.984518, 47.6803968 ], [ 8.9848768, 47.6805944 ], [ 8.9852202, 47.6807368 ], [ 8.9858435, 47.6811296 ], [ 8.9859546, 47.6814146 ], [ 8.9861806, 47.6815361 ], [ 8.9864459, 47.681451 ], [ 8.9872038, 47.6817108 ], [ 8.9879481, 47.6818133 ], [ 8.988246, 47.6818213 ], [ 8.988562, 47.6818823 ], [ 8.9887047, 47.6819995 ], [ 8.9889192, 47.6819869 ], [ 8.9890029, 47.6818403 ], [ 8.9893929, 47.6817413 ], [ 8.991309, 47.6822547 ], [ 8.9915863, 47.6831664 ], [ 8.9919714, 47.683548 ], [ 8.9939944, 47.6844553 ], [ 8.9941167, 47.6845533 ], [ 8.9945761, 47.6849216 ], [ 8.9947476, 47.6850591 ], [ 8.9952486, 47.6852104 ], [ 8.9958886, 47.6852231 ], [ 8.9976519, 47.686699 ], [ 8.998275, 47.6868271 ], [ 8.998478, 47.6868689 ], [ 8.99914, 47.6873737 ], [ 8.9991374, 47.6875577 ], [ 8.9991319, 47.6879497 ], [ 9.0002955, 47.6891671 ], [ 9.0004224, 47.6893229 ], [ 9.0006972, 47.6896125 ], [ 9.0008951, 47.6898576 ], [ 9.0011448, 47.6901456 ], [ 9.001432, 47.6905363 ], [ 9.0016202, 47.6907441 ], [ 9.00189, 47.691341 ], [ 9.0024437, 47.691844 ], [ 9.0032821, 47.6921495 ], [ 9.00381, 47.6925203 ], [ 9.0044108, 47.6929417 ], [ 9.0044934, 47.6934025 ], [ 9.0063634, 47.6961578 ], [ 9.005771, 47.6972832 ], [ 9.005672, 47.6974713 ], [ 9.0024799, 47.7005208 ], [ 8.9975014, 47.703984 ], [ 8.9959189, 47.7050848 ], [ 8.9935899, 47.7067048 ], [ 8.9931338, 47.7068676 ], [ 8.9928688, 47.7069622 ], [ 8.9918192, 47.7071308 ], [ 8.9909831, 47.707332 ], [ 8.9877982, 47.7075795 ], [ 8.9842211, 47.7086493 ], [ 8.9791867, 47.7098082 ], [ 8.9735562, 47.7111454 ], [ 8.9724906, 47.7116227 ], [ 8.971978, 47.7120178 ], [ 8.9700294, 47.7133276 ], [ 8.9680175, 47.7146589 ], [ 8.9673608, 47.7148833 ], [ 8.9670693, 47.7148321 ], [ 8.9664329, 47.7150618 ], [ 8.9662563, 47.715232 ], [ 8.9655393, 47.7154856 ], [ 8.9655254, 47.7154904 ], [ 8.9652919, 47.7155798 ], [ 8.9652628, 47.7155909 ], [ 8.9652371, 47.7156007 ], [ 8.9650393, 47.7156693 ], [ 8.964867, 47.7157563 ], [ 8.96475, 47.715829 ], [ 8.9647339, 47.715839 ], [ 8.9644136, 47.7161577 ], [ 8.9643976, 47.7161736 ], [ 8.9644016, 47.7162919 ], [ 8.9640909, 47.7165397 ], [ 8.9636586, 47.7166308 ], [ 8.9633993, 47.7166167 ], [ 8.963318, 47.7164717 ], [ 8.9629477, 47.7165423 ], [ 8.9626815, 47.7167137 ], [ 8.9624321, 47.7168175 ], [ 8.9621799, 47.7169678 ], [ 8.9617008, 47.7171381 ], [ 8.9616402, 47.7171721 ], [ 8.9615793, 47.7172071 ], [ 8.9614362, 47.7173261 ], [ 8.9590782, 47.7183857 ], [ 8.9573697, 47.7192355 ], [ 8.9567797, 47.7194832 ], [ 8.9565852, 47.719568 ], [ 8.9563934, 47.7196086 ], [ 8.9561132, 47.7197223 ], [ 8.9560329, 47.7196164 ], [ 8.9559256, 47.7196552 ], [ 8.9559853, 47.7197337 ], [ 8.9557779, 47.7197981 ], [ 8.9557497, 47.7198324 ], [ 8.9556612, 47.7198649 ], [ 8.9556049, 47.7198631 ], [ 8.9554439, 47.7199136 ], [ 8.9553953, 47.719963 ], [ 8.9552864, 47.7198339 ], [ 8.9551687, 47.7199902 ], [ 8.954779, 47.7203021 ], [ 8.9544128, 47.720624 ], [ 8.9541865, 47.7207146 ], [ 8.9539688, 47.7207666 ], [ 8.9536279, 47.7207801 ], [ 8.9535334, 47.7207358 ], [ 8.9532842, 47.7208399 ], [ 8.9529118, 47.7208187 ], [ 8.9524649, 47.7208726 ], [ 8.95226, 47.7208137 ], [ 8.9520696, 47.7207589 ], [ 8.951133, 47.7208803 ], [ 8.9507621, 47.7209775 ], [ 8.9500817, 47.7211559 ], [ 8.9497265, 47.7213293 ], [ 8.9494974, 47.7213698 ], [ 8.9482566, 47.7218692 ], [ 8.9481721, 47.7218066 ], [ 8.9481291, 47.7218191 ], [ 8.9481549, 47.7219135 ], [ 8.9479, 47.7220648 ], [ 8.947509, 47.7221496 ], [ 8.9469203, 47.7223876 ], [ 8.9467499, 47.7223885 ], [ 8.9461839, 47.7225548 ], [ 8.9461623, 47.7225578 ], [ 8.9461312, 47.7225621 ], [ 8.9458671, 47.7225991 ], [ 8.9456317, 47.7225805 ], [ 8.9454152, 47.7226419 ], [ 8.9451952, 47.7226712 ], [ 8.9449806, 47.7227772 ], [ 8.9447697, 47.7228804 ], [ 8.9446215, 47.7230325 ], [ 8.9442422, 47.7232194 ], [ 8.9441024, 47.7232882 ], [ 8.9436668, 47.7235469 ], [ 8.9432312, 47.723656 ], [ 8.9426912, 47.7238737 ], [ 8.9422495, 47.7245217 ], [ 8.9417602, 47.7248717 ], [ 8.9412534, 47.725399 ], [ 8.9409676, 47.7264432 ], [ 8.9407268, 47.7266573 ], [ 8.9406883, 47.7267607 ], [ 8.940621, 47.7267957 ], [ 8.9403454, 47.7269833 ], [ 8.9403767, 47.7269868 ], [ 8.9404135, 47.7270108 ], [ 8.9404286, 47.7270569 ], [ 8.9404044, 47.7271125 ], [ 8.9403836, 47.7271162 ], [ 8.940365, 47.7271523 ], [ 8.9403914, 47.7272442 ], [ 8.9404339, 47.7272855 ], [ 8.9409055, 47.7274085 ], [ 8.9408847, 47.727438 ], [ 8.9402517, 47.7272722 ], [ 8.9399918, 47.7273851 ], [ 8.9398255, 47.7275978 ], [ 8.9398057, 47.7278826 ], [ 8.9396866, 47.7279182 ], [ 8.9397729, 47.7287483 ], [ 8.9398187, 47.7293075 ], [ 8.9398259, 47.7293958 ], [ 8.9402466, 47.7307338 ], [ 8.9405839, 47.7312968 ], [ 8.9407641, 47.7315975 ], [ 8.9410233, 47.7319475 ], [ 8.941135, 47.7322164 ], [ 8.9411206, 47.7323631 ], [ 8.9411059, 47.7325128 ], [ 8.9412096, 47.7326995 ], [ 8.941528, 47.7327673 ], [ 8.9419765, 47.7329702 ], [ 8.9422812, 47.7332263 ], [ 8.9425255, 47.7334854 ], [ 8.9427119, 47.7337463 ], [ 8.9429845, 47.7340093 ], [ 8.9434232, 47.73409 ], [ 8.9438137, 47.7341395 ], [ 8.9442405, 47.7341758 ], [ 8.9445463, 47.7342871 ], [ 8.9447954, 47.7344388 ], [ 8.9450079, 47.7344069 ], [ 8.9451298, 47.7345408 ], [ 8.9456131, 47.7347059 ], [ 8.9458858, 47.7348206 ], [ 8.9462474, 47.7349728 ], [ 8.9463053, 47.7350844 ], [ 8.9465953, 47.7353013 ], [ 8.9473892, 47.7355325 ], [ 8.9477339, 47.7354284 ], [ 8.9480636, 47.7353959 ], [ 8.9482736, 47.7354653 ], [ 8.9485227, 47.735609 ], [ 8.9487054, 47.7358456 ], [ 8.9488487, 47.7358948 ], [ 8.9491804, 47.7361381 ], [ 8.9495569, 47.7362148 ], [ 8.9497317, 47.7362634 ], [ 8.9500491, 47.7362786 ], [ 8.9504416, 47.7361352 ], [ 8.9514287, 47.7360463 ], [ 8.9516736, 47.7362443 ], [ 8.9520252, 47.7361397 ], [ 8.9524673, 47.7361207 ], [ 8.953065, 47.7364918 ], [ 8.9534073, 47.7364592 ], [ 8.953606, 47.7365386 ], [ 8.9538707, 47.7366864 ], [ 8.9539745, 47.7366962 ], [ 8.9540988, 47.7367019 ], [ 8.9542229, 47.7366956 ], [ 8.9545561, 47.7366271 ], [ 8.9547719, 47.7364891 ], [ 8.9552197, 47.7365207 ], [ 8.9555006, 47.736545 ], [ 8.9558973, 47.7365567 ], [ 8.9560547, 47.7366109 ], [ 8.956091, 47.7366502 ], [ 8.9564394, 47.7367986 ], [ 8.9567059, 47.7369367 ], [ 8.9568525, 47.736969 ], [ 8.9570163, 47.7369904 ], [ 8.9570582, 47.7369925 ], [ 8.9570804, 47.7369488 ], [ 8.957106, 47.7369394 ], [ 8.9571462, 47.7369448 ], [ 8.9571527, 47.7369618 ], [ 8.9571199, 47.7369809 ], [ 8.9573946, 47.7369934 ], [ 8.9577309, 47.7370356 ], [ 8.9582256, 47.7371104 ], [ 8.9586015, 47.7370912 ], [ 8.9590881, 47.7370214 ], [ 8.9593684, 47.7371077 ], [ 8.9595727, 47.7371673 ], [ 8.9599403, 47.7372199 ], [ 8.9603368, 47.7371371 ], [ 8.9605142, 47.7370524 ], [ 8.9608067, 47.7369922 ], [ 8.9610958, 47.736837 ], [ 8.9613266, 47.7366322 ], [ 8.9619992, 47.7362424 ], [ 8.9623582, 47.7360068 ], [ 8.9624634, 47.7360054 ], [ 8.9624908, 47.73602 ], [ 8.9624253, 47.7362013 ], [ 8.9624455, 47.7361972 ], [ 8.9624667, 47.7362014 ], [ 8.9626955, 47.7362414 ], [ 8.96272, 47.736241 ], [ 8.962766, 47.7362318 ], [ 8.9628532, 47.7362304 ], [ 8.962987, 47.7362643 ], [ 8.9631181, 47.7363588 ], [ 8.9632201, 47.7363869 ], [ 8.9633447, 47.7364273 ], [ 8.9635372, 47.7364536 ], [ 8.9637337, 47.7364883 ], [ 8.9640958, 47.7365376 ], [ 8.9643466, 47.7365545 ], [ 8.9643807, 47.7365875 ], [ 8.9645864, 47.7365701 ], [ 8.9646146, 47.7365677 ], [ 8.9646411, 47.73656 ], [ 8.9648064, 47.7365222 ], [ 8.9655331, 47.7363209 ], [ 8.9656067, 47.7362909 ], [ 8.9657424, 47.7362375 ], [ 8.9661391, 47.7360425 ], [ 8.9665313, 47.7358645 ], [ 8.9669361, 47.7357212 ], [ 8.9674681, 47.7356374 ], [ 8.9681824, 47.7354651 ], [ 8.968479, 47.7353151 ], [ 8.9686684, 47.7352025 ], [ 8.9687722, 47.7351243 ], [ 8.9688497, 47.7344928 ], [ 8.9688991, 47.7341438 ], [ 8.9689192, 47.734078 ], [ 8.9689615, 47.7340516 ], [ 8.9690009, 47.7340435 ], [ 8.9690463, 47.7340459 ], [ 8.9697746, 47.7339102 ], [ 8.9698095, 47.7338991 ], [ 8.9698527, 47.7339046 ], [ 8.9699266, 47.7338756 ], [ 8.9700354, 47.7338632 ], [ 8.9701976, 47.7338549 ], [ 8.9704008, 47.7338494 ], [ 8.9705959, 47.7338494 ], [ 8.9707334, 47.7338798 ], [ 8.9708382, 47.7339364 ], [ 8.9709059, 47.733982 ], [ 8.9709655, 47.7340496 ], [ 8.9710209, 47.734167 ], [ 8.9710974, 47.7342293 ], [ 8.9712964, 47.7343272 ], [ 8.9717732, 47.7345106 ], [ 8.9728072, 47.7349463 ], [ 8.9732082, 47.7351194 ], [ 8.9734992, 47.7352412 ], [ 8.9737929, 47.7353143 ], [ 8.9739056, 47.7353386 ], [ 8.9741041, 47.7353413 ], [ 8.9741607, 47.7353276 ], [ 8.9743039, 47.7353215 ], [ 8.974442, 47.735344 ], [ 8.9747688, 47.7352308 ], [ 8.9750849, 47.7351674 ], [ 8.9754307, 47.7350783 ], [ 8.9754958, 47.7350304 ], [ 8.9754558, 47.7349701 ], [ 8.9755404, 47.7349396 ], [ 8.9756248, 47.7350384 ], [ 8.9757613, 47.7349958 ], [ 8.9760276, 47.7348532 ], [ 8.9760968, 47.7348041 ], [ 8.9762097, 47.7348633 ], [ 8.9762975, 47.7348252 ], [ 8.976274, 47.7347971 ], [ 8.9762771, 47.7347725 ], [ 8.9762941, 47.7347516 ], [ 8.9763309, 47.7347446 ], [ 8.9762869, 47.7346629 ], [ 8.9763213, 47.7346499 ], [ 8.97641, 47.7347157 ], [ 8.9764827, 47.7346927 ], [ 8.9764514, 47.7346257 ], [ 8.9765216, 47.7346152 ], [ 8.9765646, 47.7345931 ], [ 8.9766428, 47.7345638 ], [ 8.9768748, 47.7343735 ], [ 8.9771122, 47.7342274 ], [ 8.9772758, 47.7341579 ], [ 8.9774528, 47.7341354 ], [ 8.9776929, 47.7340416 ], [ 8.9778793, 47.733982 ], [ 8.9780523, 47.7339378 ], [ 8.9787731, 47.7337029 ], [ 8.9790159, 47.7336681 ], [ 8.9793208, 47.7335737 ], [ 8.979378, 47.7335799 ], [ 8.9794685, 47.7335816 ], [ 8.9797126, 47.7335536 ], [ 8.9799446, 47.7334778 ], [ 8.980515, 47.733291 ], [ 8.9807077, 47.7332298 ], [ 8.9811047, 47.733161 ], [ 8.9813845, 47.733088 ], [ 8.9816336, 47.7329976 ], [ 8.9817811, 47.7329441 ], [ 8.9827376, 47.732648 ], [ 8.9831051, 47.7325179 ], [ 8.9832652, 47.7324865 ], [ 8.9834496, 47.7324196 ], [ 8.9835822, 47.7323825 ], [ 8.983657, 47.7323516 ], [ 8.9837126, 47.7322486 ], [ 8.9838795, 47.7321862 ], [ 8.9840108, 47.7321934 ], [ 8.9840444, 47.7321696 ], [ 8.9841329, 47.7321068 ], [ 8.9844481, 47.731927 ], [ 8.9846167, 47.7318369 ], [ 8.9846949, 47.7318229 ], [ 8.9847223, 47.7318077 ], [ 8.9847351, 47.7318006 ], [ 8.9851178, 47.7315886 ], [ 8.9856665, 47.7312845 ], [ 8.9857303, 47.7312487 ], [ 8.9858661, 47.7311727 ], [ 8.9870076, 47.7305798 ], [ 8.9871183, 47.7304655 ], [ 8.9876184, 47.7302134 ], [ 8.9879537, 47.7300673 ], [ 8.9881137, 47.730029 ], [ 8.9882157, 47.7299802 ], [ 8.9883017, 47.7299386 ], [ 8.988528, 47.7298746 ], [ 8.9887266, 47.7298282 ], [ 8.9889212, 47.7297889 ], [ 8.9889384, 47.729733 ], [ 8.9890334, 47.7297025 ], [ 8.9891265, 47.7297152 ], [ 8.9893106, 47.7296694 ], [ 8.9896894, 47.7296092 ], [ 8.9899055, 47.729658 ], [ 8.9900172, 47.7297065 ], [ 8.9903597, 47.7296543 ], [ 8.9904735, 47.7295641 ], [ 8.990727, 47.7294386 ], [ 8.9912647, 47.7291411 ], [ 8.9916156, 47.7289461 ], [ 8.9921959, 47.7286643 ], [ 8.9926385, 47.7282265 ], [ 8.9930029, 47.7277695 ], [ 8.9931624, 47.7276116 ], [ 8.9937277, 47.7273287 ], [ 8.9938169, 47.7272384 ], [ 8.9941205, 47.7272937 ], [ 8.9942848, 47.7273047 ], [ 8.9942607, 47.7272382 ], [ 8.9945236, 47.7271844 ], [ 8.9945593, 47.7272593 ], [ 8.994879, 47.727183 ], [ 8.9950235, 47.7272063 ], [ 8.9950821, 47.7271887 ], [ 8.9951775, 47.7271713 ], [ 8.9952445, 47.7271521 ], [ 8.9952746, 47.727106 ], [ 8.9954211, 47.7270337 ], [ 8.996262, 47.726822 ], [ 8.9966956, 47.7268056 ], [ 8.9972492, 47.7268341 ], [ 8.9976552, 47.7268457 ], [ 8.9979115, 47.7268864 ], [ 8.9980951, 47.7269298 ], [ 8.9982853, 47.7269329 ], [ 8.9985586, 47.7269319 ], [ 8.9988974, 47.7268689 ], [ 8.9991454, 47.7267722 ], [ 8.9993755, 47.726493 ], [ 8.9992699, 47.7261021 ], [ 8.9989593, 47.7260451 ], [ 8.9987542, 47.7261092 ], [ 8.9985753, 47.7261103 ], [ 8.9983968, 47.726095 ], [ 8.9984621, 47.7259005 ], [ 8.9987078, 47.7255933 ], [ 8.9990952, 47.7254189 ], [ 8.9994203, 47.7253859 ], [ 8.9997518, 47.7254598 ], [ 9.0001471, 47.7255631 ], [ 9.0004633, 47.7256674 ], [ 9.0006555, 47.7258857 ], [ 9.0008017, 47.7260266 ], [ 9.0012245, 47.726334 ], [ 9.001443, 47.7264412 ], [ 9.0018414, 47.726565 ], [ 9.0022416, 47.7265115 ], [ 9.0023878, 47.7266069 ], [ 9.0025756, 47.7267221 ], [ 9.0028185, 47.7267313 ], [ 9.0031264, 47.7266935 ], [ 9.0034299, 47.726639 ], [ 9.0038487, 47.7265414 ], [ 9.0042413, 47.7265145 ], [ 9.0044993, 47.7265406 ], [ 9.0048437, 47.7264728 ], [ 9.00529, 47.7264306 ], [ 9.0056761, 47.7263663 ], [ 9.0058188, 47.7262362 ], [ 9.0060151, 47.7261669 ], [ 9.0062508, 47.7260419 ], [ 9.0064807, 47.7257948 ], [ 9.0066847, 47.7255871 ], [ 9.0067663, 47.7254353 ], [ 9.0066916, 47.7252869 ], [ 9.0066878, 47.7251859 ], [ 9.006869, 47.7251142 ], [ 9.0068418, 47.7249772 ], [ 9.0067548, 47.7247897 ], [ 9.0065231, 47.7246984 ], [ 9.0061764, 47.7246091 ], [ 9.005923, 47.7245078 ], [ 9.0056757, 47.7244008 ], [ 9.005596, 47.7243122 ], [ 9.005409, 47.72422 ], [ 9.0053984, 47.7240981 ], [ 9.005619, 47.723955 ], [ 9.0059456, 47.7237701 ], [ 9.0061596, 47.7236902 ], [ 9.0064358, 47.7236505 ], [ 9.0067657, 47.723638 ], [ 9.0071982, 47.723727 ], [ 9.0074422, 47.7237863 ], [ 9.0077539, 47.7238528 ], [ 9.0081081, 47.7238675 ], [ 9.0082785, 47.723936 ], [ 9.0084314, 47.7240054 ], [ 9.0086947, 47.7240033 ], [ 9.0090023, 47.7239299 ], [ 9.0092857, 47.723803 ], [ 9.0095631, 47.7236771 ], [ 9.0099131, 47.7235245 ], [ 9.010037, 47.7234447 ], [ 9.010111, 47.7233384 ], [ 9.0099524, 47.723187 ], [ 9.0098825, 47.7229815 ], [ 9.0098454, 47.7226478 ], [ 9.0097244, 47.7224846 ], [ 9.0094101, 47.7224168 ], [ 9.0091189, 47.7223349 ], [ 9.0090057, 47.7222821 ], [ 9.008989, 47.72222 ], [ 9.0090471, 47.7221558 ], [ 9.0094493, 47.7220452 ], [ 9.0095412, 47.7219921 ], [ 9.0095878, 47.7219113 ], [ 9.0095765, 47.7217467 ], [ 9.0091843, 47.7216445 ], [ 9.0088913, 47.721528 ], [ 9.0088103, 47.7214325 ], [ 9.0088858, 47.7213278 ], [ 9.0090458, 47.7211346 ], [ 9.0093109, 47.7209831 ], [ 9.0095626, 47.720877 ], [ 9.0097842, 47.7207726 ], [ 9.0102862, 47.7206712 ], [ 9.0108035, 47.7205688 ], [ 9.0113598, 47.7204641 ], [ 9.0116227, 47.720402 ], [ 9.0121621, 47.7201845 ], [ 9.0125703, 47.720027 ], [ 9.0129419, 47.7199351 ], [ 9.0134882, 47.7198036 ], [ 9.0138047, 47.7197371 ], [ 9.0142857, 47.7197688 ], [ 9.0145481, 47.7197038 ], [ 9.0146649, 47.7197444 ], [ 9.0147811, 47.7199937 ], [ 9.0148137, 47.7201296 ], [ 9.0149148, 47.7202362 ], [ 9.0151535, 47.7204253 ], [ 9.015293, 47.7205031 ], [ 9.0155961, 47.7208004 ], [ 9.0155113, 47.7211765 ], [ 9.0156421, 47.7214199 ], [ 9.0156832, 47.7215868 ], [ 9.0157467, 47.7216693 ], [ 9.0157722, 47.7217886 ], [ 9.015728, 47.7219327 ], [ 9.0152744, 47.7222257 ], [ 9.0148053, 47.7226698 ], [ 9.0146765, 47.7228737 ], [ 9.014617, 47.7230717 ], [ 9.0146336, 47.7231606 ], [ 9.0144512, 47.7234601 ], [ 9.0143359, 47.7235107 ], [ 9.0139818, 47.723563 ], [ 9.0132228, 47.7237795 ], [ 9.0127882, 47.7241404 ], [ 9.0124932, 47.7244706 ], [ 9.0122652, 47.7248856 ], [ 9.012062, 47.7251122 ], [ 9.0117472, 47.7252873 ], [ 9.011203, 47.7255351 ], [ 9.0106532, 47.7257137 ], [ 9.0102428, 47.725896 ], [ 9.009701, 47.726338 ], [ 9.0096342, 47.7264481 ], [ 9.0094828, 47.7266598 ], [ 9.0089743, 47.7271119 ], [ 9.0084475, 47.7273522 ], [ 9.0080251, 47.7276167 ], [ 9.0074144, 47.7279212 ], [ 9.0070859, 47.7280746 ], [ 9.0066688, 47.7282586 ], [ 9.0064006, 47.7283371 ], [ 9.0062691, 47.7283524 ], [ 9.0061927, 47.7283524 ], [ 9.0061538, 47.7284174 ], [ 9.005899, 47.7285346 ], [ 9.0056522, 47.7286239 ], [ 9.0052968, 47.7286303 ], [ 9.0051882, 47.7286474 ], [ 9.0049401, 47.7287764 ], [ 9.0048936, 47.7287979 ], [ 9.0039854, 47.7291767 ], [ 9.0034134, 47.7294851 ], [ 9.0032459, 47.7295438 ], [ 9.0030513, 47.7297219 ], [ 9.0022357, 47.7301947 ], [ 9.0017392, 47.7307323 ], [ 9.0013143, 47.7313326 ], [ 9.0010974, 47.7317748 ], [ 9.0009161, 47.7323608 ], [ 9.0008482, 47.7326795 ], [ 9.0008693, 47.7330305 ], [ 9.0005181, 47.7333937 ], [ 9.0003205, 47.7337363 ], [ 9.000334, 47.7338133 ], [ 9.0003144, 47.7338771 ], [ 9.0002182, 47.7339261 ], [ 9.0000015, 47.7339278 ], [ 8.9997884, 47.7339065 ], [ 8.9993162, 47.7337214 ], [ 8.9991229, 47.7337172 ], [ 8.9982295, 47.733845 ], [ 8.9974595, 47.7338423 ], [ 8.9971333, 47.7339249 ], [ 8.9948753, 47.7342018 ], [ 8.9923825, 47.7344054 ], [ 8.9918743, 47.7343267 ], [ 8.9905439, 47.7346374 ], [ 8.9903215, 47.734748 ], [ 8.9897124, 47.7348715 ], [ 8.9891903, 47.7350471 ], [ 8.9886318, 47.7353147 ], [ 8.987595, 47.7357234 ], [ 8.9867476, 47.736044 ], [ 8.986717, 47.7361221 ], [ 8.9865273, 47.7362818 ], [ 8.9863816, 47.736438 ], [ 8.9862209, 47.7365893 ], [ 8.9860634, 47.7367477 ], [ 8.9860296, 47.7368213 ], [ 8.9859347, 47.7369966 ], [ 8.9858709, 47.7370634 ], [ 8.9858546, 47.7372138 ], [ 8.9859053, 47.737337 ], [ 8.986015, 47.7374629 ], [ 8.9860596, 47.7376351 ], [ 8.9860663, 47.7377243 ], [ 8.9859996, 47.7378561 ], [ 8.9858573, 47.7380119 ], [ 8.9857274, 47.7381616 ], [ 8.985687, 47.7382067 ], [ 8.9856073, 47.7382067 ], [ 8.9853237, 47.738406 ], [ 8.9851311, 47.7386368 ], [ 8.9846986, 47.7387512 ], [ 8.9842167, 47.7388351 ], [ 8.9840248, 47.7388922 ], [ 8.9840156, 47.7389205 ], [ 8.9838893, 47.7389865 ], [ 8.9838393, 47.7390639 ], [ 8.9837437, 47.7391255 ], [ 8.9836722, 47.7391925 ], [ 8.983541, 47.739349 ], [ 8.9834745, 47.739449 ], [ 8.983396, 47.7395161 ], [ 8.9833086, 47.7395092 ], [ 8.9833048, 47.7395184 ], [ 8.9833689, 47.739583 ], [ 8.983279, 47.7398388 ], [ 8.9831915, 47.7399746 ], [ 8.9831307, 47.7401525 ], [ 8.9830943, 47.7403326 ], [ 8.9831029, 47.7404161 ], [ 8.9831363, 47.7405928 ], [ 8.9832065, 47.7408263 ], [ 8.9831881, 47.7409252 ], [ 8.9832969, 47.7410665 ], [ 8.9834834, 47.7413335 ], [ 8.9835907, 47.7414835 ], [ 8.9836158, 47.7415733 ], [ 8.9837174, 47.7416555 ], [ 8.9838122, 47.7417154 ], [ 8.9840983, 47.7419348 ], [ 8.9841165, 47.7419742 ], [ 8.9840788, 47.7420084 ], [ 8.984149, 47.7420592 ], [ 8.9842181, 47.7420227 ], [ 8.9843511, 47.7420971 ], [ 8.9844593, 47.7421412 ], [ 8.9848001, 47.7423499 ], [ 8.9849765, 47.7424689 ], [ 8.9852158, 47.7426427 ], [ 8.985468, 47.7427749 ], [ 8.9855994, 47.742748 ], [ 8.9858008, 47.7427789 ], [ 8.9860036, 47.7428425 ], [ 8.9861991, 47.7429339 ], [ 8.9862629, 47.7430214 ], [ 8.9867067, 47.7431654 ], [ 8.9869643, 47.7432259 ], [ 8.987138, 47.7432538 ], [ 8.9874516, 47.7433242 ], [ 8.9878913, 47.7433065 ], [ 8.9884467, 47.7433612 ], [ 8.9886364, 47.7433984 ], [ 8.9887891, 47.7434846 ], [ 8.9888532, 47.7434413 ], [ 8.9889814, 47.7434238 ], [ 8.9890557, 47.7434234 ], [ 8.9891282, 47.7434522 ], [ 8.9892569, 47.7435011 ], [ 8.9895479, 47.7434639 ], [ 8.9896112, 47.7434422 ], [ 8.9897376, 47.7434397 ], [ 8.9900008, 47.7434535 ], [ 8.9902827, 47.7433756 ], [ 8.990488, 47.7432926 ], [ 8.9907252, 47.7431836 ], [ 8.9908906, 47.7431157 ], [ 8.9910457, 47.7430761 ], [ 8.9913583, 47.742996 ], [ 8.9915017, 47.7429932 ], [ 8.9916388, 47.743016 ], [ 8.9917689, 47.7429832 ], [ 8.9918858, 47.7429854 ], [ 8.9920242, 47.7429365 ], [ 8.9921548, 47.7429377 ], [ 8.9923062, 47.7429667 ], [ 8.9925264, 47.7430352 ], [ 8.9925453, 47.7430895 ], [ 8.9926257, 47.74311 ], [ 8.9926878, 47.743098 ], [ 8.9931764, 47.7431929 ], [ 8.9933333, 47.7431625 ], [ 8.9934834, 47.7431351 ], [ 8.993659, 47.7430976 ], [ 8.9938533, 47.7430864 ], [ 8.9939509, 47.7431158 ], [ 8.9940097, 47.7431159 ], [ 8.9941392, 47.7431883 ], [ 8.9944031, 47.7432388 ], [ 8.9945622, 47.7431987 ], [ 8.9948535, 47.7430851 ], [ 8.9949742, 47.7429814 ], [ 8.9950561, 47.7429254 ], [ 8.9951392, 47.742897 ], [ 8.9952858, 47.7428893 ], [ 8.9953342, 47.7428382 ], [ 8.995459, 47.7427749 ], [ 8.9957273, 47.7426926 ], [ 8.9959988, 47.7426763 ], [ 8.9962965, 47.7425205 ], [ 8.9964603, 47.7423287 ], [ 8.9966505, 47.7421904 ], [ 8.9972142, 47.7421128 ], [ 8.9978233, 47.7415385 ], [ 8.9981298, 47.7412844 ], [ 8.9982059, 47.7411641 ], [ 8.9985018, 47.7409243 ], [ 8.9986395, 47.7406993 ], [ 8.9987479, 47.7406311 ], [ 8.9989307, 47.7404103 ], [ 8.9992402, 47.7403207 ], [ 8.9993632, 47.7402547 ], [ 8.9994356, 47.7401777 ], [ 8.999537, 47.7401461 ], [ 8.9996807, 47.7399323 ], [ 8.9998501, 47.7396383 ], [ 8.9999736, 47.7394844 ], [ 9.0002527, 47.73934 ], [ 9.0004009, 47.7391932 ], [ 9.00044, 47.7391815 ], [ 9.0005251, 47.7390889 ], [ 9.0004406, 47.7390853 ], [ 9.0005563, 47.7389815 ], [ 9.0009313, 47.7388689 ], [ 9.0010652, 47.7388364 ], [ 9.001228, 47.7384706 ], [ 9.0013776, 47.7382461 ], [ 9.0015945, 47.7380139 ], [ 9.0019278, 47.7378081 ], [ 9.0020596, 47.7377332 ], [ 9.0021114, 47.7377221 ], [ 9.0022287, 47.7377135 ], [ 9.002286, 47.7376993 ], [ 9.00234, 47.737686 ], [ 9.0023497, 47.7376531 ], [ 9.0024805, 47.7376269 ], [ 9.0026315, 47.7376226 ], [ 9.0028964, 47.737682 ], [ 9.0031374, 47.7375538 ], [ 9.0031147, 47.7374925 ], [ 9.003415, 47.7373283 ], [ 9.003643, 47.7369661 ], [ 9.0048392, 47.7362972 ], [ 9.0050212, 47.7362169 ], [ 9.0053227, 47.7362264 ], [ 9.0063147, 47.7356626 ], [ 9.0071768, 47.7358827 ], [ 9.0078644, 47.7357796 ], [ 9.0085519, 47.7356297 ], [ 9.0090054, 47.7355302 ], [ 9.0098359, 47.7351516 ], [ 9.0102026, 47.7348877 ], [ 9.0107656, 47.7345813 ], [ 9.0111153, 47.7344075 ], [ 9.011144, 47.73428 ], [ 9.0123232, 47.7334628 ], [ 9.0124435, 47.7333711 ], [ 9.0127004, 47.733154 ], [ 9.0129908, 47.732984 ], [ 9.0134361, 47.7327871 ], [ 9.0135936, 47.7327012 ], [ 9.0138256, 47.7326308 ], [ 9.0141, 47.7325351 ], [ 9.0141158, 47.7325286 ], [ 9.0143258, 47.7324326 ], [ 9.0146184, 47.7322988 ], [ 9.0146394, 47.7322911 ], [ 9.0146994, 47.7322676 ], [ 9.0151241, 47.7321043 ], [ 9.0155066, 47.7319003 ], [ 9.0156891, 47.7318095 ], [ 9.0159395, 47.731655 ], [ 9.0161338, 47.7315143 ], [ 9.016263, 47.7314487 ], [ 9.0164574, 47.7313609 ], [ 9.0167561, 47.7312776 ], [ 9.0168958, 47.7312363 ], [ 9.0170476, 47.7312129 ], [ 9.0171581, 47.7312638 ], [ 9.0176296, 47.7312941 ], [ 9.0177794, 47.7313337 ], [ 9.0188897, 47.7312203 ], [ 9.0195078, 47.7308344 ], [ 9.0194717, 47.730777 ], [ 9.019599, 47.7306579 ], [ 9.0196418, 47.7305765 ], [ 9.019691, 47.7304828 ], [ 9.0197636, 47.7302979 ], [ 9.0197439, 47.7300793 ], [ 9.0194888, 47.7300853 ], [ 9.0200704, 47.7298176 ], [ 9.0205987, 47.729754 ], [ 9.0207061, 47.7297816 ], [ 9.020924, 47.7297183 ], [ 9.021132, 47.7295784 ], [ 9.0216502, 47.7293041 ], [ 9.0218246, 47.7292108 ], [ 9.022175, 47.7289906 ], [ 9.0229659, 47.7286035 ], [ 9.0236414, 47.7283406 ], [ 9.023898, 47.7282929 ], [ 9.0243446, 47.7282658 ], [ 9.0247482, 47.7282992 ], [ 9.0255404, 47.7283173 ], [ 9.0260102, 47.7282658 ], [ 9.0263872, 47.7281888 ], [ 9.0268384, 47.7280415 ], [ 9.0271032, 47.727942 ], [ 9.0273998, 47.7277764 ], [ 9.0277711, 47.7276018 ], [ 9.0281761, 47.7274386 ], [ 9.0282917, 47.7274205 ], [ 9.0288104, 47.7274197 ], [ 9.0298082, 47.7272897 ], [ 9.0302256, 47.7272964 ], [ 9.0303554, 47.7273231 ], [ 9.0303782, 47.7273502 ], [ 9.0305364, 47.7273836 ], [ 9.0306464, 47.7273655 ], [ 9.0308824, 47.7273836 ], [ 9.0312727, 47.7272825 ], [ 9.0315758, 47.7272392 ], [ 9.0318279, 47.7272609 ], [ 9.0322343, 47.7272654 ], [ 9.0323898, 47.7272943 ], [ 9.0325696, 47.727297 ], [ 9.0326943, 47.7272663 ], [ 9.0328696, 47.7271983 ], [ 9.0331476, 47.7270056 ], [ 9.0333992, 47.7268318 ], [ 9.0336719, 47.7268224 ], [ 9.0340957, 47.7267349 ], [ 9.0342754, 47.7267304 ], [ 9.034309, 47.7267466 ], [ 9.0343023, 47.7268224 ], [ 9.0344873, 47.7268774 ], [ 9.0347515, 47.7268413 ], [ 9.0349232, 47.72678 ], [ 9.0350787, 47.7266516 ], [ 9.0350828, 47.7266483 ], [ 9.0357566, 47.7264186 ], [ 9.0358056, 47.7263271 ], [ 9.0361039, 47.7261339 ], [ 9.0363042, 47.7260151 ], [ 9.0366524, 47.7257846 ], [ 9.0368423, 47.7256032 ], [ 9.0369164, 47.7254683 ], [ 9.0369713, 47.7252425 ], [ 9.0370262, 47.7250009 ], [ 9.03699, 47.7248567 ], [ 9.0370344, 47.724781 ], [ 9.0370506, 47.7246495 ], [ 9.0370456, 47.7244669 ], [ 9.0370871, 47.7243785 ], [ 9.036969, 47.724188 ], [ 9.0369967, 47.7240452 ], [ 9.0371618, 47.7238793 ], [ 9.0373269, 47.723761 ], [ 9.0375155, 47.7236516 ], [ 9.0377207, 47.7235537 ], [ 9.0381122, 47.7234143 ], [ 9.0385185, 47.7232531 ], [ 9.0387903, 47.7231888 ], [ 9.0392312, 47.7231798 ], [ 9.0394014, 47.7232032 ], [ 9.0398158, 47.7231911 ], [ 9.0398099, 47.7232163 ], [ 9.0398461, 47.7232357 ], [ 9.0398161, 47.7234072 ], [ 9.0398805, 47.723408 ], [ 9.0399205, 47.7233108 ], [ 9.0400027, 47.723312 ], [ 9.0400057, 47.7232505 ], [ 9.0401712, 47.7232706 ], [ 9.0402499, 47.7233953 ], [ 9.0403215, 47.7233665 ], [ 9.0404043, 47.723308 ], [ 9.0406014, 47.723233 ], [ 9.0407862, 47.7232598 ], [ 9.0412055, 47.7232164 ], [ 9.0417853, 47.7231455 ], [ 9.0423604, 47.7230492 ], [ 9.0428852, 47.7229393 ], [ 9.0435194, 47.7227991 ], [ 9.0438283, 47.7227295 ], [ 9.0441771, 47.7226258 ], [ 9.0451114, 47.7224017 ], [ 9.0459793, 47.7223145 ], [ 9.0473913, 47.7215596 ], [ 9.0487318, 47.7207599 ], [ 9.0503059, 47.7200415 ], [ 9.0513801, 47.7196695 ], [ 9.0524774, 47.7194275 ], [ 9.0536272, 47.7191482 ], [ 9.055942, 47.7183623 ], [ 9.0564891, 47.7180655 ], [ 9.0573102, 47.7177191 ], [ 9.0584801, 47.7172096 ], [ 9.0590706, 47.7171128 ], [ 9.059497, 47.7170005 ], [ 9.0607755, 47.7166146 ], [ 9.0615329, 47.7163468 ], [ 9.0617511, 47.716299 ], [ 9.0618507, 47.7162715 ], [ 9.0626, 47.7160377 ], [ 9.0626964, 47.7160153 ], [ 9.0629901, 47.7159259 ], [ 9.0631806, 47.715835 ], [ 9.0636345, 47.7157038 ], [ 9.0640159, 47.7155588 ], [ 9.0639726, 47.7154972 ], [ 9.0641919, 47.7154631 ], [ 9.0641141, 47.715314 ], [ 9.0641454, 47.7153067 ], [ 9.0640529, 47.7151291 ], [ 9.064099, 47.7151173 ], [ 9.0642222, 47.7153768 ], [ 9.0643306, 47.715571 ], [ 9.0643849, 47.715632 ], [ 9.0648115, 47.7155358 ], [ 9.0648995, 47.715516 ], [ 9.0650521, 47.7154067 ], [ 9.0651373, 47.7152802 ], [ 9.0652475, 47.7152154 ], [ 9.0654703, 47.7151336 ], [ 9.0658326, 47.7150064 ], [ 9.0660869, 47.7149116 ], [ 9.0663917, 47.7147907 ], [ 9.0665997, 47.7146425 ], [ 9.0668109, 47.7145062 ], [ 9.0670843, 47.7144995 ], [ 9.0673448, 47.7144169 ], [ 9.067527, 47.7140647 ], [ 9.0676054, 47.7136933 ], [ 9.0678865, 47.7134566 ], [ 9.0678798, 47.7134304 ], [ 9.0678818, 47.7133785 ], [ 9.0678898, 47.7133017 ], [ 9.0679001, 47.7132437 ], [ 9.0679291, 47.7131058 ], [ 9.0679734, 47.7130329 ], [ 9.0679579, 47.7129424 ], [ 9.0680188, 47.7128418 ], [ 9.0682026, 47.7127976 ], [ 9.0682344, 47.7127074 ], [ 9.0682083, 47.7126174 ], [ 9.0683416, 47.7125217 ], [ 9.0684273, 47.712536 ], [ 9.0684897, 47.7124922 ], [ 9.0687401, 47.7124702 ], [ 9.0692662, 47.7124461 ], [ 9.0695018, 47.7124242 ], [ 9.0698386, 47.712409 ], [ 9.0705019, 47.7123352 ], [ 9.0709031, 47.7123293 ], [ 9.0712939, 47.7123442 ], [ 9.0715796, 47.7122828 ], [ 9.0717888, 47.7122955 ], [ 9.0720945, 47.7122711 ], [ 9.0723869, 47.712207 ], [ 9.0726913, 47.7121132 ], [ 9.0731355, 47.71195 ], [ 9.0733002, 47.7118334 ], [ 9.0734412, 47.7116712 ], [ 9.0736392, 47.7115619 ], [ 9.0738461, 47.7116188 ], [ 9.0740969, 47.7117297 ], [ 9.0744622, 47.7115228 ], [ 9.0759188, 47.7106603 ], [ 9.0768703, 47.7104415 ], [ 9.0771654, 47.710431 ], [ 9.0774281, 47.7103359 ], [ 9.0785814, 47.7099125 ], [ 9.0790708, 47.7096905 ], [ 9.0799332, 47.70949 ], [ 9.0803502, 47.7091521 ], [ 9.0805069, 47.7090572 ], [ 9.0808342, 47.7088866 ], [ 9.0817829, 47.7086054 ], [ 9.0824429, 47.7084676 ], [ 9.082623, 47.70843 ], [ 9.0840102, 47.7081726 ], [ 9.0858153, 47.7082415 ], [ 9.0883163, 47.7076582 ], [ 9.089154, 47.7077522 ], [ 9.0903544, 47.7071808 ], [ 9.0918713, 47.7070511 ], [ 9.0926231, 47.7065886 ], [ 9.0937041, 47.7062157 ], [ 9.0936989, 47.7057334 ], [ 9.0938017, 47.7055731 ], [ 9.0940914, 47.7055056 ], [ 9.0943408, 47.7055038 ], [ 9.0944624, 47.7054086 ], [ 9.0945634, 47.7052204 ], [ 9.0943663, 47.7050309 ], [ 9.0942791, 47.7049091 ], [ 9.0943126, 47.7048125 ], [ 9.0944303, 47.7047077 ], [ 9.0952294, 47.7041259 ], [ 9.0953422, 47.7040678 ], [ 9.0960307, 47.7037134 ], [ 9.0966778, 47.7035124 ], [ 9.0968381, 47.7033287 ], [ 9.0970688, 47.7032596 ], [ 9.0972002, 47.7032951 ], [ 9.0973387, 47.7033228 ], [ 9.0976905, 47.7032838 ], [ 9.0979257, 47.7033013 ], [ 9.0982389, 47.703456 ], [ 9.0985827, 47.7031938 ], [ 9.0994273, 47.703182 ], [ 9.0998421, 47.702829 ], [ 9.1001545, 47.7026604 ], [ 9.1004963, 47.7024759 ], [ 9.1013707, 47.7018949 ], [ 9.1014256, 47.7015581 ], [ 9.1017717, 47.701356 ], [ 9.102245, 47.7009586 ], [ 9.1022835, 47.7006662 ], [ 9.1017116, 47.7004997 ], [ 9.1017501, 47.7004035 ], [ 9.102179, 47.7002147 ], [ 9.1021351, 47.6998371 ], [ 9.1023243, 47.6994476 ], [ 9.1032268, 47.6993661 ], [ 9.1031773, 47.6988675 ], [ 9.1034952, 47.6984508 ], [ 9.1040627, 47.6980896 ], [ 9.1038744, 47.6976641 ], [ 9.1040099, 47.6974353 ], [ 9.1042738, 47.6971244 ], [ 9.1046873, 47.6972398 ], [ 9.1049381, 47.6971125 ], [ 9.1051097, 47.696846 ], [ 9.1048976, 47.6966978 ], [ 9.104695, 47.6964483 ], [ 9.1047874, 47.6963389 ], [ 9.1053428, 47.6964226 ], [ 9.1054572, 47.6962627 ], [ 9.1050101, 47.6961228 ], [ 9.1049029, 47.6959963 ], [ 9.1052196, 47.6958778 ], [ 9.1052768, 47.6957653 ], [ 9.1055276, 47.6957002 ], [ 9.1056151, 47.695464 ], [ 9.1059323, 47.6955255 ], [ 9.1062094, 47.695564 ], [ 9.1065799, 47.6950996 ], [ 9.1063464, 47.6949525 ], [ 9.1061425, 47.6946347 ], [ 9.1064859, 47.6945047 ], [ 9.1064751, 47.6942448 ], [ 9.1061962, 47.6939631 ], [ 9.1063679, 47.6938115 ], [ 9.1062498, 47.6934865 ], [ 9.1062284, 47.6931616 ], [ 9.1063571, 47.6929449 ], [ 9.106797, 47.6928727 ], [ 9.1070867, 47.6929305 ], [ 9.1072262, 47.6927427 ], [ 9.1073442, 47.6925838 ], [ 9.1074193, 47.6923961 ], [ 9.107548, 47.6921072 ], [ 9.1075373, 47.6919989 ], [ 9.1076725, 47.6917985 ], [ 9.107945, 47.6916811 ], [ 9.1079879, 47.6915222 ], [ 9.1079826, 47.6912482 ], [ 9.1081488, 47.6911395 ], [ 9.1083849, 47.6910239 ], [ 9.1083098, 47.6909228 ], [ 9.1083956, 47.6908217 ], [ 9.1087711, 47.6904606 ], [ 9.1089964, 47.6903956 ], [ 9.1092432, 47.6902223 ], [ 9.1092539, 47.6900201 ], [ 9.1090501, 47.6898178 ], [ 9.1090822, 47.6900417 ], [ 9.108814, 47.6903089 ], [ 9.1086316, 47.6903451 ], [ 9.1083741, 47.6903595 ], [ 9.1085458, 47.6902945 ], [ 9.1088462, 47.6902078 ], [ 9.1089964, 47.6900056 ], [ 9.108932, 47.6898973 ], [ 9.1089213, 47.6897167 ], [ 9.1084922, 47.689659 ], [ 9.1083741, 47.6897673 ], [ 9.1084063, 47.6899478 ], [ 9.1082132, 47.6901284 ], [ 9.1083312, 47.6898828 ], [ 9.1082776, 47.689789 ], [ 9.1081703, 47.6898251 ], [ 9.108181, 47.6899912 ], [ 9.1080201, 47.6902151 ], [ 9.1077197, 47.6904751 ], [ 9.1070602, 47.6907481 ], [ 9.1068506, 47.6909084 ], [ 9.1066575, 47.6910311 ], [ 9.1064, 47.6908506 ], [ 9.1062987, 47.6906487 ], [ 9.105928, 47.6904895 ], [ 9.1055095, 47.6903739 ], [ 9.1051769, 47.6904317 ], [ 9.1049409, 47.6905256 ], [ 9.10478, 47.6904245 ], [ 9.1046834, 47.6903017 ], [ 9.1046191, 47.6901428 ], [ 9.1047478, 47.6900634 ], [ 9.1049516, 47.6900273 ], [ 9.1050375, 47.6899262 ], [ 9.1049979, 47.6898048 ], [ 9.1052199, 47.6896301 ], [ 9.1055095, 47.6893213 ], [ 9.1057348, 47.6892545 ], [ 9.1058874, 47.6891254 ], [ 9.1061131, 47.6890878 ], [ 9.1059853, 47.6889565 ], [ 9.10606, 47.6888939 ], [ 9.1062713, 47.6888809 ], [ 9.1063344, 47.6887761 ], [ 9.1064997, 47.6887116 ], [ 9.1067318, 47.6886019 ], [ 9.1069284, 47.6885318 ], [ 9.107007, 47.6882984 ], [ 9.10712, 47.6881823 ], [ 9.107182, 47.6881189 ], [ 9.1071583, 47.6880178 ], [ 9.1071277, 47.6879316 ], [ 9.1072484, 47.6878813 ], [ 9.1074191, 47.6878724 ], [ 9.1074955, 47.6879521 ], [ 9.1076515, 47.6879699 ], [ 9.1078012, 47.6879478 ], [ 9.1078469, 47.6878547 ], [ 9.107874, 47.68773 ], [ 9.1077238, 47.6876743 ], [ 9.1075986, 47.6875687 ], [ 9.1074095, 47.6875786 ], [ 9.1071067, 47.6875812 ], [ 9.1069841, 47.6875204 ], [ 9.1068909, 47.6875252 ], [ 9.1067393, 47.6876008 ], [ 9.106565, 47.6877435 ], [ 9.1063705, 47.6877811 ], [ 9.1061287, 47.6877622 ], [ 9.1059515, 47.6876005 ], [ 9.1058265, 47.6874809 ], [ 9.1057601, 47.6873731 ], [ 9.1059709, 47.6873627 ], [ 9.1060996, 47.6873699 ], [ 9.1061855, 47.6873193 ], [ 9.1063497, 47.6872851 ], [ 9.1064989, 47.6873094 ], [ 9.1067326, 47.6872904 ], [ 9.1070867, 47.687341 ], [ 9.1072798, 47.6873554 ], [ 9.1074515, 47.687341 ], [ 9.1074193, 47.687146 ], [ 9.1067017, 47.6871121 ], [ 9.1053328, 47.687062 ], [ 9.1029497, 47.6869005 ], [ 9.1030114, 47.6870988 ], [ 9.1029816, 47.6872686 ], [ 9.1032402, 47.6873297 ], [ 9.1033282, 47.6874334 ], [ 9.1034294, 47.6873712 ], [ 9.1036801, 47.6874215 ], [ 9.1037065, 47.6875056 ], [ 9.1039992, 47.6875978 ], [ 9.1041596, 47.6874867 ], [ 9.1043244, 47.6873859 ], [ 9.1044016, 47.6874364 ], [ 9.1045467, 47.6874571 ], [ 9.1044906, 47.6875298 ], [ 9.104472, 47.68762 ], [ 9.104346, 47.6876481 ], [ 9.1042916, 47.6877384 ], [ 9.1042633, 47.6879536 ], [ 9.1043232, 47.6881446 ], [ 9.1043232, 47.6882129 ], [ 9.1044291, 47.6883054 ], [ 9.1044638, 47.688347 ], [ 9.1044709, 47.688371 ], [ 9.1044505, 47.6884028 ], [ 9.1043874, 47.688457 ], [ 9.1043643, 47.6885198 ], [ 9.104414, 47.6885947 ], [ 9.1044582, 47.6886068 ], [ 9.1044956, 47.6886414 ], [ 9.1045064, 47.6886913 ], [ 9.1045041, 47.6887816 ], [ 9.1044525, 47.6888664 ], [ 9.1044707, 47.6889176 ], [ 9.1045715, 47.6890742 ], [ 9.1045774, 47.6891384 ], [ 9.1045519, 47.6892094 ], [ 9.1045116, 47.6892387 ], [ 9.1044486, 47.6892587 ], [ 9.1043693, 47.6892487 ], [ 9.1042792, 47.6892171 ], [ 9.1041594, 47.6892951 ], [ 9.1041189, 47.6893172 ], [ 9.1041416, 47.6893803 ], [ 9.1041509, 47.6894322 ], [ 9.104112, 47.689487 ], [ 9.1039835, 47.6894978 ], [ 9.1038746, 47.6895314 ], [ 9.1038023, 47.6895797 ], [ 9.1036832, 47.6895696 ], [ 9.1035197, 47.6894307 ], [ 9.1032138, 47.6888537 ], [ 9.1028504, 47.6882045 ], [ 9.1017425, 47.6873931 ], [ 9.1011966, 47.6872042 ], [ 9.1006546, 47.6870907 ], [ 9.0999603, 47.6870766 ], [ 9.0992659, 47.687138 ], [ 9.0978887, 47.6875718 ], [ 9.0953097, 47.6887577 ], [ 9.0944448, 47.6889444 ], [ 9.0942995, 47.6893316 ], [ 9.0936164, 47.6893115 ], [ 9.0920622, 47.688917 ], [ 9.0916931, 47.6887686 ], [ 9.0917368, 47.6882833 ], [ 9.0913399, 47.6875601 ], [ 9.0913204, 47.6874582 ], [ 9.0913573, 47.6873562 ], [ 9.0914551, 47.6873356 ], [ 9.0915461, 47.6872967 ], [ 9.0914555, 47.6872617 ], [ 9.0914295, 47.6872447 ], [ 9.0915027, 47.6870546 ], [ 9.0915507, 47.6869299 ], [ 9.0917037, 47.6866544 ], [ 9.091801, 47.686536 ], [ 9.0918969, 47.6864218 ], [ 9.0919398, 47.6864386 ], [ 9.0919458, 47.6865186 ], [ 9.0920475, 47.6865877 ], [ 9.0922223, 47.6866079 ], [ 9.0924296, 47.6866578 ], [ 9.0925302, 47.6867358 ], [ 9.0927136, 47.6867505 ], [ 9.0928669, 47.6867134 ], [ 9.0932898, 47.6866377 ], [ 9.0936354, 47.6867437 ], [ 9.0941856, 47.6869846 ], [ 9.0944306, 47.6870478 ], [ 9.0946245, 47.6869861 ], [ 9.0948586, 47.6869288 ], [ 9.0951424, 47.6867506 ], [ 9.0952461, 47.6867177 ], [ 9.0952571, 47.6866415 ], [ 9.0953745, 47.6865886 ], [ 9.0954865, 47.6865812 ], [ 9.0956019, 47.6866143 ], [ 9.0958317, 47.686532 ], [ 9.0959719, 47.6864847 ], [ 9.096094, 47.686481 ], [ 9.0962223, 47.686439 ], [ 9.0964227, 47.6864244 ], [ 9.0964811, 47.6863251 ], [ 9.0965385, 47.6862628 ], [ 9.0966703, 47.6862212 ], [ 9.0968271, 47.6860799 ], [ 9.0970381, 47.6859959 ], [ 9.0972338, 47.6859748 ], [ 9.0973719, 47.68593 ], [ 9.0975357, 47.6859167 ], [ 9.0975767, 47.6858926 ], [ 9.0978459, 47.6858957 ], [ 9.0979134, 47.6859675 ], [ 9.0980292, 47.6859739 ], [ 9.0980803, 47.6860007 ], [ 9.0982361, 47.6859396 ], [ 9.0984503, 47.6859358 ], [ 9.0985137, 47.6859815 ], [ 9.0987871, 47.6859902 ], [ 9.0988756, 47.6860602 ], [ 9.0990679, 47.6861419 ], [ 9.099295, 47.6862176 ], [ 9.0993564, 47.6861897 ], [ 9.0993861, 47.6862273 ], [ 9.0995042, 47.686192 ], [ 9.0996401, 47.6861992 ], [ 9.0997085, 47.6862119 ], [ 9.0997798, 47.6861516 ], [ 9.0998701, 47.6861525 ], [ 9.0999013, 47.6860938 ], [ 9.1000837, 47.6860726 ], [ 9.1001124, 47.6860018 ], [ 9.1001982, 47.6860069 ], [ 9.1002019, 47.685975 ], [ 9.1004178, 47.6859859 ], [ 9.1005058, 47.6859465 ], [ 9.1005424, 47.6859093 ], [ 9.1006704, 47.6859047 ], [ 9.1007201, 47.685952 ], [ 9.1007129, 47.6860206 ], [ 9.1008267, 47.686037 ], [ 9.1009154, 47.6860443 ], [ 9.1009653, 47.6859749 ], [ 9.1011669, 47.6859966 ], [ 9.1012996, 47.6860793 ], [ 9.1013985, 47.6860298 ], [ 9.1015295, 47.6860477 ], [ 9.1017501, 47.6861177 ], [ 9.1018203, 47.686049 ], [ 9.1019256, 47.6860671 ], [ 9.10203, 47.6861125 ], [ 9.1022011, 47.6860892 ], [ 9.1022803, 47.6861911 ], [ 9.1024045, 47.6862023 ], [ 9.1024718, 47.6862633 ], [ 9.1025703, 47.6862409 ], [ 9.1027455, 47.6862191 ], [ 9.1029203, 47.6862953 ], [ 9.1032038, 47.686377 ], [ 9.10329, 47.6863747 ], [ 9.1033695, 47.6864041 ], [ 9.1034609, 47.6863958 ], [ 9.1035718, 47.6864104 ], [ 9.1036342, 47.6864313 ], [ 9.103643, 47.6863805 ], [ 9.103886, 47.6863914 ], [ 9.1040481, 47.6864388 ], [ 9.1041643, 47.6864026 ], [ 9.1045699, 47.6864504 ], [ 9.1046796, 47.6864933 ], [ 9.1047873, 47.6864475 ], [ 9.1050924, 47.6864517 ], [ 9.1051202, 47.6864934 ], [ 9.1053211, 47.686526 ], [ 9.1053747, 47.6865156 ], [ 9.1057002, 47.6865707 ], [ 9.1057104, 47.6866468 ], [ 9.1057477, 47.6866495 ], [ 9.1057592, 47.6865935 ], [ 9.1059041, 47.686598 ], [ 9.10598, 47.6865532 ], [ 9.1060498, 47.6865701 ], [ 9.1060226, 47.6866142 ], [ 9.1060979, 47.6866216 ], [ 9.1061439, 47.6866078 ], [ 9.1062241, 47.686612 ], [ 9.106345, 47.6865842 ], [ 9.1064072, 47.6866428 ], [ 9.1066309, 47.6866585 ], [ 9.1067347, 47.6865951 ], [ 9.1068931, 47.6866482 ], [ 9.1069741, 47.6866837 ], [ 9.107019, 47.6866457 ], [ 9.107067, 47.6866451 ], [ 9.1071085, 47.686682 ], [ 9.1072087, 47.6866282 ], [ 9.1073844, 47.686596 ], [ 9.1076621, 47.686597 ], [ 9.1076725, 47.6865545 ], [ 9.1079553, 47.6865545 ], [ 9.108185, 47.6865861 ], [ 9.1084006, 47.6866765 ], [ 9.1086062, 47.6867624 ], [ 9.1086547, 47.6867967 ], [ 9.1089082, 47.6867981 ], [ 9.109003, 47.6867748 ], [ 9.1093544, 47.6868357 ], [ 9.1093907, 47.6868835 ], [ 9.1094971, 47.6868369 ], [ 9.1095832, 47.6868397 ], [ 9.1095829, 47.6868696 ], [ 9.1097015, 47.6868442 ], [ 9.1098029, 47.6868689 ], [ 9.1098685, 47.6867962 ], [ 9.10991, 47.6867418 ], [ 9.1100672, 47.6866975 ], [ 9.1100594, 47.6865927 ], [ 9.1099244, 47.6865217 ], [ 9.1097797, 47.6864886 ], [ 9.1096082, 47.6864711 ], [ 9.1095794, 47.6865242 ], [ 9.1092391, 47.6864967 ], [ 9.1090845, 47.6864112 ], [ 9.1089339, 47.6864168 ], [ 9.1088355, 47.6863948 ], [ 9.1087497, 47.686301 ], [ 9.1084278, 47.6861998 ], [ 9.1080308, 47.6861132 ], [ 9.1078806, 47.6861782 ], [ 9.107666, 47.6862287 ], [ 9.1074193, 47.6862215 ], [ 9.1071511, 47.6862287 ], [ 9.1069901, 47.6861565 ], [ 9.106797, 47.6860843 ], [ 9.1067004, 47.6859832 ], [ 9.1067004, 47.6858459 ], [ 9.1067326, 47.6857448 ], [ 9.1067648, 47.6856437 ], [ 9.106561, 47.6855354 ], [ 9.1067326, 47.6854198 ], [ 9.1069901, 47.6853692 ], [ 9.1072691, 47.6854198 ], [ 9.1074193, 47.6855065 ], [ 9.1075909, 47.6855065 ], [ 9.1080415, 47.6853765 ], [ 9.1082347, 47.6852826 ], [ 9.1087497, 47.6852537 ], [ 9.1091895, 47.6853403 ], [ 9.1098869, 47.6854848 ], [ 9.1102195, 47.6855787 ], [ 9.1104126, 47.6855931 ], [ 9.1107661, 47.6855787 ], [ 9.1109271, 47.6856437 ], [ 9.1111738, 47.6855931 ], [ 9.1114099, 47.6858098 ], [ 9.1115064, 47.6857737 ], [ 9.1113455, 47.6856004 ], [ 9.1113562, 47.6854415 ], [ 9.1115493, 47.6853187 ], [ 9.1118068, 47.6853042 ], [ 9.1120107, 47.6855137 ], [ 9.1123647, 47.6854198 ], [ 9.112354, 47.6852681 ], [ 9.1124184, 47.6850731 ], [ 9.1125042, 47.6850442 ], [ 9.1127295, 47.6849214 ], [ 9.1128583, 47.6847914 ], [ 9.1132338, 47.684712 ], [ 9.1132981, 47.6845025 ], [ 9.113502, 47.6843797 ], [ 9.1137058, 47.6843219 ], [ 9.1139419, 47.6842786 ], [ 9.1141243, 47.6844375 ], [ 9.1142959, 47.6844303 ], [ 9.1141779, 47.6843219 ], [ 9.1143496, 47.684228 ], [ 9.1144247, 47.6840402 ], [ 9.1143603, 47.6838886 ], [ 9.114532, 47.683773 ], [ 9.1144676, 47.6835708 ], [ 9.1144676, 47.6833324 ], [ 9.1144569, 47.6831157 ], [ 9.1145212, 47.6829713 ], [ 9.1146822, 47.6828124 ], [ 9.11465, 47.6826968 ], [ 9.1147787, 47.682639 ], [ 9.1147787, 47.6824873 ], [ 9.114886, 47.6823934 ], [ 9.1148806, 47.6823104 ], [ 9.1149987, 47.682137 ], [ 9.1151221, 47.6819492 ], [ 9.1152078, 47.6817939 ], [ 9.1153259, 47.6817073 ], [ 9.1154546, 47.6815772 ], [ 9.1156102, 47.6814833 ], [ 9.1157175, 47.6813605 ], [ 9.1158425, 47.6813259 ], [ 9.1159857, 47.681216 ], [ 9.1161466, 47.6811763 ], [ 9.1162808, 47.6811763 ], [ 9.1163505, 47.6811655 ], [ 9.11627, 47.6811185 ], [ 9.1162593, 47.6810643 ], [ 9.1162754, 47.6809957 ], [ 9.1163344, 47.6809271 ], [ 9.1164577, 47.6808477 ], [ 9.1166133, 47.6808477 ], [ 9.1167796, 47.680826 ], [ 9.1168601, 47.6807899 ], [ 9.1169781, 47.6806526 ], [ 9.1171069, 47.6806165 ], [ 9.1172463, 47.6804431 ], [ 9.1173751, 47.6800097 ], [ 9.1174287, 47.6798725 ], [ 9.117418, 47.6796341 ], [ 9.1175789, 47.6793308 ], [ 9.117697, 47.6792044 ], [ 9.1178096, 47.6790635 ], [ 9.117874, 47.6789334 ], [ 9.1179276, 47.6788576 ], [ 9.1179706, 47.6787926 ], [ 9.1181208, 47.6787095 ], [ 9.1181798, 47.6786445 ], [ 9.1182978, 47.6785867 ], [ 9.1183138, 47.6785398 ], [ 9.1184266, 47.6784928 ], [ 9.1186197, 47.6783592 ], [ 9.1187752, 47.6782977 ], [ 9.1189361, 47.6782219 ], [ 9.1190649, 47.6781713 ], [ 9.1192205, 47.67811 ], [ 9.1193652, 47.6780666 ], [ 9.1194833, 47.6780161 ], [ 9.1195798, 47.6779221 ], [ 9.119655, 47.6778391 ], [ 9.119891, 47.6777704 ], [ 9.120009, 47.6775501 ], [ 9.1202558, 47.677467 ], [ 9.1203416, 47.6773804 ], [ 9.1204382, 47.67729 ], [ 9.1205293, 47.6771853 ], [ 9.120583, 47.6770408 ], [ 9.1206635, 47.6769759 ], [ 9.1208459, 47.6768819 ], [ 9.1210282, 47.6769614 ], [ 9.1211236, 47.6768422 ], [ 9.1213233, 47.6766002 ], [ 9.1229272, 47.6761134 ], [ 9.123163, 47.6760774 ], [ 9.1233098, 47.6761069 ], [ 9.1234905, 47.6762325 ], [ 9.1235221, 47.6762346 ], [ 9.1235313, 47.6762241 ], [ 9.1234474, 47.6761293 ], [ 9.1234244, 47.6759725 ], [ 9.1234285, 47.6759006 ], [ 9.123559, 47.6757766 ], [ 9.1237364, 47.6757382 ], [ 9.1238959, 47.6755744 ], [ 9.1238949, 47.6755177 ], [ 9.1239557, 47.6753448 ], [ 9.1241198, 47.6750946 ], [ 9.1242879, 47.6748307 ], [ 9.1246085, 47.6745831 ], [ 9.1249058, 47.6743917 ], [ 9.1256395, 47.6741511 ], [ 9.1258662, 47.673906 ], [ 9.125649, 47.6738305 ], [ 9.1254788, 47.6737874 ], [ 9.1253266, 47.6736011 ], [ 9.1253802, 47.6732533 ], [ 9.125792, 47.6726763 ], [ 9.1258181, 47.6726108 ], [ 9.1257732, 47.6725846 ], [ 9.1256841, 47.6727003 ], [ 9.1256132, 47.6727659 ], [ 9.1255309, 47.6727779 ], [ 9.1254634, 47.6727641 ], [ 9.1254595, 47.6727176 ], [ 9.1255024, 47.6725803 ], [ 9.1255579, 47.6724589 ], [ 9.1257117, 47.6723132 ], [ 9.1257859, 47.6722791 ], [ 9.1258247, 47.6722972 ], [ 9.1258558, 47.672325 ], [ 9.1259052, 47.6722954 ], [ 9.1259644, 47.6721566 ], [ 9.1261564, 47.6717123 ], [ 9.1268681, 47.6713639 ], [ 9.1269337, 47.6710165 ], [ 9.1268445, 47.6707238 ], [ 9.1269165, 47.6705271 ], [ 9.1267315, 47.6704148 ], [ 9.126548, 47.6701226 ], [ 9.1265282, 47.6697628 ], [ 9.1265273, 47.6695972 ], [ 9.1267747, 47.669244 ], [ 9.1268011, 47.6689214 ], [ 9.1271477, 47.6682916 ], [ 9.1273466, 47.6680365 ], [ 9.1277319, 47.6677452 ], [ 9.1280994, 47.6675848 ], [ 9.1288939, 47.6672654 ], [ 9.1294711, 47.6672102 ], [ 9.1299244, 47.6669616 ], [ 9.1311684, 47.6668095 ], [ 9.1323319, 47.6668457 ], [ 9.1336328, 47.6667499 ], [ 9.134387, 47.6662535 ], [ 9.1348803, 47.665983 ], [ 9.1349773, 47.6659481 ], [ 9.1351627, 47.665843 ], [ 9.1352981, 47.6658046 ], [ 9.1354524, 47.6657658 ], [ 9.1355684, 47.6657545 ], [ 9.135735, 47.6657495 ], [ 9.1358924, 47.6657383 ], [ 9.136059, 47.6657137 ], [ 9.1372625, 47.6653402 ], [ 9.1386987, 47.6648319 ], [ 9.1400148, 47.6649045 ], [ 9.1411142, 47.6651777 ], [ 9.1428092, 47.6656969 ], [ 9.1446878, 47.6669078 ], [ 9.1456073, 47.6675382 ], [ 9.1458427, 47.6676299 ], [ 9.1461048, 47.667741 ], [ 9.1461128, 47.6678367 ], [ 9.1463987, 47.6679298 ], [ 9.1471803, 47.6681366 ], [ 9.1476765, 47.6683045 ], [ 9.1478952, 47.6684366 ], [ 9.1480486, 47.6686294 ], [ 9.1481033, 47.6687285 ], [ 9.1483281, 47.6689279 ], [ 9.1485958, 47.6690443 ], [ 9.1488317, 47.6690971 ], [ 9.1495522, 47.6692108 ], [ 9.1497961, 47.6694145 ], [ 9.1501563, 47.6692435 ], [ 9.1504679, 47.6692007 ], [ 9.1507535, 47.6691042 ], [ 9.1512815, 47.6692373 ], [ 9.1516183, 47.6693855 ], [ 9.152189, 47.6695347 ], [ 9.152676, 47.6697038 ], [ 9.1532083, 47.6698213 ], [ 9.1537377, 47.6697914 ], [ 9.1544296, 47.6698489 ], [ 9.154703, 47.6698454 ], [ 9.1547375, 47.6698755 ], [ 9.1549308, 47.6695754 ], [ 9.154987, 47.6695376 ], [ 9.1550393, 47.6695253 ], [ 9.1550898, 47.6695259 ], [ 9.1557105, 47.6696111 ], [ 9.1573136, 47.669855 ], [ 9.1573378, 47.6698644 ], [ 9.1574742, 47.6698368 ], [ 9.1574735, 47.6699481 ], [ 9.1576843, 47.669989 ], [ 9.1578049, 47.6699984 ], [ 9.1578144, 47.6700003 ], [ 9.1579242, 47.6700227 ], [ 9.1579698, 47.6700456 ], [ 9.1579769, 47.6700522 ], [ 9.1580346, 47.6701031 ], [ 9.1580454, 47.6701126 ], [ 9.1582402, 47.6702312 ], [ 9.1586914, 47.6705603 ], [ 9.1593079, 47.6709699 ], [ 9.1595005, 47.6710791 ], [ 9.1606983, 47.671678 ], [ 9.1609973, 47.671716 ], [ 9.1615782, 47.671723 ], [ 9.1616672, 47.671651 ], [ 9.1618982, 47.671632 ], [ 9.1621121, 47.671529 ], [ 9.1625219, 47.6714845 ], [ 9.1632333, 47.6714824 ], [ 9.1635388, 47.6714146 ], [ 9.1641565, 47.6710524 ], [ 9.1651361, 47.6709105 ], [ 9.1657997, 47.6707845 ], [ 9.1665011, 47.6708076 ], [ 9.1669088, 47.6708193 ], [ 9.1674731, 47.6708355 ], [ 9.1677586, 47.6707824 ], [ 9.1682107, 47.6706984 ], [ 9.1691121, 47.6705309 ], [ 9.1699754, 47.6703578 ], [ 9.1707696, 47.6702146 ], [ 9.1716259, 47.6700516 ], [ 9.1716427, 47.6700806 ], [ 9.1716547, 47.6701014 ], [ 9.1719403, 47.6700154 ], [ 9.1719235, 47.6699867 ], [ 9.1720432, 47.6699103 ], [ 9.172214, 47.6698217 ], [ 9.1723618, 47.6697804 ], [ 9.1725023, 47.6697242 ], [ 9.172552, 47.6696952 ], [ 9.1728775, 47.6695582 ], [ 9.1730844, 47.6694359 ], [ 9.1731308, 47.669369 ], [ 9.1732908, 47.6692859 ], [ 9.1734676, 47.6692157 ], [ 9.1735482, 47.6691825 ], [ 9.1737379, 47.6691178 ], [ 9.1738606, 47.6692175 ], [ 9.1739328, 47.6691948 ], [ 9.1738672, 47.6691108 ], [ 9.1740307, 47.6690435 ], [ 9.1740237, 47.6690282 ], [ 9.1743087, 47.6689596 ], [ 9.1744259, 47.6689249 ], [ 9.1748422, 47.6687495 ], [ 9.1750503, 47.668654 ], [ 9.1758285, 47.6683002 ], [ 9.175744, 47.6682203 ], [ 9.1764294, 47.6679134 ], [ 9.1766157, 47.6679674 ], [ 9.1768556, 47.6678501 ], [ 9.1768729, 47.6678415 ], [ 9.1771509, 47.6677057 ], [ 9.1772255, 47.66761 ], [ 9.1780541, 47.6672925 ], [ 9.1783334, 47.6671373 ], [ 9.1783464, 47.6671305 ], [ 9.1783594, 47.6671244 ], [ 9.178408, 47.6671017 ], [ 9.178756, 47.6669394 ], [ 9.1787145, 47.6669025 ], [ 9.1792715, 47.6666699 ], [ 9.1793095, 47.6666713 ], [ 9.1793518, 47.6666803 ], [ 9.1793706, 47.6666866 ], [ 9.1794199, 47.6666723 ], [ 9.179418, 47.6666566 ], [ 9.1795364, 47.6666035 ], [ 9.179682, 47.6665563 ], [ 9.1797208, 47.6665643 ], [ 9.1801035, 47.6664655 ], [ 9.1805678, 47.6663855 ], [ 9.1811074, 47.6663293 ], [ 9.1814794, 47.6663265 ], [ 9.1815425, 47.6663244 ], [ 9.1816034, 47.6663223 ], [ 9.1816725, 47.6663112 ], [ 9.1818294, 47.666309 ], [ 9.1818519, 47.6662947 ], [ 9.181877, 47.6662746 ], [ 9.1819162, 47.6662494 ], [ 9.1819544, 47.666231 ], [ 9.1819948, 47.6662199 ], [ 9.1820393, 47.6662169 ], [ 9.1820832, 47.6662169 ], [ 9.1821231, 47.6662192 ], [ 9.1821568, 47.6662257 ], [ 9.1821932, 47.6662402 ], [ 9.1822244, 47.666255 ], [ 9.1822578, 47.666281 ], [ 9.1822819, 47.6663056 ], [ 9.1822997, 47.6663355 ], [ 9.1823093, 47.6663568 ], [ 9.1823084, 47.6663725 ], [ 9.182309, 47.6663844 ], [ 9.1829535, 47.6664401 ], [ 9.1829614, 47.6664014 ], [ 9.1829786, 47.6663975 ], [ 9.1830549, 47.6664058 ], [ 9.1830682, 47.6664118 ], [ 9.1830667, 47.6664199 ], [ 9.1830596, 47.6664509 ], [ 9.1834904, 47.6664929 ], [ 9.1842943, 47.6665793 ], [ 9.1847112, 47.6666219 ], [ 9.1851358, 47.6666636 ], [ 9.1851471, 47.6666256 ], [ 9.1851727, 47.6666019 ], [ 9.1852035, 47.6665838 ], [ 9.185248, 47.666563 ], [ 9.1852961, 47.6665514 ], [ 9.1853451, 47.6665476 ], [ 9.1853977, 47.6665517 ], [ 9.1854491, 47.6665675 ], [ 9.1854856, 47.666587 ], [ 9.1855098, 47.6666101 ], [ 9.1855421, 47.6666466 ], [ 9.1855532, 47.6666806 ], [ 9.1855528, 47.6667022 ], [ 9.1864968, 47.6667962 ], [ 9.1869194, 47.6667906 ], [ 9.1872817, 47.6667806 ], [ 9.187306, 47.666757 ], [ 9.1873281, 47.6667456 ], [ 9.1873566, 47.6667342 ], [ 9.1874028, 47.6667288 ], [ 9.187454, 47.6667296 ], [ 9.1874928, 47.6667456 ], [ 9.1875214, 47.6667685 ], [ 9.1875318, 47.6667776 ], [ 9.1876049, 47.6667759 ], [ 9.1884822, 47.6667551 ], [ 9.1888944, 47.6667453 ], [ 9.1891055, 47.6667418 ], [ 9.18934, 47.6667379 ], [ 9.1893531, 47.6667212 ], [ 9.1893938, 47.6666953 ], [ 9.1894383, 47.6666798 ], [ 9.1894857, 47.666677 ], [ 9.1895261, 47.66668 ], [ 9.1895581, 47.6666907 ], [ 9.1895849, 47.6667014 ], [ 9.189606, 47.6667138 ], [ 9.1896222, 47.6667315 ], [ 9.1896806, 47.6667309 ], [ 9.1903131, 47.6667176 ], [ 9.1907819, 47.6667026 ], [ 9.1907817, 47.6666689 ], [ 9.1907904, 47.6666483 ], [ 9.1908091, 47.6666246 ], [ 9.1908565, 47.666591 ], [ 9.1909057, 47.6665713 ], [ 9.190955, 47.6665634 ], [ 9.191013, 47.6665641 ], [ 9.1910719, 47.6665709 ], [ 9.1911227, 47.6665929 ], [ 9.1911706, 47.6666691 ], [ 9.1912424, 47.6666487 ], [ 9.1912471, 47.6666231 ], [ 9.1912513, 47.6665898 ], [ 9.1913585, 47.6664821 ], [ 9.1914909, 47.6663635 ], [ 9.1916401, 47.6662913 ], [ 9.1918527, 47.6662218 ], [ 9.1924089, 47.6660487 ], [ 9.1929618, 47.6658515 ], [ 9.1934349, 47.6657155 ], [ 9.1940106, 47.6656223 ], [ 9.1945373, 47.6655569 ], [ 9.1947804, 47.6655626 ], [ 9.1949871, 47.6655675 ], [ 9.1951477, 47.6655686 ], [ 9.1954583, 47.6655704 ], [ 9.1955596, 47.665602 ], [ 9.1956202, 47.6656245 ], [ 9.1956546, 47.6656546 ], [ 9.1956867, 47.6656743 ], [ 9.1957446, 47.6656824 ], [ 9.1958242, 47.6656947 ], [ 9.1959535, 47.6656837 ], [ 9.1962205, 47.665591 ], [ 9.1965014, 47.6655588 ], [ 9.1966553, 47.6655468 ], [ 9.1968543, 47.6654885 ], [ 9.1973131, 47.6653334 ], [ 9.1974664, 47.665219 ], [ 9.1975552, 47.6651845 ], [ 9.1976223, 47.6651454 ], [ 9.1976792, 47.6650764 ], [ 9.1979547, 47.6649396 ], [ 9.1982762, 47.6648504 ], [ 9.1987403, 47.6647057 ], [ 9.1989511, 47.6647251 ], [ 9.1992623, 47.6647777 ], [ 9.1998674, 47.6648467 ], [ 9.2002425, 47.66486 ], [ 9.2004103, 47.6648541 ], [ 9.2006398, 47.6648417 ], [ 9.200917, 47.6647862 ], [ 9.2010112, 47.6647504 ], [ 9.2013111, 47.6645962 ], [ 9.2016008, 47.6644226 ], [ 9.201783, 47.664333 ], [ 9.2020996, 47.6642228 ], [ 9.2022371, 47.6641899 ], [ 9.2025113, 47.6641373 ], [ 9.2029709, 47.6640478 ], [ 9.2032351, 47.6639793 ], [ 9.2034191, 47.663919 ], [ 9.2037863, 47.6638042 ], [ 9.2042891, 47.6636603 ], [ 9.2045352, 47.6636136 ], [ 9.2046926, 47.6635926 ], [ 9.2049569, 47.6635688 ], [ 9.2053955, 47.6635265 ], [ 9.2056161, 47.6634771 ], [ 9.2058214, 47.6634101 ], [ 9.2059096, 47.6633915 ], [ 9.2060037, 47.6633915 ], [ 9.2060624, 47.6633767 ], [ 9.2061691, 47.6633067 ], [ 9.2061751, 47.6633028 ], [ 9.2061962, 47.6632666 ], [ 9.2061743, 47.6632574 ], [ 9.2061605, 47.6631507 ], [ 9.2061771, 47.6631122 ], [ 9.2062399, 47.6630736 ], [ 9.2065296, 47.6629607 ], [ 9.2066318, 47.6629574 ], [ 9.2067286, 47.6629587 ], [ 9.206917, 47.6629551 ], [ 9.2070599, 47.6629536 ], [ 9.2072444, 47.662985 ], [ 9.2074114, 47.6630421 ], [ 9.207547, 47.663076 ], [ 9.2078311, 47.6631691 ], [ 9.2081569, 47.663308 ], [ 9.2082998, 47.6633443 ], [ 9.2084495, 47.6634111 ], [ 9.208616, 47.663474 ], [ 9.2088486, 47.6635953 ], [ 9.2092718, 47.6638298 ], [ 9.2101535, 47.6642811 ], [ 9.2102745, 47.664348 ], [ 9.2107409, 47.6646057 ], [ 9.2111407, 47.6647644 ], [ 9.2114296, 47.6648869 ], [ 9.2117912, 47.6650171 ], [ 9.2124564, 47.6652304 ], [ 9.2133082, 47.6654655 ], [ 9.2140486, 47.6656557 ], [ 9.2145017, 47.6657568 ], [ 9.214706, 47.6657861 ], [ 9.2149309, 47.6657978 ], [ 9.21525, 47.6658728 ], [ 9.2153763, 47.6658522 ], [ 9.2155347, 47.6658229 ], [ 9.215731, 47.6658424 ], [ 9.2159663, 47.6658761 ], [ 9.2160676, 47.6658886 ], [ 9.2161423, 47.6658888 ], [ 9.2162269, 47.6658801 ], [ 9.2164048, 47.6658553 ], [ 9.2165664, 47.6658822 ], [ 9.2167613, 47.6659001 ], [ 9.217152, 47.6659054 ], [ 9.2174278, 47.6659249 ], [ 9.217574, 47.6659347 ], [ 9.2177351, 47.6659205 ], [ 9.2179139, 47.6659454 ], [ 9.2180583, 47.6659664 ], [ 9.2181239, 47.6660002 ], [ 9.2181233, 47.6661289 ], [ 9.2179319, 47.6662859 ], [ 9.2177223, 47.6664516 ], [ 9.2173789, 47.6667531 ], [ 9.2171618, 47.6670195 ], [ 9.2169437, 47.6674429 ], [ 9.2168827, 47.6678088 ], [ 9.2168084, 47.6680086 ], [ 9.2167477, 47.6681638 ], [ 9.2165408, 47.6683876 ], [ 9.2163318, 47.6686137 ], [ 9.2161508, 47.6687287 ], [ 9.2156519, 47.6690297 ], [ 9.2154719, 47.6691327 ], [ 9.2152769, 47.6692437 ], [ 9.2150219, 47.6695216 ], [ 9.214613, 47.669952 ], [ 9.2143665, 47.6700606 ], [ 9.2140706, 47.6705198 ], [ 9.2139163, 47.6709829 ], [ 9.2135811, 47.6714404 ], [ 9.2134371, 47.6715814 ], [ 9.2132702, 47.6719254 ], [ 9.2132096, 47.672245 ], [ 9.212966, 47.6723621 ], [ 9.2128395, 47.6726179 ], [ 9.2125497, 47.6730339 ], [ 9.2124886, 47.6731709 ], [ 9.2120855, 47.6734543 ], [ 9.2118631, 47.6737141 ], [ 9.2117206, 47.6739477 ], [ 9.2116947, 47.6742267 ], [ 9.2116633, 47.6743662 ], [ 9.2114645, 47.6744871 ], [ 9.2114092, 47.6746238 ], [ 9.2113968, 47.6748881 ], [ 9.2113034, 47.675091 ], [ 9.2105684, 47.6756278 ], [ 9.2104412, 47.6758666 ], [ 9.2103263, 47.6761917 ], [ 9.2102698, 47.6767189 ], [ 9.2102969, 47.6771215 ], [ 9.2103643, 47.6774976 ], [ 9.2104568, 47.6777943 ], [ 9.2104328, 47.6780685 ], [ 9.2105157, 47.6785084 ], [ 9.2105756, 47.6790022 ], [ 9.2107106, 47.6793965 ], [ 9.2108225, 47.6796633 ], [ 9.2108876, 47.6796739 ], [ 9.2109576, 47.6798543 ], [ 9.2111296, 47.6800853 ], [ 9.2115771, 47.6803104 ], [ 9.2120032, 47.680521 ], [ 9.2120361, 47.6805408 ], [ 9.2120913, 47.680524 ], [ 9.2120846, 47.6805103 ], [ 9.2120655, 47.6804716 ], [ 9.2127575, 47.6802574 ], [ 9.21304, 47.6803077 ], [ 9.2132867, 47.6804078 ], [ 9.2133257, 47.6804704 ], [ 9.2133349, 47.6804862 ], [ 9.2133411, 47.6805078 ], [ 9.2133341, 47.6805316 ], [ 9.2132479, 47.6806114 ], [ 9.2132158, 47.6806159 ], [ 9.2131785, 47.6806076 ], [ 9.2130709, 47.6807136 ], [ 9.2131492, 47.6807398 ], [ 9.2132221, 47.6807752 ], [ 9.2132776, 47.6808188 ], [ 9.2133025, 47.6808478 ], [ 9.2133401, 47.6809077 ], [ 9.2133555, 47.6809852 ], [ 9.213342, 47.6810435 ], [ 9.213316, 47.6811168 ], [ 9.2132241, 47.6813443 ], [ 9.2131774, 47.6814662 ], [ 9.2136412, 47.6815249 ], [ 9.2136041, 47.6816134 ], [ 9.2134467, 47.6815862 ], [ 9.2134529, 47.6815587 ], [ 9.2130836, 47.681505 ], [ 9.2131266, 47.6815368 ], [ 9.2131389, 47.6815702 ], [ 9.2129799, 47.6819616 ], [ 9.2129293, 47.682094 ], [ 9.2128836, 47.6822306 ], [ 9.2128954, 47.6822405 ], [ 9.2128949, 47.682251 ], [ 9.2128857, 47.6822588 ], [ 9.2128766, 47.6822658 ], [ 9.2129074, 47.682371 ], [ 9.2129579, 47.6824183 ], [ 9.2129822, 47.6824397 ], [ 9.2130665, 47.6824971 ], [ 9.2131445, 47.6825438 ], [ 9.2132164, 47.6825752 ], [ 9.2133071, 47.68261 ], [ 9.2133283, 47.6826179 ], [ 9.2133341, 47.6826278 ], [ 9.2133326, 47.6826357 ], [ 9.2133234, 47.6826433 ], [ 9.21331, 47.6826468 ], [ 9.2132973, 47.6826451 ], [ 9.2132891, 47.6826411 ], [ 9.2132856, 47.6826355 ], [ 9.2132848, 47.6826298 ], [ 9.2132804, 47.6826254 ], [ 9.213203, 47.6825962 ], [ 9.2131231, 47.6825635 ], [ 9.2130426, 47.6825129 ], [ 9.2129825, 47.6825544 ], [ 9.211471, 47.6821599 ], [ 9.2114641, 47.6821721 ], [ 9.2114443, 47.6822082 ], [ 9.2114225, 47.6822453 ], [ 9.2114137, 47.6822608 ], [ 9.211384, 47.6822998 ], [ 9.2113754, 47.6823099 ], [ 9.2113494, 47.6823405 ], [ 9.2113244, 47.6823694 ], [ 9.2112999, 47.682398 ], [ 9.2111442, 47.6825928 ], [ 9.2111271, 47.6826141 ], [ 9.2108971, 47.6829166 ], [ 9.210881, 47.6829327 ], [ 9.2114087, 47.6831436 ], [ 9.2113653, 47.6831831 ], [ 9.2113328, 47.6832127 ], [ 9.211297, 47.6832453 ], [ 9.2106308, 47.6833852 ], [ 9.2102638, 47.6834325 ], [ 9.2097604, 47.6836137 ], [ 9.2093538, 47.6839719 ], [ 9.2092244, 47.6842826 ], [ 9.209021, 47.6847358 ], [ 9.2088033, 47.6850215 ], [ 9.2086984, 47.6852216 ], [ 9.2086558, 47.6853986 ], [ 9.2084057, 47.6858028 ], [ 9.2081488, 47.6862187 ], [ 9.207942, 47.686553 ], [ 9.2073999, 47.6872186 ], [ 9.2070227, 47.6875126 ], [ 9.2065669, 47.6878869 ], [ 9.2063317, 47.68805 ], [ 9.2060772, 47.6882636 ], [ 9.2054406, 47.6887482 ], [ 9.2042403, 47.6895954 ], [ 9.2030864, 47.6905832 ], [ 9.2020766, 47.6915101 ], [ 9.2003968, 47.69238 ], [ 9.1993799, 47.692902 ], [ 9.1973282, 47.6939168 ], [ 9.1964013, 47.6943328 ], [ 9.1958304, 47.6946228 ], [ 9.1956134, 47.6947637 ], [ 9.1953628, 47.6948344 ], [ 9.1951185, 47.6949007 ], [ 9.1944826, 47.6949887 ], [ 9.1942447, 47.6951057 ], [ 9.1940863, 47.6952372 ], [ 9.1937501, 47.6953163 ], [ 9.1936092, 47.6953763 ], [ 9.1932658, 47.6955671 ], [ 9.1926527, 47.6959078 ], [ 9.1925168, 47.6959886 ], [ 9.1917836, 47.6961362 ], [ 9.191136, 47.6962666 ], [ 9.1902681, 47.6964615 ], [ 9.1897172, 47.6966675 ], [ 9.1890263, 47.6968125 ], [ 9.1885614, 47.6970835 ], [ 9.1880784, 47.6973614 ], [ 9.1875075, 47.6976404 ], [ 9.1868136, 47.6985483 ], [ 9.1867812, 47.6986863 ], [ 9.1866936, 47.6990592 ], [ 9.1865176, 47.6997232 ], [ 9.1864186, 47.7002071 ], [ 9.1864076, 47.7005281 ], [ 9.1861851, 47.7011157 ], [ 9.1861247, 47.701275 ], [ 9.1861167, 47.701546 ], [ 9.1861027, 47.7021149 ], [ 9.1862331, 47.7023775 ], [ 9.1865733, 47.7026467 ], [ 9.1865654, 47.7028161 ], [ 9.1863294, 47.7029349 ], [ 9.1862357, 47.7029448 ], [ 9.1858654, 47.7027446 ], [ 9.1854574, 47.7025134 ], [ 9.1853158, 47.7025228 ], [ 9.1851766, 47.702535 ], [ 9.1846979, 47.7025768 ], [ 9.1841839, 47.7027368 ], [ 9.183707, 47.7027628 ], [ 9.1827301, 47.7030528 ], [ 9.1820211, 47.7033471 ], [ 9.1813239, 47.7036366 ], [ 9.1810924, 47.7037327 ], [ 9.1804084, 47.7042626 ], [ 9.1802065, 47.7045756 ], [ 9.1799635, 47.7047356 ], [ 9.1801505, 47.7047206 ], [ 9.1800765, 47.7048266 ], [ 9.1797155, 47.7050865 ], [ 9.1797475, 47.7052615 ], [ 9.1794596, 47.7054645 ], [ 9.1794336, 47.7058455 ], [ 9.1792896, 47.7059374 ], [ 9.1794276, 47.7060214 ], [ 9.1792426, 47.7063184 ], [ 9.1793776, 47.7065894 ], [ 9.1792926, 47.7071383 ], [ 9.1795865, 47.7073183 ], [ 9.1797055, 47.7075353 ], [ 9.1797155, 47.7077722 ], [ 9.1800115, 47.7079552 ], [ 9.1803264, 47.7083752 ], [ 9.1798125, 47.7084512 ], [ 9.1796845, 47.7086261 ], [ 9.1795323, 47.7090656 ], [ 9.1794175, 47.7093971 ], [ 9.1795475, 47.709779 ], [ 9.1797745, 47.709912 ], [ 9.1802708, 47.7104935 ], [ 9.1804934, 47.7106709 ], [ 9.1806794, 47.7109839 ], [ 9.1809183, 47.7113078 ], [ 9.1812205, 47.7117208 ], [ 9.1812052, 47.7120766 ], [ 9.1811967, 47.7122733 ], [ 9.181008, 47.7129391 ], [ 9.1808753, 47.7131736 ], [ 9.180539, 47.7141631 ], [ 9.1804394, 47.7147145 ], [ 9.1803167, 47.7151922 ], [ 9.1801444, 47.7158633 ], [ 9.1801084, 47.7162394 ], [ 9.1800398, 47.7167273 ], [ 9.1799252, 47.7171488 ], [ 9.1795094, 47.7176633 ], [ 9.1794041, 47.7178055 ], [ 9.1791878, 47.7180974 ], [ 9.1788718, 47.7186045 ], [ 9.1787915, 47.7189173 ], [ 9.1787801, 47.7191346 ], [ 9.1786071, 47.7195509 ], [ 9.1785905, 47.7196037 ], [ 9.1783786, 47.7202768 ], [ 9.1783013, 47.7204203 ], [ 9.1782624, 47.7204925 ], [ 9.1781901, 47.7207851 ], [ 9.1781386, 47.7210128 ], [ 9.1779747, 47.7212497 ], [ 9.1780229, 47.721339 ], [ 9.1779733, 47.7215341 ], [ 9.1779438, 47.7216512 ], [ 9.1780436, 47.7218907 ], [ 9.1782526, 47.7220346 ], [ 9.1781269, 47.7222044 ], [ 9.1781197, 47.7223364 ], [ 9.1780205, 47.7225337 ], [ 9.1779609, 47.7227698 ], [ 9.1778927, 47.7230195 ], [ 9.1777607, 47.7232675 ], [ 9.1778187, 47.7237054 ], [ 9.1779036, 47.7238504 ], [ 9.1777617, 47.7238964 ], [ 9.1777087, 47.7242664 ], [ 9.1779426, 47.7247203 ], [ 9.1779376, 47.7249343 ], [ 9.1780396, 47.7251023 ], [ 9.1779466, 47.7252093 ], [ 9.1778686, 47.7255292 ], [ 9.1777776, 47.7256322 ], [ 9.1777896, 47.7258612 ], [ 9.1775727, 47.7259982 ], [ 9.1774647, 47.7261402 ], [ 9.1772497, 47.7262242 ], [ 9.1769398, 47.7266471 ], [ 9.1765968, 47.7269901 ], [ 9.1761379, 47.727998 ], [ 9.1760919, 47.728101 ], [ 9.1755779, 47.7288289 ], [ 9.1754099, 47.7293815 ], [ 9.1754049, 47.7293978 ], [ 9.174939, 47.7303707 ], [ 9.1745341, 47.7310076 ], [ 9.1743731, 47.7313966 ], [ 9.1741751, 47.7315946 ], [ 9.1742181, 47.7319415 ], [ 9.1744581, 47.7321825 ], [ 9.174825, 47.7323315 ], [ 9.174978, 47.7325215 ], [ 9.175011, 47.7326404 ], [ 9.174705, 47.7328264 ], [ 9.174523, 47.7330634 ], [ 9.1740996, 47.7333919 ], [ 9.1739948, 47.733886 ], [ 9.1739491, 47.7341013 ], [ 9.173724, 47.7343251 ], [ 9.1735344, 47.7345136 ], [ 9.1732491, 47.7346589 ], [ 9.172905, 47.73483 ], [ 9.1728703, 47.7347992 ], [ 9.1729095, 47.7347792 ], [ 9.1728126, 47.7346933 ], [ 9.1726651, 47.7347686 ], [ 9.1727699, 47.7348615 ], [ 9.1727939, 47.7348492 ], [ 9.1728208, 47.734873 ], [ 9.1728665, 47.7349133 ], [ 9.1728129, 47.7349387 ], [ 9.1724296, 47.7351212 ], [ 9.1719014, 47.7351841 ], [ 9.1714395, 47.7352951 ], [ 9.1704046, 47.7357911 ], [ 9.1695888, 47.735806 ], [ 9.1687448, 47.7358561 ], [ 9.1679629, 47.736096 ], [ 9.167512, 47.736195 ], [ 9.1665797, 47.7364966 ], [ 9.1658201, 47.7367456 ], [ 9.1648812, 47.7370393 ], [ 9.1641664, 47.7373249 ], [ 9.1638965, 47.7376028 ], [ 9.1631879, 47.7380295 ], [ 9.1627146, 47.7382168 ], [ 9.1618947, 47.7385797 ], [ 9.1611878, 47.7389147 ], [ 9.1604599, 47.7391787 ], [ 9.160078, 47.7395526 ], [ 9.1596181, 47.7396326 ], [ 9.1591861, 47.7399606 ], [ 9.1587902, 47.7402505 ], [ 9.1583432, 47.7404835 ], [ 9.1576763, 47.7410094 ], [ 9.1570987, 47.7412214 ], [ 9.1566594, 47.7415734 ], [ 9.156257, 47.7417804 ], [ 9.1559109, 47.7420107 ], [ 9.1555845, 47.7423477 ], [ 9.1551199, 47.7426815 ], [ 9.1548408, 47.7427847 ], [ 9.154202, 47.7432495 ], [ 9.1541138, 47.7433212 ], [ 9.1538217, 47.7435065 ], [ 9.1535137, 47.7437555 ], [ 9.1532403, 47.7439453 ], [ 9.152958, 47.7441342 ], [ 9.1527846, 47.744231 ], [ 9.1524625, 47.7444109 ], [ 9.1519571, 47.744839 ], [ 9.1513521, 47.7454149 ], [ 9.1505293, 47.7464648 ], [ 9.1503534, 47.7467036 ], [ 9.1500351, 47.7469989 ], [ 9.1497609, 47.7475331 ], [ 9.1493831, 47.7478167 ], [ 9.1492205, 47.7482974 ], [ 9.1492616, 47.7484597 ], [ 9.1491459, 47.7485603 ], [ 9.1488658, 47.7485889 ], [ 9.1485539, 47.7485735 ], [ 9.1483738, 47.7485315 ], [ 9.1480192, 47.7484808 ], [ 9.1476742, 47.7484624 ], [ 9.1471964, 47.7483497 ], [ 9.1466899, 47.7483144 ], [ 9.1466385, 47.7483443 ], [ 9.1466466, 47.7484444 ], [ 9.1467038, 47.7485022 ], [ 9.1467015, 47.7485562 ], [ 9.1466264, 47.7485841 ], [ 9.1465325, 47.7485771 ], [ 9.1465611, 47.7484571 ], [ 9.1465023, 47.7483148 ], [ 9.1463181, 47.7482515 ], [ 9.1461558, 47.7481509 ], [ 9.1458841, 47.7480426 ], [ 9.1455997, 47.7478803 ], [ 9.145215, 47.7479336 ], [ 9.1440226, 47.747819 ], [ 9.1433306, 47.7476819 ], [ 9.1428424, 47.7476134 ], [ 9.1423463, 47.7476159 ], [ 9.1418446, 47.7474583 ], [ 9.1415979, 47.7474907 ], [ 9.1411473, 47.7476026 ], [ 9.1408683, 47.7475593 ], [ 9.1404016, 47.7474583 ], [ 9.1400333, 47.7474266 ], [ 9.1397203, 47.7473248 ], [ 9.1391732, 47.7474006 ], [ 9.1389103, 47.7474438 ], [ 9.1386929, 47.7475896 ], [ 9.138567, 47.7474727 ], [ 9.1383953, 47.7473717 ], [ 9.1380288, 47.7473519 ], [ 9.1377945, 47.7473392 ], [ 9.1371621, 47.7471057 ], [ 9.1367232, 47.7470407 ], [ 9.1365332, 47.7469447 ], [ 9.1361743, 47.7470114 ], [ 9.135846, 47.7470724 ], [ 9.1355449, 47.7471861 ], [ 9.1353314, 47.747298 ], [ 9.1350957, 47.747446 ], [ 9.13485, 47.7475986 ], [ 9.1345169, 47.7478217 ], [ 9.1344631, 47.7478301 ], [ 9.1344165, 47.7478177 ], [ 9.1343411, 47.7478222 ], [ 9.1342835, 47.7478566 ], [ 9.1342168, 47.7479191 ], [ 9.1339954, 47.7481078 ], [ 9.1337227, 47.7483434 ], [ 9.1336886, 47.7483715 ], [ 9.1335865, 47.7483258 ], [ 9.1333695, 47.7484991 ], [ 9.1336012, 47.7486187 ], [ 9.133564, 47.7486493 ], [ 9.1334726, 47.7487244 ], [ 9.1333754, 47.7486749 ], [ 9.1332804, 47.7486748 ], [ 9.1329009, 47.7489503 ], [ 9.132642, 47.7488929 ], [ 9.1326138, 47.7489063 ], [ 9.1322768, 47.7490665 ], [ 9.1319628, 47.7492874 ], [ 9.1303637, 47.7499255 ], [ 9.1300687, 47.7500701 ], [ 9.129317, 47.7505546 ], [ 9.1292832, 47.7505763 ], [ 9.1289392, 47.7508322 ], [ 9.1285243, 47.7511492 ], [ 9.1281863, 47.7512522 ], [ 9.1277596, 47.7515257 ], [ 9.127539, 47.7515982 ], [ 9.1271123, 47.7517695 ], [ 9.1267085, 47.7519439 ], [ 9.125806, 47.7523383 ], [ 9.1249397, 47.7531416 ], [ 9.1239872, 47.7537549 ], [ 9.1232109, 47.7546248 ], [ 9.122806, 47.7551927 ], [ 9.1224841, 47.7553297 ], [ 9.1222301, 47.7555507 ], [ 9.1207333, 47.7567456 ], [ 9.1193915, 47.7575313 ], [ 9.1191385, 47.7576794 ], [ 9.1185186, 47.7578901 ], [ 9.1183646, 47.7579424 ], [ 9.1180781, 47.7582262 ], [ 9.1178313, 47.7584063 ], [ 9.117669, 47.7585248 ], [ 9.1171618, 47.7588513 ], [ 9.1171028, 47.7588893 ], [ 9.1164949, 47.7591713 ], [ 9.1165649, 47.7592323 ], [ 9.1163669, 47.7593353 ], [ 9.1161759, 47.7592743 ], [ 9.115851, 47.7595072 ], [ 9.1153208, 47.7597096 ], [ 9.115191, 47.7597592 ], [ 9.1147919, 47.7598427 ], [ 9.1138432, 47.7600412 ], [ 9.1134503, 47.7601901 ], [ 9.1131473, 47.7603271 ], [ 9.1130533, 47.7604951 ], [ 9.1127254, 47.7606091 ], [ 9.1125274, 47.7607501 ], [ 9.1120765, 47.761101 ], [ 9.1117195, 47.761239 ], [ 9.1116635, 47.761357 ], [ 9.1115725, 47.761426 ], [ 9.1110726, 47.76167 ], [ 9.1105577, 47.761853 ], [ 9.1103777, 47.7619479 ], [ 9.1093098, 47.7622419 ], [ 9.1090789, 47.7623109 ], [ 9.1087079, 47.7623409 ], [ 9.1086169, 47.7624479 ], [ 9.108209, 47.7625509 ], [ 9.1075861, 47.7627188 ], [ 9.1071981, 47.7626848 ], [ 9.1064402, 47.7626958 ], [ 9.1058203, 47.7627718 ], [ 9.1050434, 47.7628108 ], [ 9.1038356, 47.7631158 ], [ 9.1032307, 47.7633098 ], [ 9.101051, 47.7645916 ], [ 9.0960566, 47.7659724 ], [ 9.0951552, 47.7661805 ], [ 9.0944111, 47.7662238 ], [ 9.093651, 47.7662771 ], [ 9.0931428, 47.7663403 ], [ 9.0924341, 47.7664764 ], [ 9.0919558, 47.7666449 ], [ 9.0915073, 47.7668233 ], [ 9.090386, 47.767384 ], [ 9.0897235, 47.7678192 ], [ 9.0885072, 47.7683505 ], [ 9.0878088, 47.7686661 ], [ 9.0871863, 47.7689477 ], [ 9.0866517, 47.7691863 ], [ 9.0851709, 47.7698059 ], [ 9.0832869, 47.7707199 ], [ 9.0822478, 47.7712171 ], [ 9.0817866, 47.7713368 ], [ 9.0796839, 47.7723317 ], [ 9.0780671, 47.7734385 ], [ 9.0778311, 47.7735905 ], [ 9.0773575, 47.7738268 ], [ 9.0772117, 47.7739066 ], [ 9.0758594, 47.7743994 ], [ 9.0750073, 47.7749684 ], [ 9.0747032, 47.7751715 ], [ 9.0743171, 47.7756153 ], [ 9.0739925, 47.7758275 ], [ 9.073486, 47.7761101 ], [ 9.0733927, 47.7761622 ], [ 9.0718589, 47.7766652 ], [ 9.070874, 47.7771881 ], [ 9.0692547, 47.7779591 ], [ 9.0684693, 47.7785647 ], [ 9.0678509, 47.7789737 ], [ 9.0674015, 47.7792709 ], [ 9.0666637, 47.7796271 ], [ 9.0658207, 47.7802477 ], [ 9.0654858, 47.7805187 ], [ 9.0652648, 47.7807777 ], [ 9.0643819, 47.7820025 ], [ 9.0639397, 47.7826161 ], [ 9.0637561, 47.7827975 ], [ 9.0636469, 47.7828147 ], [ 9.063611, 47.7828203 ], [ 9.0632219, 47.7828396 ], [ 9.0623962, 47.7829974 ], [ 9.062146, 47.7831175 ], [ 9.0610611, 47.7838792 ], [ 9.0601325, 47.78491 ], [ 9.0596175, 47.7854175 ], [ 9.0593446, 47.7857073 ], [ 9.0584089, 47.7868769 ], [ 9.0569396, 47.7882598 ], [ 9.0566686, 47.7887634 ], [ 9.0566016, 47.7888059 ], [ 9.0564824, 47.7888108 ], [ 9.0557836, 47.7891297 ], [ 9.055149, 47.7894124 ], [ 9.0545894, 47.7896486 ], [ 9.0537563, 47.7900096 ], [ 9.0520724, 47.7907319 ], [ 9.0513761, 47.7911525 ], [ 9.0500881, 47.7920311 ], [ 9.0497759, 47.7924597 ], [ 9.0491579, 47.7929639 ], [ 9.0491107, 47.7930244 ], [ 9.0490329, 47.7933204 ], [ 9.0489536, 47.7935672 ], [ 9.0488016, 47.7938265 ], [ 9.048748, 47.7939497 ], [ 9.0486365, 47.7943351 ], [ 9.048623, 47.7946204 ], [ 9.0485445, 47.7947658 ], [ 9.0481579, 47.79539 ], [ 9.0480328, 47.7955516 ], [ 9.0481599, 47.7956007 ], [ 9.0480568, 47.7957295 ], [ 9.047934, 47.7956903 ], [ 9.0478646, 47.7957761 ], [ 9.0480714, 47.7958707 ], [ 9.0480423, 47.7959141 ], [ 9.0479276, 47.796071 ], [ 9.0478732, 47.7961495 ], [ 9.0477973, 47.7962404 ], [ 9.047734, 47.7962639 ], [ 9.047585, 47.7962977 ], [ 9.0474576, 47.79631 ], [ 9.0472679, 47.7963086 ], [ 9.0469935, 47.7962839 ], [ 9.0467641, 47.7962544 ], [ 9.0467101, 47.7962668 ], [ 9.0462027, 47.7964221 ], [ 9.0459296, 47.7964998 ], [ 9.0457233, 47.7965269 ], [ 9.0452224, 47.7966194 ], [ 9.0446565, 47.796851 ], [ 9.0440769, 47.797139 ], [ 9.0440802, 47.7972808 ], [ 9.0439354, 47.7973966 ], [ 9.0436151, 47.7975739 ], [ 9.0432882, 47.797755 ], [ 9.0433117, 47.7978245 ], [ 9.0433053, 47.7978862 ], [ 9.0432444, 47.7979405 ], [ 9.0431402, 47.7979658 ], [ 9.0430393, 47.7979657 ], [ 9.0429683, 47.7979453 ], [ 9.0419219, 47.7986645 ], [ 9.041895, 47.7987093 ], [ 9.041876, 47.7987409 ], [ 9.0418312, 47.7988167 ], [ 9.0418299, 47.7988469 ], [ 9.0418265, 47.7989894 ], [ 9.0417529, 47.7992077 ], [ 9.0416146, 47.7993712 ], [ 9.0411819, 47.7996594 ], [ 9.0405938, 47.8000512 ], [ 9.0402384, 47.8002222 ], [ 9.0400354, 47.8003493 ], [ 9.0399287, 47.8004556 ], [ 9.039637, 47.8006413 ], [ 9.038929, 47.8009914 ], [ 9.0384886, 47.8012225 ], [ 9.0381455, 47.8009403 ], [ 9.0380145, 47.8009037 ], [ 9.0379538, 47.8008838 ], [ 9.0377136, 47.8009783 ], [ 9.0376069, 47.8009963 ], [ 9.0375234, 47.8010103 ], [ 9.0374822, 47.8009618 ], [ 9.0371174, 47.8010381 ], [ 9.0371553, 47.8010843 ], [ 9.0370847, 47.8011051 ], [ 9.0366452, 47.8011793 ], [ 9.036395, 47.8012229 ], [ 9.0362824, 47.8012542 ], [ 9.0361127, 47.8012893 ], [ 9.0355787, 47.8013883 ], [ 9.035438, 47.8014448 ], [ 9.0347966, 47.8016915 ], [ 9.0344464, 47.8019236 ], [ 9.0341161, 47.8021423 ], [ 9.0339716, 47.8022527 ], [ 9.0340445, 47.8023896 ], [ 9.033993, 47.802463 ], [ 9.0338472, 47.8025307 ], [ 9.0336843, 47.8025854 ], [ 9.0335899, 47.8025883 ], [ 9.033469, 47.8025711 ], [ 9.0333406, 47.8026358 ], [ 9.0331351, 47.8027393 ], [ 9.0329151, 47.8028501 ], [ 9.0328747, 47.8028769 ], [ 9.0327125, 47.8030235 ], [ 9.0326092, 47.8031093 ], [ 9.0324182, 47.8032363 ], [ 9.0321318, 47.8035232 ], [ 9.031701, 47.8039346 ], [ 9.0314853, 47.8041349 ], [ 9.0313353, 47.8042707 ], [ 9.031243, 47.8043773 ], [ 9.0310831, 47.8045084 ], [ 9.0309229, 47.8046625 ], [ 9.0309307, 47.8047701 ], [ 9.0306705, 47.8054155 ], [ 9.0306683, 47.8056621 ], [ 9.0307505, 47.8058781 ], [ 9.0307318, 47.8059464 ], [ 9.0307009, 47.8060771 ], [ 9.030624, 47.8064545 ], [ 9.0306859, 47.8067087 ], [ 9.0307714, 47.806809 ], [ 9.0307915, 47.8071598 ], [ 9.0309554, 47.807387 ], [ 9.0312723, 47.8076453 ], [ 9.0319765, 47.8080699 ], [ 9.0323278, 47.808236 ], [ 9.0327513, 47.8083304 ], [ 9.0331501, 47.8082776 ], [ 9.0333782, 47.8082117 ], [ 9.0333956, 47.8081324 ], [ 9.0333249, 47.8080328 ], [ 9.0333931, 47.8079577 ], [ 9.0336967, 47.8079798 ], [ 9.0340798, 47.8079252 ], [ 9.0342758, 47.807802 ], [ 9.0344031, 47.8078171 ], [ 9.0344755, 47.8078797 ], [ 9.0344638, 47.8079235 ], [ 9.0343723, 47.8079903 ], [ 9.0340244, 47.8082113 ], [ 9.0339496, 47.8082713 ], [ 9.0335982, 47.8085892 ], [ 9.0335607, 47.8086373 ], [ 9.0336237, 47.8087038 ], [ 9.0336787, 47.8087618 ], [ 9.033759, 47.808695 ], [ 9.0338761, 47.80861 ], [ 9.0339737, 47.8085134 ], [ 9.0341172, 47.80839 ], [ 9.0341842, 47.8083387 ], [ 9.0342607, 47.8082738 ], [ 9.0343087, 47.8082407 ], [ 9.0344181, 47.8081854 ], [ 9.0345075, 47.8081668 ], [ 9.0345843, 47.8081718 ], [ 9.0346335, 47.808191 ], [ 9.0346399, 47.8082375 ], [ 9.0347741, 47.8082305 ], [ 9.034803, 47.808302 ], [ 9.03475, 47.8083345 ], [ 9.0345866, 47.8084662 ], [ 9.0344954, 47.8085679 ], [ 9.0343715, 47.8086974 ], [ 9.0341925, 47.8086974 ], [ 9.033872, 47.8090195 ], [ 9.033857, 47.8090517 ], [ 9.0338205, 47.8092371 ], [ 9.0338226, 47.8098128 ], [ 9.0336088, 47.8100588 ], [ 9.0335676, 47.8102617 ], [ 9.0335138, 47.8105423 ], [ 9.0336025, 47.8109722 ], [ 9.0337878, 47.8114286 ], [ 9.0341976, 47.811895 ], [ 9.0345248, 47.8121998 ], [ 9.0348104, 47.8124492 ], [ 9.0353824, 47.8128396 ], [ 9.0355183, 47.8129602 ], [ 9.035777, 47.8129744 ], [ 9.0359638, 47.8130995 ], [ 9.0362184, 47.8131375 ], [ 9.0364634, 47.8134049 ], [ 9.0368206, 47.8135649 ], [ 9.0376658, 47.8136927 ], [ 9.03799, 47.8136842 ], [ 9.0382328, 47.8135856 ], [ 9.03834, 47.8134865 ], [ 9.0384106, 47.8133109 ], [ 9.0387428, 47.8131972 ], [ 9.0389285, 47.8131671 ], [ 9.0391696, 47.8133526 ], [ 9.039321, 47.8136529 ], [ 9.0395495, 47.8140576 ], [ 9.039534, 47.8143204 ], [ 9.0396055, 47.8149214 ], [ 9.039427, 47.8150837 ], [ 9.0392102, 47.8153543 ], [ 9.0386129, 47.8156989 ], [ 9.038495, 47.8159767 ], [ 9.0383982, 47.8163463 ], [ 9.0384348, 47.8164686 ], [ 9.0384024, 47.816613 ], [ 9.0384361, 47.8167945 ], [ 9.0384339, 47.816849 ], [ 9.0384179, 47.8168691 ], [ 9.03839, 47.8168946 ], [ 9.0383447, 47.8169069 ], [ 9.0384635, 47.8170535 ], [ 9.0385565, 47.8171336 ], [ 9.0386197, 47.8171212 ], [ 9.0386775, 47.8171189 ], [ 9.0389247, 47.8172839 ], [ 9.0391538, 47.8173694 ], [ 9.0393829, 47.8174544 ], [ 9.0394008, 47.817476 ], [ 9.0394062, 47.8175234 ], [ 9.0394581, 47.8175133 ], [ 9.039476, 47.8174844 ], [ 9.0395245, 47.8174355 ], [ 9.0396837, 47.8174123 ], [ 9.03974, 47.817397 ], [ 9.0398126, 47.8173774 ], [ 9.0399465, 47.8173363 ], [ 9.0400363, 47.8173238 ], [ 9.040112, 47.8173346 ], [ 9.0401725, 47.8173573 ], [ 9.0403198, 47.8173716 ], [ 9.0405752, 47.8173616 ], [ 9.0407957, 47.8173807 ], [ 9.040969, 47.8173615 ], [ 9.0410571, 47.817352 ], [ 9.0412377, 47.817322 ], [ 9.0414471, 47.817277 ], [ 9.0415365, 47.8172338 ], [ 9.0417047, 47.8171835 ], [ 9.0418161, 47.8171297 ], [ 9.041882, 47.8171105 ], [ 9.0419764, 47.8170983 ], [ 9.0420592, 47.8170653 ], [ 9.0420437, 47.8170149 ], [ 9.0420867, 47.8169826 ], [ 9.0421485, 47.8169749 ], [ 9.0422961, 47.8169806 ], [ 9.042473, 47.8170151 ], [ 9.042695, 47.8170401 ], [ 9.0427623, 47.8170401 ], [ 9.0427972, 47.8170323 ], [ 9.0428347, 47.8170106 ], [ 9.0428127, 47.8169758 ], [ 9.042814, 47.816948 ], [ 9.0428761, 47.8168933 ], [ 9.0430327, 47.8168055 ], [ 9.0431271, 47.8167725 ], [ 9.0432173, 47.8167758 ], [ 9.0434208, 47.8167106 ], [ 9.0441262, 47.8164847 ], [ 9.0441969, 47.8164156 ], [ 9.0443015, 47.8164129 ], [ 9.04434, 47.8164617 ], [ 9.0443775, 47.8165594 ], [ 9.0443495, 47.8166814 ], [ 9.0444311, 47.81688 ], [ 9.0445523, 47.8170476 ], [ 9.0446195, 47.8170908 ], [ 9.0446803, 47.8170983 ], [ 9.0447864, 47.8170867 ], [ 9.0448434, 47.8169933 ], [ 9.0452636, 47.816915 ], [ 9.0456645, 47.8167426 ], [ 9.0457258, 47.816674 ], [ 9.0456961, 47.8166062 ], [ 9.0454057, 47.8165839 ], [ 9.0451757, 47.8165366 ], [ 9.0447479, 47.8165432 ], [ 9.0445794, 47.8165564 ], [ 9.0445313, 47.8165346 ], [ 9.0445051, 47.8163713 ], [ 9.0446246, 47.8163479 ], [ 9.0448398, 47.8163123 ], [ 9.0450435, 47.8162454 ], [ 9.0452281, 47.8162151 ], [ 9.0454518, 47.8162013 ], [ 9.04563, 47.816318 ], [ 9.0457511, 47.8163779 ], [ 9.0459491, 47.816386 ], [ 9.0461948, 47.81643 ], [ 9.0463939, 47.8164163 ], [ 9.0465148, 47.8163961 ], [ 9.046858, 47.8162863 ], [ 9.0470095, 47.8162608 ], [ 9.0473304, 47.8162421 ], [ 9.0480569, 47.8161241 ], [ 9.0485941, 47.8160069 ], [ 9.0496285, 47.8158118 ], [ 9.05048, 47.8156645 ], [ 9.0505814, 47.8156781 ], [ 9.0506677, 47.8157212 ], [ 9.0507254, 47.8156816 ], [ 9.0506168, 47.8156276 ], [ 9.0505336, 47.8155978 ], [ 9.0507308, 47.8156384 ], [ 9.0514053, 47.8155735 ], [ 9.0517727, 47.8155838 ], [ 9.0519096, 47.8155294 ], [ 9.0520657, 47.8153023 ], [ 9.0523025, 47.8153178 ], [ 9.0525928, 47.815389 ], [ 9.052949, 47.8152619 ], [ 9.0531474, 47.8150764 ], [ 9.0534553, 47.814882 ], [ 9.0536155, 47.8147927 ], [ 9.0537897, 47.8146195 ], [ 9.053872, 47.8145548 ], [ 9.0545716, 47.8142435 ], [ 9.0549621, 47.8140697 ], [ 9.0550018, 47.8140521 ], [ 9.0551088, 47.8140567 ], [ 9.055139, 47.814058 ], [ 9.0559997, 47.8141047 ], [ 9.0563225, 47.814109 ], [ 9.0563547, 47.8142061 ], [ 9.0563999, 47.8143414 ], [ 9.0570239, 47.8144364 ], [ 9.0573482, 47.8145796 ], [ 9.0574087, 47.8146028 ], [ 9.0575322, 47.8146285 ], [ 9.0577254, 47.8146608 ], [ 9.0579332, 47.8146892 ], [ 9.0584595, 47.8148686 ], [ 9.0588768, 47.8150078 ], [ 9.059014, 47.8150363 ], [ 9.0591347, 47.8150201 ], [ 9.0593253, 47.8149522 ], [ 9.0597011, 47.8148324 ], [ 9.0598766, 47.8148287 ], [ 9.0610653, 47.8149468 ], [ 9.061145, 47.8150657 ], [ 9.0613335, 47.8150647 ], [ 9.0615253, 47.8150323 ], [ 9.0616943, 47.814953 ], [ 9.0619437, 47.8148161 ], [ 9.0620923, 47.8147358 ], [ 9.0622334, 47.8146374 ], [ 9.0623595, 47.8145576 ], [ 9.0625955, 47.8144262 ], [ 9.0626492, 47.8144046 ], [ 9.0626867, 47.8143929 ], [ 9.0626948, 47.8143622 ], [ 9.0627054, 47.8142848 ], [ 9.0627397, 47.814237 ], [ 9.0628269, 47.8142019 ], [ 9.0630461, 47.8141389 ], [ 9.0631387, 47.8141452 ], [ 9.0631963, 47.8141614 ], [ 9.0632486, 47.8141884 ], [ 9.063275, 47.8141873 ], [ 9.0633109, 47.8141808 ], [ 9.0633412, 47.8141569 ], [ 9.0633767, 47.8141384 ], [ 9.0634726, 47.8141087 ], [ 9.0636194, 47.8140939 ], [ 9.0637851, 47.8140578 ], [ 9.0638738, 47.8140376 ], [ 9.0639736, 47.8140149 ], [ 9.0647289, 47.8135349 ], [ 9.0651316, 47.813279 ], [ 9.0657925, 47.8127071 ], [ 9.0670623, 47.8109633 ], [ 9.0682412, 47.8095525 ], [ 9.0687001, 47.8089375 ], [ 9.069455, 47.8084726 ], [ 9.0699239, 47.8081096 ], [ 9.0702959, 47.8077477 ], [ 9.0705199, 47.8073317 ], [ 9.0708458, 47.8070878 ], [ 9.0712738, 47.8069848 ], [ 9.0716976, 47.8070197 ], [ 9.0721776, 47.8067898 ], [ 9.0724816, 47.8065918 ], [ 9.0729675, 47.8062909 ], [ 9.0733575, 47.8062369 ], [ 9.0738004, 47.8061949 ], [ 9.0744403, 47.8060229 ], [ 9.0750483, 47.8057599 ], [ 9.0755012, 47.805337 ], [ 9.0763371, 47.8045131 ], [ 9.077278, 47.8040051 ], [ 9.0789457, 47.8031202 ], [ 9.0815821, 47.8017802 ], [ 9.0823245, 47.8013731 ], [ 9.0826759, 47.8011533 ], [ 9.0830488, 47.8010072 ], [ 9.0839011, 47.8005265 ], [ 9.0841189, 47.8002126 ], [ 9.0841863, 47.8002094 ], [ 9.084196, 47.8001913 ], [ 9.0842081, 47.8001661 ], [ 9.0841535, 47.8001405 ], [ 9.084377, 47.7997544 ], [ 9.0846648, 47.7994794 ], [ 9.0847441, 47.799432 ], [ 9.0850354, 47.7991086 ], [ 9.0851429, 47.7991548 ], [ 9.0853027, 47.799041 ], [ 9.0852679, 47.7990309 ], [ 9.0852561, 47.7990164 ], [ 9.0852566, 47.7989985 ], [ 9.0855934, 47.7987141 ], [ 9.0859695, 47.7984292 ], [ 9.0865029, 47.798114 ], [ 9.0867878, 47.7979504 ], [ 9.0870764, 47.7977933 ], [ 9.0871234, 47.7978382 ], [ 9.0873713, 47.7979708 ], [ 9.0876287, 47.7977575 ], [ 9.0882028, 47.797447 ], [ 9.0885901, 47.797264 ], [ 9.0889948, 47.7971291 ], [ 9.0892484, 47.7970722 ], [ 9.0894795, 47.7970329 ], [ 9.0896578, 47.7970116 ], [ 9.0899218, 47.79698 ], [ 9.0901733, 47.7969553 ], [ 9.0905571, 47.7968207 ], [ 9.0908822, 47.7967328 ], [ 9.0911864, 47.7966896 ], [ 9.0913607, 47.7966813 ], [ 9.0915134, 47.7966857 ], [ 9.0915505, 47.7966868 ], [ 9.091731, 47.7966879 ], [ 9.0919395, 47.7966765 ], [ 9.0921235, 47.7966331 ], [ 9.0923601, 47.7965477 ], [ 9.0926575, 47.7964044 ], [ 9.0929805, 47.7962636 ], [ 9.0933809, 47.7960526 ], [ 9.0938421, 47.7958511 ], [ 9.0941967, 47.7956979 ], [ 9.0945132, 47.7955673 ], [ 9.0950537, 47.7953635 ], [ 9.095538, 47.7951535 ], [ 9.0957886, 47.7950769 ], [ 9.0959976, 47.7949338 ], [ 9.0961201, 47.7948897 ], [ 9.0961653, 47.7948066 ], [ 9.0963284, 47.794683 ], [ 9.0963861, 47.7946685 ], [ 9.0964285, 47.7946578 ], [ 9.0966188, 47.7946586 ], [ 9.0968187, 47.7946315 ], [ 9.0969015, 47.7946203 ], [ 9.0971268, 47.7945933 ], [ 9.0974968, 47.794549 ], [ 9.0977342, 47.7945351 ], [ 9.097971, 47.7945711 ], [ 9.0980028, 47.7946302 ], [ 9.0981194, 47.7946283 ], [ 9.0981474, 47.7947089 ], [ 9.0984715, 47.7947072 ], [ 9.0991091, 47.7946912 ], [ 9.099116, 47.7946532 ], [ 9.0992353, 47.7946335 ], [ 9.0992138, 47.7946878 ], [ 9.0999012, 47.7946759 ], [ 9.1004098, 47.7945415 ], [ 9.1013306, 47.794299 ], [ 9.1026043, 47.7939802 ], [ 9.1030962, 47.7936997 ], [ 9.1043546, 47.7933062 ], [ 9.1045901, 47.7932364 ], [ 9.1054351, 47.7929885 ], [ 9.1064778, 47.7924319 ], [ 9.1070738, 47.7921319 ], [ 9.1075453, 47.7919784 ], [ 9.1077088, 47.7919206 ], [ 9.1095316, 47.7911117 ], [ 9.1096046, 47.7910047 ], [ 9.1100675, 47.7905357 ], [ 9.1106674, 47.7898868 ], [ 9.1107066, 47.7897261 ], [ 9.1107484, 47.7895549 ], [ 9.1110244, 47.7891549 ], [ 9.1112574, 47.7890059 ], [ 9.1115405, 47.7889334 ], [ 9.1117023, 47.7888919 ], [ 9.1120023, 47.7888459 ], [ 9.1121432, 47.7888499 ], [ 9.1129141, 47.78843 ], [ 9.1131491, 47.788281 ], [ 9.1133981, 47.787938 ], [ 9.113861, 47.7877391 ], [ 9.11416, 47.7877431 ], [ 9.1147539, 47.7873731 ], [ 9.1153378, 47.7872851 ], [ 9.1156928, 47.7872281 ], [ 9.1160487, 47.7870791 ], [ 9.1165696, 47.7868122 ], [ 9.1169466, 47.7865572 ], [ 9.1170886, 47.7865342 ], [ 9.1175295, 47.7864802 ], [ 9.1181774, 47.7860953 ], [ 9.1188083, 47.7856413 ], [ 9.1188611, 47.7856356 ], [ 9.1189429, 47.7855706 ], [ 9.1190469, 47.7854368 ], [ 9.1192993, 47.7851114 ], [ 9.1194336, 47.7850835 ], [ 9.1196212, 47.7849014 ], [ 9.1197104, 47.7847905 ], [ 9.1197502, 47.7846861 ], [ 9.1197032, 47.7844855 ], [ 9.1198255, 47.7844606 ], [ 9.1201352, 47.7843975 ], [ 9.1206351, 47.7841995 ], [ 9.1208531, 47.7841741 ], [ 9.1209011, 47.7841685 ], [ 9.1210899, 47.784103 ], [ 9.121702, 47.7838905 ], [ 9.1232897, 47.7832226 ], [ 9.1244966, 47.7827077 ], [ 9.1253235, 47.7821357 ], [ 9.1264223, 47.7813538 ], [ 9.1272982, 47.7805979 ], [ 9.1280071, 47.779904 ], [ 9.1286854, 47.7790381 ], [ 9.1288461, 47.7785876 ], [ 9.1290767, 47.7782902 ], [ 9.128795, 47.7781369 ], [ 9.128637, 47.7780111 ], [ 9.1286744, 47.7779951 ], [ 9.1288568, 47.7779157 ], [ 9.1288837, 47.7779001 ], [ 9.1291269, 47.7778143 ], [ 9.1294351, 47.7778296 ], [ 9.1295046, 47.7777409 ], [ 9.1298345, 47.7772596 ], [ 9.1298949, 47.7769973 ], [ 9.1301068, 47.7768523 ], [ 9.130725, 47.7762178 ], [ 9.1327017, 47.774107 ], [ 9.1331474, 47.7732142 ], [ 9.1336118, 47.7728416 ], [ 9.1335869, 47.7727641 ], [ 9.1336429, 47.7725848 ], [ 9.1337666, 47.772308 ], [ 9.1339028, 47.7721987 ], [ 9.1341596, 47.7722007 ], [ 9.1343835, 47.7722233 ], [ 9.1345332, 47.7722351 ], [ 9.1348179, 47.7721114 ], [ 9.1350085, 47.7720286 ], [ 9.1358971, 47.771516 ], [ 9.136786, 47.770947 ], [ 9.137063, 47.7707595 ], [ 9.1371679, 47.7707071 ], [ 9.1374841, 47.7706279 ], [ 9.1381868, 47.7702301 ], [ 9.1390847, 47.7698981 ], [ 9.141114, 47.769604 ], [ 9.141784, 47.769241 ], [ 9.1418628, 47.7691122 ], [ 9.1430501, 47.7688493 ], [ 9.143798, 47.7687733 ], [ 9.1450828, 47.7686013 ], [ 9.1452348, 47.7686029 ], [ 9.1452496, 47.7681871 ], [ 9.1455402, 47.7681291 ], [ 9.1457483, 47.7681176 ], [ 9.1457962, 47.7681179 ], [ 9.1457967, 47.7681802 ], [ 9.1458626, 47.768178 ], [ 9.1457483, 47.7686083 ], [ 9.1458714, 47.7686666 ], [ 9.1461597, 47.7683953 ], [ 9.1470866, 47.7684183 ], [ 9.1485194, 47.7683308 ], [ 9.1490459, 47.7682987 ], [ 9.1492399, 47.7682969 ], [ 9.1499822, 47.7682915 ], [ 9.1504124, 47.7682879 ], [ 9.1505828, 47.7682865 ], [ 9.150702, 47.7682598 ], [ 9.1524478, 47.7677774 ], [ 9.1535709, 47.7675192 ], [ 9.1537439, 47.7674447 ], [ 9.1540461, 47.7673037 ], [ 9.1544933, 47.7672987 ], [ 9.1556831, 47.7670461 ], [ 9.1560503, 47.7669608 ], [ 9.1564069, 47.7669058 ], [ 9.1563841, 47.7668793 ], [ 9.1564409, 47.7668549 ], [ 9.156683, 47.7667567 ], [ 9.1566821, 47.7667402 ], [ 9.1567891, 47.7666921 ], [ 9.1567986, 47.7666925 ], [ 9.1568349, 47.7666938 ], [ 9.156909, 47.7666626 ], [ 9.1569084, 47.7666397 ], [ 9.1571483, 47.7665604 ], [ 9.157148, 47.7665447 ], [ 9.1574106, 47.766436 ], [ 9.1574253, 47.7664504 ], [ 9.1585384, 47.7659863 ], [ 9.1585696, 47.7659698 ], [ 9.1585035, 47.7658942 ], [ 9.1585157, 47.7658894 ], [ 9.1585276, 47.7658847 ], [ 9.1585937, 47.7659603 ], [ 9.1586073, 47.7659744 ], [ 9.15873, 47.7659671 ], [ 9.1587235, 47.7658867 ], [ 9.1587347, 47.7658863 ], [ 9.1587503, 47.7658858 ], [ 9.1587569, 47.7659662 ], [ 9.158859, 47.7659605 ], [ 9.1588534, 47.7658811 ], [ 9.1588677, 47.7658806 ], [ 9.1588812, 47.7658802 ], [ 9.1588868, 47.7659596 ], [ 9.1590282, 47.7659577 ], [ 9.1595763, 47.765729 ], [ 9.1596968, 47.7656787 ], [ 9.1596214, 47.7656046 ], [ 9.1596736, 47.7655828 ], [ 9.1597266, 47.7655563 ], [ 9.1597877, 47.7656189 ], [ 9.1599234, 47.7655865 ], [ 9.1599081, 47.7655708 ], [ 9.1600551, 47.7655121 ], [ 9.1600683, 47.7655273 ], [ 9.1601393, 47.7654968 ], [ 9.1601245, 47.7654816 ], [ 9.1601979, 47.7654512 ], [ 9.1602132, 47.7654669 ], [ 9.1602839, 47.7654371 ], [ 9.1602694, 47.7654237 ], [ 9.1603418, 47.7653938 ], [ 9.1603553, 47.7654069 ], [ 9.160424, 47.7653766 ], [ 9.1604135, 47.7653659 ], [ 9.1607521, 47.765206 ], [ 9.1607695, 47.7652211 ], [ 9.1612883, 47.7649307 ], [ 9.1614746, 47.7648123 ], [ 9.1616021, 47.7647362 ], [ 9.1615392, 47.7647046 ], [ 9.1614373, 47.7647751 ], [ 9.1613461, 47.764727 ], [ 9.1614667, 47.7646308 ], [ 9.1616345, 47.7647169 ], [ 9.1618216, 47.7645687 ], [ 9.1618143, 47.7645655 ], [ 9.1618535, 47.7645405 ], [ 9.1621038, 47.7644543 ], [ 9.1622794, 47.7643638 ], [ 9.1625144, 47.7643094 ], [ 9.1641572, 47.7635331 ], [ 9.1641967, 47.7634967 ], [ 9.1650549, 47.7631709 ], [ 9.1651562, 47.7631564 ], [ 9.1650669, 47.7630656 ], [ 9.1650775, 47.7630536 ], [ 9.165107, 47.7630496 ], [ 9.1651595, 47.7631008 ], [ 9.1652161, 47.7631453 ], [ 9.1654252, 47.7630953 ], [ 9.1654083, 47.763058 ], [ 9.165405, 47.7630086 ], [ 9.1654103, 47.762972 ], [ 9.1654419, 47.7629456 ], [ 9.1658456, 47.7627672 ], [ 9.1661426, 47.7626273 ], [ 9.1661909, 47.7626194 ], [ 9.1662447, 47.7626229 ], [ 9.1662966, 47.7626617 ], [ 9.1663293, 47.7626941 ], [ 9.1666109, 47.7626378 ], [ 9.1666387, 47.7626361 ], [ 9.1668065, 47.7626261 ], [ 9.1669972, 47.7625153 ], [ 9.1674311, 47.7623995 ], [ 9.1679561, 47.7621396 ], [ 9.1682407, 47.7619584 ], [ 9.1684699, 47.7618783 ], [ 9.1690768, 47.7616693 ], [ 9.170132, 47.7612662 ], [ 9.1706423, 47.7610964 ], [ 9.1708681, 47.7609462 ], [ 9.1710493, 47.7607593 ], [ 9.171671, 47.7604563 ], [ 9.1723055, 47.7602354 ], [ 9.1727883, 47.7600004 ], [ 9.1728766, 47.7599178 ], [ 9.1729974, 47.7599373 ], [ 9.1731191, 47.7598478 ], [ 9.1733002, 47.7598559 ], [ 9.1735751, 47.7597413 ], [ 9.1737446, 47.7596243 ], [ 9.1738302, 47.7595302 ], [ 9.1739745, 47.7593991 ], [ 9.1745537, 47.7591939 ], [ 9.1751586, 47.7590648 ], [ 9.1757237, 47.758904 ], [ 9.1760284, 47.7588262 ], [ 9.1762417, 47.758772 ], [ 9.17686, 47.758497 ], [ 9.1774301, 47.7582252 ], [ 9.1775725, 47.7581157 ], [ 9.1776182, 47.7580806 ], [ 9.1780949, 47.7579936 ], [ 9.1799168, 47.7572104 ], [ 9.1799765, 47.7571677 ], [ 9.1799964, 47.757419 ], [ 9.180306, 47.7573236 ], [ 9.1802986, 47.7571008 ], [ 9.1807097, 47.7569674 ], [ 9.1813076, 47.7568162 ], [ 9.1817352, 47.7567424 ], [ 9.181755, 47.7567355 ], [ 9.1822834, 47.7565526 ], [ 9.1826848, 47.7565572 ], [ 9.1828556, 47.7566705 ], [ 9.1830508, 47.7566753 ], [ 9.1834447, 47.7564002 ], [ 9.18393, 47.7561435 ], [ 9.1840323, 47.7561881 ], [ 9.1847969, 47.7557261 ], [ 9.1848407, 47.7555475 ], [ 9.1852371, 47.755329 ], [ 9.1859385, 47.7549164 ], [ 9.1867969, 47.7544746 ], [ 9.1877806, 47.7537545 ], [ 9.1881164, 47.7535072 ], [ 9.1883029, 47.753288 ], [ 9.1885366, 47.753207 ], [ 9.1888384, 47.7531901 ], [ 9.1891491, 47.7531089 ], [ 9.1897723, 47.7528823 ], [ 9.1900496, 47.7527389 ], [ 9.190406, 47.7525568 ], [ 9.191456, 47.7521164 ], [ 9.1919077, 47.7516748 ], [ 9.191942, 47.7516413 ], [ 9.1920205, 47.7515317 ], [ 9.1921342, 47.751373 ], [ 9.192368, 47.7509856 ], [ 9.1927825, 47.7507847 ], [ 9.192956, 47.7508592 ], [ 9.1931318, 47.7508594 ], [ 9.1933028, 47.750767 ], [ 9.193488, 47.7507013 ], [ 9.1939844, 47.750488 ], [ 9.1945769, 47.750537 ], [ 9.194698, 47.7506345 ], [ 9.1949149, 47.7506701 ], [ 9.195645, 47.7506811 ], [ 9.1959542, 47.7506797 ], [ 9.1961417, 47.7506257 ], [ 9.1964454, 47.7505829 ], [ 9.1967338, 47.7505743 ], [ 9.1972146, 47.7506059 ], [ 9.1980323, 47.7502591 ], [ 9.1985359, 47.7498804 ], [ 9.1990927, 47.7495924 ], [ 9.2000153, 47.7493961 ], [ 9.2003944, 47.7494125 ], [ 9.2010828, 47.749315 ], [ 9.20224, 47.748972 ], [ 9.2027247, 47.74887 ], [ 9.2032093, 47.7486736 ], [ 9.2039451, 47.7485244 ], [ 9.2053006, 47.7481398 ], [ 9.206529, 47.7481027 ], [ 9.2077594, 47.7479724 ], [ 9.2088447, 47.747609 ], [ 9.209347, 47.7472913 ], [ 9.2102422, 47.746838 ], [ 9.2104825, 47.7467738 ], [ 9.2107728, 47.7466859 ], [ 9.211151, 47.7466264 ], [ 9.2117897, 47.7465052 ], [ 9.2122105, 47.7464912 ], [ 9.2126119, 47.7463254 ], [ 9.2134953, 47.745979 ], [ 9.21386, 47.7458365 ], [ 9.2141497, 47.7456327 ], [ 9.2145891, 47.7455291 ], [ 9.2148536, 47.7456207 ], [ 9.2175612, 47.7444459 ], [ 9.21939, 47.7433775 ], [ 9.2209611, 47.7424222 ], [ 9.2215757, 47.7418793 ], [ 9.2217208, 47.7417362 ], [ 9.2218481, 47.7416258 ], [ 9.2221677, 47.741264 ], [ 9.2222322, 47.7411929 ], [ 9.2222755, 47.7411631 ], [ 9.2223149, 47.7411493 ], [ 9.2223249, 47.7411552 ], [ 9.2223141, 47.7411793 ], [ 9.2224084, 47.7412509 ], [ 9.2224793, 47.7412247 ], [ 9.2224876, 47.7412346 ], [ 9.2225241, 47.7412197 ], [ 9.2229802, 47.7410347 ], [ 9.2229637, 47.7410084 ], [ 9.222985, 47.7409873 ], [ 9.2230676, 47.7409641 ], [ 9.2231135, 47.7409935 ], [ 9.2235563, 47.7410481 ], [ 9.2239071, 47.7409323 ], [ 9.2239836, 47.740907 ], [ 9.2251562, 47.7403753 ], [ 9.2264339, 47.7383747 ], [ 9.227002, 47.7370557 ], [ 9.2270901, 47.7356939 ], [ 9.2267683, 47.7345454 ], [ 9.2266519, 47.7342319 ], [ 9.2266174, 47.7341326 ], [ 9.2260795, 47.7338606 ], [ 9.2261191, 47.7337931 ], [ 9.2265206, 47.733854 ], [ 9.2265102, 47.7337481 ], [ 9.2262686, 47.7331289 ], [ 9.2254501, 47.7331551 ], [ 9.2253431, 47.7330775 ], [ 9.2253782, 47.7330127 ], [ 9.225552, 47.7330141 ], [ 9.2259691, 47.7330363 ], [ 9.22628, 47.7330363 ], [ 9.2262787, 47.7329486 ], [ 9.2262859, 47.7328621 ], [ 9.2262187, 47.732713 ], [ 9.2260961, 47.7324739 ], [ 9.2261899, 47.7322032 ], [ 9.2264873, 47.7316532 ], [ 9.2267534, 47.731184 ], [ 9.2266913, 47.7307245 ], [ 9.2268618, 47.7307303 ], [ 9.2270292, 47.7306364 ], [ 9.2271024, 47.7304455 ], [ 9.2269067, 47.7302374 ], [ 9.2266905, 47.7302105 ], [ 9.2268212, 47.7289879 ], [ 9.2266538, 47.7285709 ], [ 9.2265918, 47.7281158 ], [ 9.2268346, 47.7275734 ], [ 9.2271571, 47.7271507 ], [ 9.2273381, 47.7270741 ], [ 9.2280499, 47.7267815 ], [ 9.228068, 47.7267189 ], [ 9.2281796, 47.7266095 ], [ 9.2283013, 47.7265676 ], [ 9.2284064, 47.7265039 ], [ 9.2285662, 47.7264216 ], [ 9.2286334, 47.7263422 ], [ 9.2287054, 47.7261947 ], [ 9.2286804, 47.7260172 ], [ 9.2286149, 47.7258928 ], [ 9.2285144, 47.725788 ], [ 9.2283292, 47.7257193 ], [ 9.2282541, 47.7256914 ], [ 9.227966, 47.7255965 ], [ 9.22795, 47.7253281 ], [ 9.2278167, 47.7253281 ], [ 9.2277471, 47.7250582 ], [ 9.2277093, 47.7249776 ], [ 9.2276375, 47.724846 ], [ 9.2276309, 47.7247111 ], [ 9.2277125, 47.7243566 ], [ 9.2276604, 47.7240029 ], [ 9.2275636, 47.7239627 ], [ 9.2274631, 47.723912 ], [ 9.2273746, 47.7238026 ], [ 9.2271062, 47.7238312 ], [ 9.2270089, 47.7238514 ], [ 9.2267933, 47.7238468 ], [ 9.2266668, 47.723779 ], [ 9.2266051, 47.7237377 ], [ 9.2265656, 47.7236966 ], [ 9.2265363, 47.7236626 ], [ 9.2265134, 47.7236225 ], [ 9.2265225, 47.7235211 ], [ 9.2264941, 47.7235051 ], [ 9.2264832, 47.7234406 ], [ 9.226555, 47.7233835 ], [ 9.226547, 47.7233584 ], [ 9.2264957, 47.7233366 ], [ 9.2264912, 47.7232954 ], [ 9.2265142, 47.723268 ], [ 9.2265637, 47.7232639 ], [ 9.2265763, 47.7232532 ], [ 9.2265962, 47.7232313 ], [ 9.226641, 47.7231829 ], [ 9.2266524, 47.7231706 ], [ 9.226895, 47.7229117 ], [ 9.2276732, 47.7231885 ], [ 9.2286753, 47.7235812 ], [ 9.228861, 47.7236047 ], [ 9.2291819, 47.7235047 ], [ 9.2293265, 47.7234317 ], [ 9.2295111, 47.723278 ], [ 9.2295957, 47.7230993 ], [ 9.2297049, 47.7229394 ], [ 9.2295194, 47.7228096 ], [ 9.2295299, 47.7226551 ], [ 9.2294103, 47.7225859 ], [ 9.2283523, 47.7224044 ], [ 9.2273909, 47.7222228 ], [ 9.2273798, 47.7221985 ], [ 9.2273757, 47.7221261 ], [ 9.2277837, 47.7219283 ], [ 9.2280149, 47.7219969 ], [ 9.2282575, 47.7220595 ], [ 9.2286291, 47.7221401 ], [ 9.2289629, 47.722168 ], [ 9.2292196, 47.7222122 ], [ 9.2292228, 47.7220752 ], [ 9.2292928, 47.7219353 ], [ 9.2293924, 47.7217362 ], [ 9.2296221, 47.7216629 ], [ 9.230607, 47.7198041 ], [ 9.2310209, 47.7198225 ], [ 9.2313788, 47.7191028 ], [ 9.2317432, 47.7189368 ], [ 9.2322324, 47.7183725 ], [ 9.2332652, 47.7172852 ], [ 9.2341386, 47.716664 ], [ 9.2343898, 47.7164576 ], [ 9.2341583, 47.7162998 ], [ 9.2342744, 47.71621 ], [ 9.2344764, 47.7162106 ], [ 9.2346868, 47.716323 ], [ 9.2353062, 47.7159408 ], [ 9.2355304, 47.7158025 ], [ 9.2358396, 47.7153567 ], [ 9.2360298, 47.7150825 ], [ 9.2362892, 47.7147287 ], [ 9.2365054, 47.714434 ], [ 9.2366872, 47.7143775 ], [ 9.2368695, 47.7141239 ], [ 9.2369802, 47.7139287 ], [ 9.2373411, 47.7133961 ], [ 9.2377533, 47.7128477 ], [ 9.2383425, 47.7115004 ], [ 9.2384665, 47.7112744 ], [ 9.2389026, 47.7109969 ], [ 9.2391884, 47.7109467 ], [ 9.2393523, 47.7107597 ], [ 9.2404372, 47.7099541 ], [ 9.2417272, 47.709072 ], [ 9.2431865, 47.7080483 ], [ 9.2437643, 47.7075529 ], [ 9.2443552, 47.7072336 ], [ 9.2444871, 47.7071623 ], [ 9.245639, 47.706474 ], [ 9.2475781, 47.7051515 ], [ 9.249135, 47.7041263 ], [ 9.2497843, 47.7036485 ], [ 9.2501384, 47.7034433 ], [ 9.2509272, 47.7029264 ], [ 9.2513868, 47.7026645 ], [ 9.2524736, 47.7019424 ], [ 9.252908, 47.7016526 ], [ 9.2532887, 47.7014459 ], [ 9.2540269, 47.700979 ], [ 9.2547598, 47.7005338 ], [ 9.2557105, 47.6999141 ], [ 9.2564636, 47.6993313 ], [ 9.2570978, 47.6990685 ], [ 9.2584723, 47.6984049 ], [ 9.2585902, 47.6983515 ], [ 9.2596588, 47.6978683 ], [ 9.2599225, 47.6977344 ], [ 9.260502, 47.6974401 ], [ 9.261298, 47.6970712 ], [ 9.2620118, 47.696713 ], [ 9.2620807, 47.6967792 ], [ 9.2621075, 47.6968049 ], [ 9.262125, 47.6967971 ], [ 9.2624958, 47.6966308 ], [ 9.262515, 47.6966222 ], [ 9.2629348, 47.6964555 ], [ 9.2633799, 47.696297 ], [ 9.2635007, 47.6962017 ], [ 9.2638989, 47.6959239 ], [ 9.2642542, 47.6956485 ], [ 9.2643322, 47.6956188 ], [ 9.2645251, 47.6954165 ], [ 9.2650035, 47.6950055 ], [ 9.2648409, 47.6948559 ], [ 9.2647659, 47.6948013 ], [ 9.2646911, 47.6947391 ], [ 9.2646031, 47.6946791 ], [ 9.2645529, 47.6946449 ], [ 9.2643863, 47.6947424 ], [ 9.264195, 47.6948537 ], [ 9.2639151, 47.6949958 ], [ 9.2636742, 47.6950995 ], [ 9.2636781, 47.6951082 ], [ 9.2636729, 47.6951197 ], [ 9.2636616, 47.6951244 ], [ 9.2636416, 47.6951244 ], [ 9.2636249, 47.6951142 ], [ 9.263615, 47.6950985 ], [ 9.2636691, 47.6950755 ], [ 9.2639087, 47.6949664 ], [ 9.2641693, 47.6948327 ], [ 9.2643657, 47.6947199 ], [ 9.2645073, 47.6946385 ], [ 9.2645105, 47.6946217 ], [ 9.264531, 47.6946087 ], [ 9.2645534, 47.6946076 ], [ 9.2652961, 47.6941601 ], [ 9.265487, 47.6940868 ], [ 9.2654914, 47.6940129 ], [ 9.26552, 47.6939718 ], [ 9.2655819, 47.6939608 ], [ 9.2656404, 47.6939726 ], [ 9.2659394, 47.6939435 ], [ 9.2666052, 47.6938813 ], [ 9.2667524, 47.6938304 ], [ 9.2673583, 47.6936639 ], [ 9.2674258, 47.6937526 ], [ 9.2676162, 47.6937503 ], [ 9.2681412, 47.6936596 ], [ 9.2681251, 47.6936208 ], [ 9.2686173, 47.693549 ], [ 9.2686321, 47.693526 ], [ 9.2686596, 47.6935059 ], [ 9.2687068, 47.6934968 ], [ 9.2687416, 47.6935005 ], [ 9.2687649, 47.6935079 ], [ 9.2687865, 47.6935226 ], [ 9.269078, 47.6933955 ], [ 9.2689953, 47.6932617 ], [ 9.2689575, 47.6932005 ], [ 9.2694794, 47.6928724 ], [ 9.2701061, 47.6926486 ], [ 9.2709507, 47.6923426 ], [ 9.2709403, 47.6923328 ], [ 9.2713845, 47.6920141 ], [ 9.2714427, 47.692056 ], [ 9.2714855, 47.6919835 ], [ 9.2716054, 47.6918691 ], [ 9.2718346, 47.6916676 ], [ 9.2721877, 47.6914949 ], [ 9.2722325, 47.6914376 ], [ 9.2722716, 47.6914155 ], [ 9.2723258, 47.6914049 ], [ 9.2723806, 47.6914098 ], [ 9.2724305, 47.6914284 ], [ 9.2724687, 47.6914574 ], [ 9.2727522, 47.6914773 ], [ 9.2730742, 47.6915 ], [ 9.2732989, 47.691603 ], [ 9.2735086, 47.6917376 ], [ 9.2745061, 47.6914254 ], [ 9.2745987, 47.6914798 ], [ 9.2745717, 47.6914993 ], [ 9.2746089, 47.6916684 ], [ 9.2750066, 47.6915265 ], [ 9.275366, 47.6912152 ], [ 9.2755247, 47.690964 ], [ 9.2756115, 47.6907316 ], [ 9.2758901, 47.690458 ], [ 9.2761655, 47.6903638 ], [ 9.2763794, 47.6902557 ], [ 9.2766036, 47.6901276 ], [ 9.2767977, 47.6900378 ], [ 9.2771094, 47.6899557 ], [ 9.2774015, 47.689887 ], [ 9.277605, 47.6898552 ], [ 9.2777906, 47.6898279 ], [ 9.277928, 47.6897933 ], [ 9.2779928, 47.6897742 ], [ 9.2790722, 47.689107 ], [ 9.2795223, 47.6888476 ], [ 9.279612, 47.6888118 ], [ 9.2795779, 47.6887517 ], [ 9.279607, 47.6886905 ], [ 9.2796911, 47.6886579 ], [ 9.2797867, 47.6886688 ], [ 9.2798686, 47.6886345 ], [ 9.2801705, 47.688523 ], [ 9.2805175, 47.6883544 ], [ 9.2808392, 47.6881011 ], [ 9.2811067, 47.6878906 ], [ 9.2812029, 47.6878149 ], [ 9.2814396, 47.6876084 ], [ 9.2818626, 47.6873551 ], [ 9.2819688, 47.6872383 ], [ 9.2820192, 47.6872057 ], [ 9.2824683, 47.6869157 ], [ 9.2833231, 47.6865702 ], [ 9.2835342, 47.6863844 ], [ 9.2835839, 47.6863904 ], [ 9.2834552, 47.6865578 ], [ 9.2836474, 47.6865763 ], [ 9.2837657, 47.6864131 ], [ 9.2840654, 47.6863432 ], [ 9.2842607, 47.6862573 ], [ 9.2847773, 47.6861192 ], [ 9.2853967, 47.6859033 ], [ 9.2855358, 47.6858091 ], [ 9.2857146, 47.6856707 ], [ 9.2860704, 47.6854602 ], [ 9.2866881, 47.684843 ], [ 9.2866471, 47.6847956 ], [ 9.2866737, 47.6847831 ], [ 9.2867536, 47.6848278 ], [ 9.2868993, 47.6847627 ], [ 9.2870022, 47.6847416 ], [ 9.2871988, 47.6847055 ], [ 9.2878125, 47.6844034 ], [ 9.2879209, 47.6843183 ], [ 9.2881588, 47.6840262 ], [ 9.2884514, 47.6836837 ], [ 9.2885209, 47.6836173 ], [ 9.2885899, 47.6835424 ], [ 9.2884521, 47.6833726 ], [ 9.2884631, 47.6832666 ], [ 9.2889, 47.6829405 ], [ 9.2896168, 47.6824296 ], [ 9.2896285, 47.6823915 ], [ 9.2896478, 47.6823775 ], [ 9.2896709, 47.6823678 ], [ 9.2897029, 47.6823636 ], [ 9.2897783, 47.6823823 ], [ 9.2898151, 47.682397 ], [ 9.2898508, 47.6824097 ], [ 9.2898619, 47.6824243 ], [ 9.2898647, 47.6824375 ], [ 9.2898639, 47.6824666 ], [ 9.2900256, 47.6825346 ], [ 9.2900509, 47.6825311 ], [ 9.2900761, 47.6825329 ], [ 9.290097, 47.6825393 ], [ 9.2901101, 47.6825496 ], [ 9.2901198, 47.6825664 ], [ 9.2901224, 47.6825854 ], [ 9.2902189, 47.6826459 ], [ 9.2902504, 47.6826349 ], [ 9.2902775, 47.6826216 ], [ 9.2902206, 47.6825131 ], [ 9.2904406, 47.6825078 ], [ 9.2906322, 47.682486 ], [ 9.2911606, 47.682214 ], [ 9.2921202, 47.6818391 ], [ 9.2927816, 47.6816457 ], [ 9.2933936, 47.6814372 ], [ 9.294111, 47.6811631 ], [ 9.2946623, 47.6810992 ], [ 9.2948072, 47.6810611 ], [ 9.2955953, 47.68086 ], [ 9.2963742, 47.6805704 ], [ 9.2970762, 47.680221 ], [ 9.2979665, 47.6796976 ], [ 9.2983117, 47.6795434 ], [ 9.2984008, 47.6795036 ], [ 9.2987421, 47.6793911 ], [ 9.2998339, 47.6790542 ], [ 9.3005869, 47.6788009 ], [ 9.3013063, 47.6785213 ], [ 9.3017156, 47.6783525 ], [ 9.3021636, 47.6782109 ], [ 9.3026709, 47.6780395 ], [ 9.3028981, 47.6779339 ], [ 9.3031772, 47.6776676 ], [ 9.303317, 47.677517 ], [ 9.3033873, 47.6773591 ], [ 9.3034172, 47.6772695 ], [ 9.30347, 47.6772385 ], [ 9.3035386, 47.6772208 ], [ 9.3036101, 47.6772039 ], [ 9.3037049, 47.677182 ], [ 9.3038432, 47.6771837 ], [ 9.304032, 47.6771598 ], [ 9.3044663, 47.6771094 ], [ 9.304956, 47.6770107 ], [ 9.3056056, 47.6769013 ], [ 9.3060449, 47.6767667 ], [ 9.3064212, 47.6766194 ], [ 9.3067413, 47.6764637 ], [ 9.3069842, 47.6762954 ], [ 9.3073592, 47.6760621 ], [ 9.3076794, 47.6758285 ], [ 9.3079378, 47.6756028 ], [ 9.3082913, 47.6753719 ], [ 9.3087354, 47.6751641 ], [ 9.309924, 47.6745606 ], [ 9.3100804, 47.6744677 ], [ 9.3101031, 47.6744532 ], [ 9.3104622, 47.6742332 ], [ 9.3113593, 47.6738445 ], [ 9.3123658, 47.6736366 ], [ 9.3127638, 47.6736124 ], [ 9.3130511, 47.673617 ], [ 9.3135426, 47.6735415 ], [ 9.3136851, 47.6735649 ], [ 9.3137623, 47.673562 ], [ 9.3138965, 47.6734584 ], [ 9.3139488, 47.673452 ], [ 9.3138223, 47.6731358 ], [ 9.313812, 47.6731091 ], [ 9.31406, 47.6730494 ], [ 9.3140954, 47.6730407 ], [ 9.3141036, 47.6730372 ], [ 9.3141102, 47.6730318 ], [ 9.3141194, 47.6730212 ], [ 9.3141248, 47.6730151 ], [ 9.3141305, 47.6730103 ], [ 9.3141384, 47.6730064 ], [ 9.3141482, 47.6730039 ], [ 9.3141588, 47.6730034 ], [ 9.3141686, 47.6730046 ], [ 9.3141747, 47.6730066 ], [ 9.3141856, 47.6730048 ], [ 9.3143133, 47.672983 ], [ 9.3144428, 47.6729608 ], [ 9.3144535, 47.6729595 ], [ 9.3144583, 47.6729551 ], [ 9.3144654, 47.6729513 ], [ 9.3144735, 47.6729487 ], [ 9.3144829, 47.6729473 ], [ 9.3144889, 47.6729474 ], [ 9.3144977, 47.6729489 ], [ 9.3145101, 47.6729531 ], [ 9.3145256, 47.6729591 ], [ 9.3145356, 47.6729621 ], [ 9.3145432, 47.6729629 ], [ 9.3145584, 47.6729617 ], [ 9.3148064, 47.6729324 ], [ 9.3148177, 47.6729319 ], [ 9.314827, 47.6729326 ], [ 9.3148355, 47.6729351 ], [ 9.3148427, 47.6729392 ], [ 9.3148483, 47.6729444 ], [ 9.3148528, 47.6729524 ], [ 9.3149601, 47.67323 ], [ 9.3149788, 47.6732838 ], [ 9.3149927, 47.6733495 ], [ 9.3149959, 47.673397 ], [ 9.3149943, 47.6734599 ], [ 9.3149836, 47.6735256 ], [ 9.3149663, 47.6735978 ], [ 9.314954, 47.6736487 ], [ 9.3149182, 47.6738534 ], [ 9.3149029, 47.6739286 ], [ 9.3149298, 47.6739275 ], [ 9.3152345, 47.6739144 ], [ 9.3153066, 47.6738872 ], [ 9.3158679, 47.6736857 ], [ 9.3162083, 47.67348 ], [ 9.3167085, 47.6731859 ], [ 9.3168522, 47.6732982 ], [ 9.3171968, 47.6732681 ], [ 9.3174078, 47.673207 ], [ 9.3178502, 47.673159 ], [ 9.317911, 47.6732643 ], [ 9.3179382, 47.6732604 ], [ 9.3181942, 47.6732235 ], [ 9.3183737, 47.6731926 ], [ 9.3188985, 47.6731022 ], [ 9.3188951, 47.6730823 ], [ 9.3188793, 47.6730318 ], [ 9.3189164, 47.6729798 ], [ 9.3189502, 47.6729554 ], [ 9.3190925, 47.6729286 ], [ 9.3191976, 47.6729173 ], [ 9.31931, 47.6729197 ], [ 9.3193131, 47.6729408 ], [ 9.3193265, 47.6729951 ], [ 9.3195049, 47.672923 ], [ 9.3195312, 47.6728611 ], [ 9.3196361, 47.6728026 ], [ 9.3197955, 47.672761 ], [ 9.3200494, 47.6726913 ], [ 9.3203066, 47.6726624 ], [ 9.320523, 47.6726698 ], [ 9.3208609, 47.6727114 ], [ 9.3212892, 47.6727796 ], [ 9.3214377, 47.672853 ], [ 9.3215693, 47.6728102 ], [ 9.3216571, 47.672728 ], [ 9.3218129, 47.6726779 ], [ 9.3219303, 47.672627 ], [ 9.3221953, 47.6725513 ], [ 9.3225859, 47.6724899 ], [ 9.3228565, 47.6724896 ], [ 9.3232974, 47.672514 ], [ 9.3237046, 47.6724599 ], [ 9.3240806, 47.6723151 ], [ 9.3243722, 47.672169 ], [ 9.3258918, 47.6715102 ], [ 9.3261104, 47.6713965 ], [ 9.3266893, 47.6710954 ], [ 9.3271849, 47.6708323 ], [ 9.3277568, 47.6706043 ], [ 9.3279176, 47.6705134 ], [ 9.3281125, 47.6703293 ], [ 9.3281307, 47.670314 ], [ 9.3287822, 47.6697652 ], [ 9.3290929, 47.6695035 ], [ 9.329733, 47.6691241 ], [ 9.3305641, 47.6686807 ], [ 9.3308698, 47.668464 ], [ 9.3312049, 47.6682016 ], [ 9.3315978, 47.6677997 ], [ 9.3322874, 47.6670842 ], [ 9.3326076, 47.666844 ], [ 9.3326575, 47.6667775 ], [ 9.3325897, 47.6666956 ], [ 9.3325991, 47.6666687 ], [ 9.3326945, 47.6666987 ], [ 9.3328414, 47.6667688 ], [ 9.3330073, 47.6668836 ], [ 9.3332087, 47.6668234 ], [ 9.3331026, 47.6667028 ], [ 9.3330743, 47.666636 ], [ 9.3330622, 47.6666038 ], [ 9.3331111, 47.666623 ], [ 9.3331589, 47.6666322 ], [ 9.3336505, 47.6665375 ], [ 9.3340397, 47.666472 ], [ 9.3344289, 47.666428 ], [ 9.3349239, 47.6663892 ], [ 9.3351503, 47.6663655 ], [ 9.3353578, 47.6663981 ], [ 9.3357982, 47.666453 ], [ 9.3362386, 47.6664566 ], [ 9.3367697, 47.6664758 ], [ 9.3376183, 47.6661738 ], [ 9.3382283, 47.6656976 ], [ 9.338272, 47.6655999 ], [ 9.3385276, 47.6654144 ], [ 9.339659, 47.6648956 ], [ 9.3401403, 47.6646853 ], [ 9.3424254, 47.6636459 ], [ 9.3429693, 47.6634013 ], [ 9.343354, 47.6632659 ], [ 9.3436508, 47.6632935 ], [ 9.3448099, 47.6627965 ], [ 9.3460385, 47.6620576 ], [ 9.3468834, 47.6619967 ], [ 9.3484002, 47.6615617 ], [ 9.3489361, 47.6612337 ], [ 9.3491502, 47.6609604 ], [ 9.3495145, 47.66108 ], [ 9.349841, 47.6609088 ], [ 9.3502671, 47.6609008 ], [ 9.3509146, 47.6610403 ], [ 9.3515476, 47.6609818 ], [ 9.3526333, 47.6606886 ], [ 9.3528436, 47.6605923 ], [ 9.3531086, 47.6605248 ], [ 9.3532723, 47.6604877 ], [ 9.3534298, 47.6604867 ], [ 9.3535359, 47.6605297 ], [ 9.3535903, 47.6605934 ], [ 9.353594, 47.6606367 ], [ 9.3535606, 47.6606639 ], [ 9.3535147, 47.6606786 ], [ 9.3534703, 47.6606837 ], [ 9.3534166, 47.6606847 ], [ 9.3534149, 47.6606417 ], [ 9.3530684, 47.660648 ], [ 9.3530768, 47.6608588 ], [ 9.3534337, 47.6608524 ], [ 9.3534288, 47.6607293 ], [ 9.353472, 47.6607285 ], [ 9.3534748, 47.6607428 ], [ 9.3538108, 47.6607009 ], [ 9.3541837, 47.6606362 ], [ 9.3546405, 47.6606401 ], [ 9.3546662, 47.6607167 ], [ 9.3546133, 47.6607224 ], [ 9.3546291, 47.6607879 ], [ 9.3547251, 47.6607774 ], [ 9.3547094, 47.660712 ], [ 9.3547105, 47.6606555 ], [ 9.35473, 47.6606308 ], [ 9.354742, 47.6606383 ], [ 9.3547452, 47.6606611 ], [ 9.354806, 47.660662 ], [ 9.3548685, 47.6606386 ], [ 9.3551313, 47.6605877 ], [ 9.3552172, 47.6605806 ], [ 9.3556766, 47.660426 ], [ 9.3564687, 47.6601818 ], [ 9.3567836, 47.6601127 ], [ 9.3568867, 47.660117 ], [ 9.3569769, 47.6601387 ], [ 9.3571685, 47.6602309 ], [ 9.3573244, 47.6604064 ], [ 9.3580561, 47.6611068 ], [ 9.3582625, 47.6612344 ], [ 9.3583759, 47.6613477 ], [ 9.3587117, 47.6615253 ], [ 9.3595201, 47.6616964 ], [ 9.359836, 47.6617317 ], [ 9.3600506, 47.6617557 ], [ 9.3604365, 47.6617597 ], [ 9.360975, 47.6617481 ], [ 9.3614092, 47.6618227 ], [ 9.3616347, 47.6618852 ], [ 9.3617114, 47.6618078 ], [ 9.3621824, 47.6620258 ], [ 9.3628048, 47.6623864 ], [ 9.3629119, 47.6623001 ], [ 9.3629437, 47.6623151 ], [ 9.3628084, 47.6624236 ], [ 9.3626942, 47.66235 ], [ 9.3625352, 47.6624376 ], [ 9.3627053, 47.6625238 ], [ 9.3627638, 47.6624699 ], [ 9.363192, 47.6626482 ], [ 9.3637194, 47.6627734 ], [ 9.3645967, 47.6631712 ], [ 9.3648453, 47.6632957 ], [ 9.3653295, 47.6634493 ], [ 9.3654433, 47.6634427 ], [ 9.3655344, 47.6634374 ], [ 9.3656036, 47.6634334 ], [ 9.3657937, 47.6634224 ], [ 9.3658209, 47.6634173 ], [ 9.3662116, 47.6633443 ], [ 9.36623, 47.6633409 ], [ 9.36627, 47.6633334 ], [ 9.3665178, 47.6631665 ], [ 9.3665821, 47.6631232 ], [ 9.3667116, 47.6629936 ], [ 9.3667302, 47.662975 ], [ 9.3667971, 47.6625819 ], [ 9.3668151, 47.6623703 ], [ 9.3668455, 47.6622761 ], [ 9.36689, 47.6622182 ], [ 9.3669087, 47.6621939 ], [ 9.3669415, 47.6621771 ], [ 9.3670047, 47.6621447 ], [ 9.3670703, 47.6621206 ], [ 9.3671127, 47.662105 ], [ 9.3671922, 47.6620981 ], [ 9.3672832, 47.6620902 ], [ 9.3673191, 47.6620871 ], [ 9.3675163, 47.6621189 ], [ 9.3675237, 47.6621201 ], [ 9.3675736, 47.6621931 ], [ 9.3675894, 47.6622771 ], [ 9.3675655, 47.6624174 ], [ 9.3675495, 47.6624657 ], [ 9.3674778, 47.6626823 ], [ 9.3678526, 47.6627601 ], [ 9.3678113, 47.6627299 ], [ 9.3678127, 47.6626864 ], [ 9.3678403, 47.6626491 ], [ 9.3678733, 47.6626317 ], [ 9.3679292, 47.662627 ], [ 9.3679876, 47.6626523 ], [ 9.3680344, 47.6626948 ], [ 9.3681315, 47.6627242 ], [ 9.368263, 47.6627541 ], [ 9.3683775, 47.662803 ], [ 9.3684957, 47.6628691 ], [ 9.3685906, 47.6629465 ], [ 9.3686568, 47.6630722 ], [ 9.3687119, 47.6631966 ], [ 9.3687063, 47.6633634 ], [ 9.3686568, 47.6635349 ], [ 9.3684249, 47.6637613 ], [ 9.3678993, 47.6639526 ], [ 9.3677315, 47.6641435 ], [ 9.3682694, 47.6645404 ], [ 9.3686584, 47.6648224 ], [ 9.3701012, 47.6652544 ], [ 9.3704098, 47.6652299 ], [ 9.3712708, 47.6646979 ], [ 9.3716045, 47.6648554 ], [ 9.3717412, 47.6648922 ], [ 9.3718103, 47.664909 ], [ 9.3720016, 47.6649977 ], [ 9.372372, 47.6651885 ], [ 9.3725807, 47.6655082 ], [ 9.3734007, 47.6656813 ], [ 9.3736837, 47.6656353 ], [ 9.3741615, 47.6657576 ], [ 9.3747008, 47.6656957 ], [ 9.3749344, 47.6656137 ], [ 9.3760184, 47.6651014 ], [ 9.3763137, 47.6646727 ], [ 9.3767193, 47.6644755 ], [ 9.3777611, 47.6643195 ], [ 9.378128, 47.6642339 ], [ 9.378187, 47.664335 ], [ 9.3781922, 47.6643779 ], [ 9.3783144, 47.664392 ], [ 9.378295, 47.664363 ], [ 9.3783616, 47.6643298 ], [ 9.3784955, 47.6643285 ], [ 9.378564, 47.6643439 ], [ 9.3786063, 47.6643785 ], [ 9.3786522, 47.6644244 ], [ 9.3786732, 47.6644751 ], [ 9.3787393, 47.6646457 ], [ 9.3790529, 47.6647355 ], [ 9.3793559, 47.6649904 ], [ 9.3807837, 47.6649444 ], [ 9.3809737, 47.6650404 ], [ 9.3812306, 47.6653684 ], [ 9.3816964, 47.6655575 ], [ 9.38214, 47.6656124 ], [ 9.3825729, 47.6657276 ], [ 9.3833573, 47.6656054 ], [ 9.3838083, 47.6654904 ], [ 9.3847391, 47.6655024 ], [ 9.3854101, 47.6654484 ], [ 9.385797, 47.6654754 ], [ 9.3860158, 47.665501 ], [ 9.3867403, 47.6653391 ], [ 9.3868692, 47.6652221 ], [ 9.3869544, 47.6651066 ], [ 9.3870568, 47.6650558 ], [ 9.3870072, 47.6648337 ], [ 9.3869857, 47.6646595 ], [ 9.3869973, 47.6646229 ], [ 9.3870375, 47.6645994 ], [ 9.3870938, 47.6645854 ], [ 9.3871353, 47.6645577 ], [ 9.3871877, 47.6645376 ], [ 9.3872545, 47.6645371 ], [ 9.3873352, 47.6645579 ], [ 9.3874138, 47.6645873 ], [ 9.3874948, 47.6649153 ], [ 9.3875944, 47.6650266 ], [ 9.3876454, 47.6650835 ], [ 9.3876715, 47.6651142 ], [ 9.3876863, 47.6651437 ], [ 9.3876541, 47.6653825 ], [ 9.3875699, 47.6655026 ], [ 9.3877373, 47.6658613 ], [ 9.3878641, 47.6662206 ], [ 9.3880269, 47.666444 ], [ 9.3882744, 47.6666485 ], [ 9.3883229, 47.6667077 ], [ 9.3884524, 47.6667806 ], [ 9.3889858, 47.666951 ], [ 9.3897275, 47.6672443 ], [ 9.390306, 47.6673792 ], [ 9.3908788, 47.6674671 ], [ 9.3915509, 47.667502 ], [ 9.3920842, 47.667503 ], [ 9.3923913, 47.6675758 ], [ 9.3926915, 47.6681684 ], [ 9.3927622, 47.6680597 ], [ 9.3929434, 47.6679468 ], [ 9.3933765, 47.6675671 ], [ 9.3942052, 47.6674865 ], [ 9.3951029, 47.6675552 ], [ 9.3959018, 47.667747 ], [ 9.3965475, 47.6679764 ], [ 9.3970043, 47.6682413 ], [ 9.397763, 47.6682977 ], [ 9.3983787, 47.6684085 ], [ 9.3989194, 47.6685415 ], [ 9.399811, 47.6683021 ], [ 9.39983, 47.6682182 ], [ 9.399902, 47.6681382 ], [ 9.40013, 47.6681722 ], [ 9.4013457, 47.6678721 ], [ 9.4017271, 47.667893 ], [ 9.4018704, 47.667923 ], [ 9.4018824, 47.667972 ], [ 9.4020927, 47.668025 ], [ 9.4023107, 47.6680535 ], [ 9.4024491, 47.66805 ], [ 9.402514, 47.6680216 ], [ 9.402534, 47.6679043 ], [ 9.4025693, 47.6679068 ], [ 9.4026156, 47.6679118 ], [ 9.4025943, 47.6680267 ], [ 9.4027494, 47.6680509 ], [ 9.4028749, 47.6680638 ], [ 9.4029941, 47.668064 ], [ 9.4031207, 47.6680496 ], [ 9.4032078, 47.6680373 ], [ 9.4033696, 47.6680343 ], [ 9.4033741, 47.6679925 ], [ 9.4033922, 47.6679934 ], [ 9.4035145, 47.6679994 ], [ 9.4035705, 47.6680024 ], [ 9.403635, 47.6680053 ], [ 9.4036144, 47.6680301 ], [ 9.4036048, 47.6680491 ], [ 9.4035979, 47.6680661 ], [ 9.4035918, 47.6680854 ], [ 9.4035846, 47.6681332 ], [ 9.4036282, 47.6682083 ], [ 9.4038062, 47.6683354 ], [ 9.4040299, 47.6683637 ], [ 9.4042214, 47.6683867 ], [ 9.4043432, 47.6684289 ], [ 9.4044732, 47.6683126 ], [ 9.4045489, 47.6683022 ], [ 9.4045799, 47.6683283 ], [ 9.4051988, 47.6682988 ], [ 9.405247, 47.6682965 ], [ 9.405283, 47.6682943 ], [ 9.405292, 47.6683819 ], [ 9.405647, 47.6683518 ], [ 9.4056587, 47.6683166 ], [ 9.4066045, 47.668315 ], [ 9.4071603, 47.6683153 ], [ 9.4075795, 47.6681232 ], [ 9.4078666, 47.6679965 ], [ 9.40811, 47.6678446 ], [ 9.408408, 47.6676816 ], [ 9.408642, 47.6675475 ], [ 9.4087219, 47.6674965 ], [ 9.4087549, 47.6674583 ], [ 9.4087704, 47.6674083 ], [ 9.4087602, 47.6673158 ], [ 9.4087611, 47.667189 ], [ 9.4087826, 47.6670735 ], [ 9.4088425, 47.6670068 ], [ 9.4088758, 47.6670582 ], [ 9.4093485, 47.6669463 ], [ 9.4094319, 47.6670759 ], [ 9.4095586, 47.6671255 ], [ 9.4096703, 47.6671693 ], [ 9.4096926, 47.6671609 ], [ 9.4097035, 47.6671569 ], [ 9.4097229, 47.6671482 ], [ 9.4097266, 47.667107 ], [ 9.4095914, 47.6668591 ], [ 9.4096128, 47.6667866 ], [ 9.4096871, 47.6667376 ], [ 9.4097961, 47.6667403 ], [ 9.4099051, 47.6667591 ], [ 9.4099913, 47.6668063 ], [ 9.4100983, 47.6668533 ], [ 9.410246, 47.6669486 ], [ 9.4104103, 47.6670214 ], [ 9.4105687, 47.6670631 ], [ 9.410783, 47.6670964 ], [ 9.4109928, 47.6671542 ], [ 9.4112976, 47.6672206 ], [ 9.4117331, 47.6672298 ], [ 9.4121846, 47.6671652 ], [ 9.4125688, 47.6671168 ], [ 9.4129904, 47.6670988 ], [ 9.4132764, 47.6671249 ], [ 9.4135448, 47.6671747 ], [ 9.4136949, 47.6672282 ], [ 9.4139149, 47.6673084 ], [ 9.4140813, 47.6673198 ], [ 9.4142618, 47.6673152 ], [ 9.4143862, 47.6672872 ], [ 9.4145248, 47.6672481 ], [ 9.4147843, 47.6671856 ], [ 9.4150212, 47.6671311 ], [ 9.415137, 47.6671202 ], [ 9.4154551, 47.6670436 ], [ 9.4165009, 47.6666656 ], [ 9.4165329, 47.6666637 ], [ 9.4166846, 47.6666548 ], [ 9.4172059, 47.6665102 ], [ 9.4176392, 47.6662897 ], [ 9.4178228, 47.6663096 ], [ 9.4181114, 47.6663408 ], [ 9.418333, 47.6662529 ], [ 9.4184219, 47.6661667 ], [ 9.4185865, 47.6661045 ], [ 9.4187194, 47.666116 ], [ 9.4188615, 47.6661666 ], [ 9.4189685, 47.666196 ], [ 9.4191418, 47.6661857 ], [ 9.419311, 47.6661249 ], [ 9.41946, 47.6660279 ], [ 9.4202447, 47.6657329 ], [ 9.4208729, 47.6656982 ], [ 9.4216971, 47.6653509 ], [ 9.4225044, 47.6648719 ], [ 9.4230259, 47.664446 ], [ 9.423111, 47.6643667 ], [ 9.4232428, 47.664134 ], [ 9.4234568, 47.6638005 ], [ 9.424369, 47.6631708 ], [ 9.4246026, 47.6630486 ], [ 9.4247848, 47.6629483 ], [ 9.4257354, 47.662236 ], [ 9.4262817, 47.6619852 ], [ 9.4267531, 47.6617619 ], [ 9.4270554, 47.6616101 ], [ 9.4274323, 47.6617479 ], [ 9.4280909, 47.661315 ], [ 9.4282777, 47.6613082 ], [ 9.4287312, 47.6609695 ], [ 9.4309773, 47.6592987 ], [ 9.4326154, 47.6581748 ], [ 9.4327643, 47.6580727 ], [ 9.4327796, 47.6580452 ], [ 9.4329045, 47.6578209 ], [ 9.4332412, 47.6575305 ], [ 9.4334788, 47.6573878 ], [ 9.4335434, 47.6573802 ], [ 9.4336081, 47.6573331 ], [ 9.4336979, 47.6573324 ], [ 9.4338332, 47.6572851 ], [ 9.4339143, 47.6572257 ], [ 9.4340652, 47.6572205 ], [ 9.4341035, 47.6572192 ], [ 9.4344332, 47.6571559 ], [ 9.4346725, 47.6570324 ], [ 9.4347574, 47.6570304 ], [ 9.4350281, 47.6569543 ], [ 9.4352121, 47.6568437 ], [ 9.435417, 47.6568 ], [ 9.4354547, 47.6567487 ], [ 9.4354495, 47.6567011 ], [ 9.4354472, 47.6565779 ], [ 9.4356384, 47.6565992 ], [ 9.4357711, 47.6566541 ], [ 9.4362269, 47.6565204 ], [ 9.4362232, 47.6564699 ], [ 9.4363108, 47.6564297 ], [ 9.4363696, 47.6564714 ], [ 9.4368107, 47.6564554 ], [ 9.4369185, 47.6563806 ], [ 9.4371766, 47.6563021 ], [ 9.4373624, 47.6563859 ], [ 9.4374982, 47.6564044 ], [ 9.437988, 47.6565239 ], [ 9.4383354, 47.656554 ], [ 9.4384715, 47.6565872 ], [ 9.4388024, 47.6565784 ], [ 9.4389617, 47.6565408 ], [ 9.4391589, 47.6566262 ], [ 9.4393255, 47.6566173 ], [ 9.4393943, 47.6565854 ], [ 9.4394781, 47.6566053 ], [ 9.4395484, 47.6566555 ], [ 9.4400182, 47.6567743 ], [ 9.4401966, 47.6568212 ], [ 9.4403953, 47.6568164 ], [ 9.4407361, 47.6568727 ], [ 9.4410287, 47.6569732 ], [ 9.4411188, 47.6569809 ], [ 9.4411773, 47.6569976 ], [ 9.4414342, 47.6570403 ], [ 9.4416829, 47.6570545 ], [ 9.44167, 47.6570193 ], [ 9.4417539, 47.6570048 ], [ 9.4417858, 47.657051 ], [ 9.4419654, 47.6570627 ], [ 9.4422605, 47.6570533 ], [ 9.4425569, 47.6570058 ], [ 9.4428113, 47.6569401 ], [ 9.4428279, 47.6570256 ], [ 9.443005, 47.657122 ], [ 9.4432288, 47.6571144 ], [ 9.4434609, 47.6570267 ], [ 9.4435676, 47.6570199 ], [ 9.4437448, 47.6570084 ], [ 9.4438015, 47.6570089 ], [ 9.4441005, 47.6570113 ], [ 9.4444491, 47.6569485 ], [ 9.4444422, 47.6569064 ], [ 9.4445479, 47.6568608 ], [ 9.4446735, 47.6569284 ], [ 9.4457226, 47.6564318 ], [ 9.4463777, 47.6562737 ], [ 9.4471401, 47.6560268 ], [ 9.4471025, 47.6559575 ], [ 9.4472284, 47.6559207 ], [ 9.4472296, 47.6559551 ], [ 9.4472486, 47.6559695 ], [ 9.4472748, 47.6559735 ], [ 9.4473258, 47.6559463 ], [ 9.4473318, 47.6559063 ], [ 9.4473745, 47.6558943 ], [ 9.447403, 47.6559615 ], [ 9.4474422, 47.6559639 ], [ 9.4475776, 47.6559727 ], [ 9.447797, 47.6559493 ], [ 9.4480863, 47.6558904 ], [ 9.4484029, 47.6558115 ], [ 9.4485459, 47.6557219 ], [ 9.4489105, 47.6555827 ], [ 9.4492618, 47.6554298 ], [ 9.4493187, 47.6554061 ], [ 9.4493809, 47.655405 ], [ 9.4494709, 47.6553828 ], [ 9.4495683, 47.6553799 ], [ 9.4498068, 47.6554028 ], [ 9.449972, 47.6553701 ], [ 9.4501074, 47.6553253 ], [ 9.4502084, 47.6553269 ], [ 9.4505306, 47.6552694 ], [ 9.4507477, 47.65519 ], [ 9.4508654, 47.6550108 ], [ 9.4512163, 47.6550608 ], [ 9.4514141, 47.6550615 ], [ 9.4516166, 47.6549325 ], [ 9.4516066, 47.6548457 ], [ 9.4517963, 47.6549248 ], [ 9.4520536, 47.6548403 ], [ 9.4521886, 47.6548529 ], [ 9.4522929, 47.6549692 ], [ 9.4524714, 47.6549043 ], [ 9.452353, 47.6547656 ], [ 9.4524612, 47.6547278 ], [ 9.4528609, 47.6545881 ], [ 9.4531124, 47.6545002 ], [ 9.4532267, 47.6544602 ], [ 9.4533468, 47.6545667 ], [ 9.4536111, 47.6544657 ], [ 9.4540599, 47.6543021 ], [ 9.4542932, 47.6540888 ], [ 9.4545452, 47.6538902 ], [ 9.4544881, 47.6538229 ], [ 9.4545116, 47.653781 ], [ 9.4545553, 47.653738 ], [ 9.4546124, 47.6537584 ], [ 9.4546897, 47.6537301 ], [ 9.4547269, 47.6536942 ], [ 9.4547907, 47.6536852 ], [ 9.4548697, 47.6536648 ], [ 9.4550408, 47.6536557 ], [ 9.4551301, 47.6536162 ], [ 9.4551502, 47.6536275 ], [ 9.4555087, 47.6534504 ], [ 9.456213, 47.65275 ], [ 9.4562188, 47.6527364 ], [ 9.4562456, 47.6526739 ], [ 9.4562499, 47.6526639 ], [ 9.45631, 47.6525838 ], [ 9.4563238, 47.6525485 ], [ 9.4563183, 47.6525029 ], [ 9.4562947, 47.6524751 ], [ 9.4562801, 47.652458 ], [ 9.4563084, 47.6521698 ], [ 9.4564577, 47.6517477 ], [ 9.4565001, 47.6517101 ], [ 9.4565655, 47.6517011 ], [ 9.4566337, 47.6517219 ], [ 9.4567156, 47.6516545 ], [ 9.4568111, 47.6516144 ], [ 9.4569125, 47.6515844 ], [ 9.4570429, 47.6515808 ], [ 9.4572851, 47.65166 ], [ 9.4575428, 47.6517195 ], [ 9.4576892, 47.651734 ], [ 9.4578322, 47.6517514 ], [ 9.4579886, 47.6517304 ], [ 9.4583816, 47.6516247 ], [ 9.4584797, 47.6515983 ], [ 9.4589492, 47.6514372 ], [ 9.4594584, 47.6514424 ], [ 9.4598013, 47.6514262 ], [ 9.4602543, 47.6515272 ], [ 9.4603485, 47.6515107 ], [ 9.4604623, 47.6514246 ], [ 9.4605764, 47.6513882 ], [ 9.4610356, 47.6509775 ], [ 9.4610674, 47.6507967 ], [ 9.461362, 47.6505983 ], [ 9.4616543, 47.6502878 ], [ 9.4616537, 47.6501474 ], [ 9.4623786, 47.6493925 ], [ 9.4626964, 47.6486285 ], [ 9.4625625, 47.648504 ], [ 9.4627599, 47.6483595 ], [ 9.4629453, 47.648516 ], [ 9.4629951, 47.6485115 ], [ 9.4639574, 47.6484236 ], [ 9.4646083, 47.6484046 ], [ 9.4648298, 47.6483714 ], [ 9.464959, 47.6483389 ], [ 9.4650801, 47.6482848 ], [ 9.4651306, 47.6482398 ], [ 9.4652029, 47.6483231 ], [ 9.4653055, 47.6484753 ], [ 9.4653399, 47.6487096 ], [ 9.4653469, 47.6488025 ], [ 9.4654019, 47.6488631 ], [ 9.4667323, 47.6496088 ], [ 9.4668201, 47.6495959 ], [ 9.4669691, 47.6495916 ], [ 9.4671568, 47.6496268 ], [ 9.4672323, 47.6496363 ], [ 9.4678414, 47.6498212 ], [ 9.4686591, 47.6500488 ], [ 9.468733, 47.6500265 ], [ 9.4689801, 47.6499946 ], [ 9.4693261, 47.6500148 ], [ 9.4696776, 47.6500735 ], [ 9.4705581, 47.6502532 ], [ 9.4705984, 47.6503821 ], [ 9.4705681, 47.6504391 ], [ 9.4706364, 47.6504587 ], [ 9.4707454, 47.6503836 ], [ 9.4708084, 47.6503988 ], [ 9.4708509, 47.6503689 ], [ 9.4709, 47.6503429 ], [ 9.4709647, 47.6503255 ], [ 9.4710242, 47.6503187 ], [ 9.4715392, 47.6503093 ], [ 9.4717585, 47.650312 ], [ 9.4719599, 47.6503192 ], [ 9.472162, 47.6503312 ], [ 9.4725348, 47.6503636 ], [ 9.4725917, 47.65034 ], [ 9.472667, 47.6503487 ], [ 9.4727028, 47.6503736 ], [ 9.4727094, 47.6503971 ], [ 9.4726794, 47.6504194 ], [ 9.4726376, 47.650424 ], [ 9.4726012, 47.6504121 ], [ 9.4725322, 47.6503855 ], [ 9.472125, 47.650349 ], [ 9.4720997, 47.6504992 ], [ 9.4720887, 47.6504999 ], [ 9.4721146, 47.6503483 ], [ 9.4719532, 47.6503389 ], [ 9.4717216, 47.650331 ], [ 9.4714869, 47.6503324 ], [ 9.4710286, 47.6503395 ], [ 9.4709729, 47.650344 ], [ 9.4709079, 47.6503636 ], [ 9.470851, 47.6503957 ], [ 9.4708288, 47.6504156 ], [ 9.4703591, 47.6510333 ], [ 9.4704294, 47.6510578 ], [ 9.4704841, 47.6510898 ], [ 9.4705021, 47.6511172 ], [ 9.4705136, 47.6511506 ], [ 9.4705113, 47.6511847 ], [ 9.4707014, 47.6512161 ], [ 9.4707241, 47.6512193 ], [ 9.4712475, 47.6512994 ], [ 9.471262, 47.651301 ], [ 9.4713394, 47.651307 ], [ 9.471397, 47.6513123 ], [ 9.4714237, 47.6513146 ], [ 9.4717392, 47.6513359 ], [ 9.4717618, 47.6513363 ], [ 9.4721724, 47.6513508 ], [ 9.4721956, 47.65135 ], [ 9.4725715, 47.6513444 ], [ 9.4725959, 47.6513421 ], [ 9.4729266, 47.6513234 ], [ 9.4729539, 47.6513182 ], [ 9.4731802, 47.6512864 ], [ 9.4731808, 47.6512648 ], [ 9.4731904, 47.6512468 ], [ 9.4732154, 47.6512311 ], [ 9.4732624, 47.6512204 ], [ 9.4733121, 47.6512245 ], [ 9.4734076, 47.6512164 ], [ 9.473431, 47.651214 ], [ 9.4738575, 47.6511706 ], [ 9.4738024, 47.6508808 ], [ 9.4737653, 47.6507899 ], [ 9.4736901, 47.6507393 ], [ 9.4735299, 47.6506932 ], [ 9.4732983, 47.6506595 ], [ 9.4730399, 47.6506404 ], [ 9.4727663, 47.6506291 ], [ 9.4722283, 47.6506172 ], [ 9.4722184, 47.6507376 ], [ 9.4721962, 47.6507358 ], [ 9.4722055, 47.6506159 ], [ 9.4721946, 47.6506151 ], [ 9.4721938, 47.6506031 ], [ 9.4721988, 47.6505997 ], [ 9.4722055, 47.6505957 ], [ 9.4727696, 47.6506111 ], [ 9.4730405, 47.6506187 ], [ 9.4733048, 47.6506368 ], [ 9.4735385, 47.6506738 ], [ 9.473634, 47.650696 ], [ 9.4737015, 47.6507207 ], [ 9.4737486, 47.6507484 ], [ 9.473789, 47.6507836 ], [ 9.4738191, 47.650832 ], [ 9.4738329, 47.6508796 ], [ 9.4738648, 47.65088 ], [ 9.47415, 47.6508915 ], [ 9.4742944, 47.6509006 ], [ 9.4742536, 47.6509312 ], [ 9.474357, 47.6509772 ], [ 9.4745107, 47.6509873 ], [ 9.4747958, 47.6509871 ], [ 9.4749364, 47.6510228 ], [ 9.4755361, 47.6509049 ], [ 9.4755216, 47.6508782 ], [ 9.4756038, 47.6508587 ], [ 9.4756888, 47.6508385 ], [ 9.4756804, 47.6508189 ], [ 9.4757899, 47.6507933 ], [ 9.4760109, 47.6506759 ], [ 9.476271, 47.6505603 ], [ 9.4764561, 47.650481 ], [ 9.4765677, 47.650407 ], [ 9.4767837, 47.6502766 ], [ 9.4770084, 47.6500899 ], [ 9.4769754, 47.6499826 ], [ 9.4770219, 47.6499399 ], [ 9.4770532, 47.6499112 ], [ 9.4772611, 47.6497609 ], [ 9.4774493, 47.6496372 ], [ 9.4776374, 47.6495326 ], [ 9.4777963, 47.6494446 ], [ 9.4779221, 47.6493845 ], [ 9.4780367, 47.6493303 ], [ 9.4781585, 47.6492785 ], [ 9.4781794, 47.6492414 ], [ 9.4782921, 47.6491687 ], [ 9.4783678, 47.6491113 ], [ 9.4784751, 47.6490598 ], [ 9.4785408, 47.6490558 ], [ 9.4785958, 47.6490933 ], [ 9.4785784, 47.6491244 ], [ 9.4784785, 47.6491687 ], [ 9.4784468, 47.649186 ], [ 9.4784447, 47.6492074 ], [ 9.4782606, 47.649274 ], [ 9.4782442, 47.6492723 ], [ 9.4779868, 47.649387 ], [ 9.4778957, 47.6494326 ], [ 9.4778825, 47.6494394 ], [ 9.4776904, 47.6495347 ], [ 9.4776767, 47.6495428 ], [ 9.4776591, 47.6495509 ], [ 9.4774792, 47.6496562 ], [ 9.4774652, 47.6496644 ], [ 9.477379, 47.6497146 ], [ 9.4772864, 47.6497797 ], [ 9.4772731, 47.6497877 ], [ 9.477076, 47.6499272 ], [ 9.4773908, 47.6502078 ], [ 9.4776806, 47.6500718 ], [ 9.477942, 47.6499357 ], [ 9.4781807, 47.6497918 ], [ 9.4784173, 47.6496286 ], [ 9.4784126, 47.6495602 ], [ 9.47838, 47.6495089 ], [ 9.4783751, 47.6495012 ], [ 9.4782891, 47.6493659 ], [ 9.4782884, 47.6493576 ], [ 9.4783014, 47.6493528 ], [ 9.478312, 47.649353 ], [ 9.4783418, 47.6494073 ], [ 9.4783634, 47.6494102 ], [ 9.4783842, 47.6493907 ], [ 9.4785105, 47.6493559 ], [ 9.4785393, 47.6493228 ], [ 9.4786995, 47.6492787 ], [ 9.478795, 47.6492346 ], [ 9.4788374, 47.6491682 ], [ 9.4789067, 47.6490888 ], [ 9.4790731, 47.6491085 ], [ 9.4790911, 47.6491219 ], [ 9.4792815, 47.649087 ], [ 9.4796, 47.6490493 ], [ 9.4797742, 47.6490448 ], [ 9.4797727, 47.649023 ], [ 9.4801378, 47.6490174 ], [ 9.4801373, 47.6490372 ], [ 9.4804563, 47.6490334 ], [ 9.480603, 47.6490451 ], [ 9.4807703, 47.6490895 ], [ 9.4809578, 47.649161 ], [ 9.4811663, 47.6492486 ], [ 9.4811956, 47.6492305 ], [ 9.4812724, 47.6492239 ], [ 9.4813731, 47.6492566 ], [ 9.4820928, 47.6486651 ], [ 9.4820959, 47.6486515 ], [ 9.4820247, 47.6486137 ], [ 9.4820607, 47.6485815 ], [ 9.4821143, 47.6486044 ], [ 9.4821549, 47.6485967 ], [ 9.482183, 47.648601 ], [ 9.4822058, 47.6486066 ], [ 9.4822224, 47.648624 ], [ 9.4822235, 47.6486434 ], [ 9.4822208, 47.6486664 ], [ 9.482198, 47.6486873 ], [ 9.4821662, 47.6486942 ], [ 9.4821476, 47.6486923 ], [ 9.481555, 47.6491778 ], [ 9.4815283, 47.6491997 ], [ 9.4812543, 47.6494242 ], [ 9.4815951, 47.649604 ], [ 9.48261, 47.6501245 ], [ 9.4826433, 47.6501424 ], [ 9.4826667, 47.6501549 ], [ 9.4830096, 47.6503491 ], [ 9.483171, 47.6502135 ], [ 9.4831524, 47.6502027 ], [ 9.4832025, 47.6501656 ], [ 9.4833003, 47.6500816 ], [ 9.4833132, 47.6500885 ], [ 9.4835221, 47.6499158 ], [ 9.4835531, 47.6499148 ], [ 9.4837414, 47.6500137 ], [ 9.4837422, 47.6500334 ], [ 9.4836382, 47.6501166 ], [ 9.4836489, 47.6501226 ], [ 9.4835142, 47.6502424 ], [ 9.4833958, 47.6503401 ], [ 9.4833859, 47.6503361 ], [ 9.4832283, 47.6504686 ], [ 9.4833329, 47.6505338 ], [ 9.4840556, 47.6509213 ], [ 9.484119, 47.6509553 ], [ 9.4842253, 47.6509962 ], [ 9.4844606, 47.6511277 ], [ 9.4846069, 47.6512095 ], [ 9.4846308, 47.6512212 ], [ 9.4846423, 47.6512268 ], [ 9.485949, 47.6519146 ], [ 9.4861772, 47.6517193 ], [ 9.4861838, 47.6517115 ], [ 9.4861943, 47.6517032 ], [ 9.486445, 47.6514902 ], [ 9.486457, 47.6514802 ], [ 9.4864645, 47.6514735 ], [ 9.4867088, 47.6512559 ], [ 9.486719, 47.6512474 ], [ 9.4867347, 47.6512342 ], [ 9.4870001, 47.6510155 ], [ 9.4826728, 47.6486996 ], [ 9.4826735, 47.6486836 ], [ 9.4826799, 47.6486645 ], [ 9.4827226, 47.6486289 ], [ 9.4828743, 47.6487192 ], [ 9.4828444, 47.6487502 ], [ 9.4829096, 47.6487842 ], [ 9.482947, 47.6487774 ], [ 9.4831715, 47.648885 ], [ 9.4835019, 47.6490522 ], [ 9.4836405, 47.6491309 ], [ 9.4838351, 47.649227 ], [ 9.4840428, 47.6493327 ], [ 9.4841431, 47.6493678 ], [ 9.4842098, 47.6494244 ], [ 9.4842996, 47.6494593 ], [ 9.4844465, 47.6495525 ], [ 9.4846389, 47.6496639 ], [ 9.484684, 47.64967 ], [ 9.4847102, 47.6496809 ], [ 9.4846969, 47.6496897 ], [ 9.4848593, 47.6497729 ], [ 9.4849591, 47.6498064 ], [ 9.484986, 47.6498312 ], [ 9.4852078, 47.6499132 ], [ 9.4852146, 47.6499552 ], [ 9.4853115, 47.6499949 ], [ 9.4853482, 47.6500258 ], [ 9.4856851, 47.6501798 ], [ 9.4858737, 47.6502826 ], [ 9.4859287, 47.6502999 ], [ 9.4859635, 47.6503384 ], [ 9.4863468, 47.6505232 ], [ 9.4864225, 47.6505778 ], [ 9.4865551, 47.650632 ], [ 9.4866096, 47.650661 ], [ 9.4866664, 47.6507037 ], [ 9.4867948, 47.6507595 ], [ 9.4870379, 47.6508957 ], [ 9.4871407, 47.6509254 ], [ 9.4871811, 47.6509595 ], [ 9.4875103, 47.6510506 ], [ 9.4878155, 47.6511434 ], [ 9.4884791, 47.6510118 ], [ 9.4895323, 47.6508615 ], [ 9.4897243, 47.6509063 ], [ 9.4897854, 47.6510385 ], [ 9.4898679, 47.6510294 ], [ 9.4899451, 47.6510108 ], [ 9.4900037, 47.6508198 ], [ 9.4907922, 47.6505888 ], [ 9.4910459, 47.6505507 ], [ 9.4912761, 47.6505699 ], [ 9.4913952, 47.6506135 ], [ 9.491477, 47.6506181 ], [ 9.4915692, 47.6506867 ], [ 9.4916685, 47.6508129 ], [ 9.4918364, 47.6509841 ], [ 9.492186, 47.6508793 ], [ 9.4925977, 47.6507119 ], [ 9.4925635, 47.6506735 ], [ 9.4931322, 47.6504734 ], [ 9.4931134, 47.6504408 ], [ 9.4931475, 47.650412 ], [ 9.4933566, 47.6503404 ], [ 9.4933959, 47.6503988 ], [ 9.4940067, 47.6501238 ], [ 9.4939592, 47.6500746 ], [ 9.4940415, 47.6500345 ], [ 9.4941297, 47.6500403 ], [ 9.4943787, 47.6499063 ], [ 9.4943899, 47.649873 ], [ 9.4945375, 47.6497631 ], [ 9.4947475, 47.6494756 ], [ 9.4948699, 47.6492407 ], [ 9.4950555, 47.6495894 ], [ 9.4951641, 47.6496974 ], [ 9.4952348, 47.6497727 ], [ 9.4952804, 47.6497861 ], [ 9.4953383, 47.6497775 ], [ 9.4953565, 47.6497514 ], [ 9.4954036, 47.6497222 ], [ 9.4954319, 47.6496895 ], [ 9.4954354, 47.6496641 ], [ 9.4954342, 47.6496181 ], [ 9.4954766, 47.6495685 ], [ 9.4955033, 47.6495397 ], [ 9.4955185, 47.6494917 ], [ 9.4955224, 47.6494426 ], [ 9.4955164, 47.6493649 ], [ 9.4955036, 47.6493139 ], [ 9.4954966, 47.6492628 ], [ 9.495506, 47.6492314 ], [ 9.4955164, 47.6491971 ], [ 9.4955294, 47.6491631 ], [ 9.495551, 47.6491243 ], [ 9.4955683, 47.6490827 ], [ 9.4955985, 47.6490502 ], [ 9.4956418, 47.6490132 ], [ 9.4956497, 47.6489856 ], [ 9.4956681, 47.6489722 ], [ 9.4957064, 47.6489602 ], [ 9.4957409, 47.6489308 ], [ 9.4957586, 47.6488953 ], [ 9.495778, 47.6488539 ], [ 9.4958072, 47.6488148 ], [ 9.4958206, 47.648782 ], [ 9.4958312, 47.6487655 ], [ 9.495855, 47.6487536 ], [ 9.4958841, 47.6487574 ], [ 9.4959214, 47.6487626 ], [ 9.4959578, 47.6487615 ], [ 9.4959927, 47.6487479 ], [ 9.4960363, 47.6487291 ], [ 9.496067, 47.6487159 ], [ 9.4960926, 47.6487078 ], [ 9.4961111, 47.6487002 ], [ 9.4961504, 47.6486806 ], [ 9.4961765, 47.6486786 ], [ 9.4962398, 47.6486742 ], [ 9.4962905, 47.6486432 ], [ 9.4963714, 47.6485723 ], [ 9.4963906, 47.6485509 ], [ 9.496443, 47.6485369 ], [ 9.4964904, 47.6485169 ], [ 9.4965194, 47.6484948 ], [ 9.4965617, 47.6484679 ], [ 9.4966217, 47.648432 ], [ 9.4966834, 47.64838 ], [ 9.4967355, 47.6483073 ], [ 9.4967762, 47.6482711 ], [ 9.4967993, 47.6482535 ], [ 9.4968402, 47.6482498 ], [ 9.4968702, 47.648225 ], [ 9.4968804, 47.6482072 ], [ 9.496906, 47.6481608 ], [ 9.4968978, 47.6481312 ], [ 9.4968613, 47.6480905 ], [ 9.4967885, 47.6480569 ], [ 9.4967758, 47.6480074 ], [ 9.4967381, 47.6479522 ], [ 9.4967215, 47.6479023 ], [ 9.496737, 47.6478717 ], [ 9.496753, 47.6478772 ], [ 9.4967831, 47.6479098 ], [ 9.4967979, 47.6478612 ], [ 9.4968422, 47.6478225 ], [ 9.4969266, 47.6478001 ], [ 9.4970251, 47.6478106 ], [ 9.4971378, 47.6478344 ], [ 9.4972191, 47.6478448 ], [ 9.4974413, 47.6478862 ], [ 9.4976525, 47.6477381 ], [ 9.4983472, 47.647224 ], [ 9.4988528, 47.6469773 ], [ 9.4993114, 47.6468581 ], [ 9.499691, 47.6468373 ], [ 9.5000601, 47.6468759 ], [ 9.5001564, 47.6468677 ], [ 9.5002487, 47.6468409 ], [ 9.5002832, 47.6468051 ], [ 9.5003301, 47.6467602 ], [ 9.5004042, 47.6467144 ], [ 9.500477, 47.646709 ], [ 9.5005185, 47.6466705 ], [ 9.5005953, 47.6466362 ], [ 9.5007025, 47.6465824 ], [ 9.500733, 47.6465381 ], [ 9.5008007, 47.6464545 ], [ 9.5008501, 47.6464301 ], [ 9.5009012, 47.64639 ], [ 9.5009279, 47.6463547 ], [ 9.5010212, 47.6462519 ], [ 9.5010735, 47.6462202 ], [ 9.5011252, 47.6461833 ], [ 9.5011627, 47.6461321 ], [ 9.5012155, 47.6460845 ], [ 9.5012637, 47.6460693 ], [ 9.5013099, 47.6460329 ], [ 9.5013506, 47.6459939 ], [ 9.5014047, 47.6459486 ], [ 9.5014237, 47.6459152 ], [ 9.5014876, 47.6458747 ], [ 9.5015542, 47.6458072 ], [ 9.5015716, 47.6457755 ], [ 9.5015769, 47.6457602 ], [ 9.5017217, 47.6457181 ], [ 9.5017332, 47.6456973 ], [ 9.501735, 47.6456743 ], [ 9.5017565, 47.6456695 ], [ 9.5017759, 47.6456552 ], [ 9.5017974, 47.6456452 ], [ 9.5018123, 47.6456449 ], [ 9.5018318, 47.6456539 ], [ 9.5018559, 47.6456415 ], [ 9.5018808, 47.6456389 ], [ 9.5018733, 47.6456259 ], [ 9.501869, 47.6456157 ], [ 9.5018855, 47.645603 ], [ 9.5019144, 47.6455888 ], [ 9.5019716, 47.6455664 ], [ 9.5019966, 47.6455387 ], [ 9.5020438, 47.6455059 ], [ 9.5020693, 47.6454844 ], [ 9.5020971, 47.6454637 ], [ 9.5021378, 47.6454353 ], [ 9.5021691, 47.6454068 ], [ 9.5022063, 47.6453834 ], [ 9.5022393, 47.6453071 ], [ 9.502309, 47.6452718 ], [ 9.5023701, 47.6452464 ], [ 9.5023975, 47.6452243 ], [ 9.5024382, 47.6451842 ], [ 9.5024766, 47.645151 ], [ 9.5025431, 47.6451009 ], [ 9.5025987, 47.6450439 ], [ 9.502612, 47.6450165 ], [ 9.5026026, 47.6449964 ], [ 9.502588, 47.6449742 ], [ 9.5025782, 47.64494 ], [ 9.5026032, 47.6449083 ], [ 9.5026473, 47.6448788 ], [ 9.502689, 47.6448602 ], [ 9.502744, 47.644837 ], [ 9.50278, 47.6448183 ], [ 9.5028109, 47.6447937 ], [ 9.5028524, 47.64478 ], [ 9.5028755, 47.6447634 ], [ 9.5028868, 47.644747 ], [ 9.5030137, 47.6447178 ], [ 9.5030419, 47.6447104 ], [ 9.5031029, 47.644641 ], [ 9.5031372, 47.6445929 ], [ 9.503146, 47.6445608 ], [ 9.5031922, 47.6445081 ], [ 9.5032368, 47.6444606 ], [ 9.5032983, 47.6443848 ], [ 9.5033715, 47.644273 ], [ 9.5034414, 47.6442012 ], [ 9.5035441, 47.6440478 ], [ 9.5036367, 47.6439733 ], [ 9.5038762, 47.6435594 ], [ 9.5039148, 47.6434921 ], [ 9.5040216, 47.6433815 ], [ 9.5042694, 47.6429158 ], [ 9.5044157, 47.6429078 ], [ 9.5045215, 47.6427989 ], [ 9.5045232, 47.6427112 ], [ 9.5046618, 47.6426034 ], [ 9.5047134, 47.6425504 ], [ 9.5048169, 47.6424621 ], [ 9.5049088, 47.6423091 ], [ 9.5047869, 47.6422496 ], [ 9.5047236, 47.6421583 ], [ 9.5047667, 47.642076 ], [ 9.5048558, 47.6420172 ], [ 9.5049699, 47.642043 ], [ 9.5050792, 47.6420197 ], [ 9.5051071, 47.6419954 ], [ 9.5051493, 47.6419433 ], [ 9.5050912, 47.6419462 ], [ 9.5051241, 47.6418838 ], [ 9.5051709, 47.6417811 ], [ 9.5053145, 47.6417235 ], [ 9.5054419, 47.6417038 ], [ 9.5054916, 47.6416644 ], [ 9.5055849, 47.64155 ], [ 9.5056465, 47.6414762 ], [ 9.5056252, 47.6414479 ], [ 9.5056039, 47.6414239 ], [ 9.5056123, 47.6413857 ], [ 9.5057403, 47.64129 ], [ 9.5057428, 47.6412282 ], [ 9.5059628, 47.6411291 ], [ 9.506006, 47.6410573 ], [ 9.5060618, 47.6410597 ], [ 9.5063015, 47.6408849 ], [ 9.5064332, 47.6407155 ], [ 9.5065644, 47.640569 ], [ 9.5065381, 47.6405064 ], [ 9.5066473, 47.6403543 ], [ 9.5068821, 47.6402249 ], [ 9.5069971, 47.6402048 ], [ 9.5070426, 47.6401848 ], [ 9.5070733, 47.6401294 ], [ 9.5072324, 47.6399925 ], [ 9.5074364, 47.6399143 ], [ 9.5076164, 47.6398993 ], [ 9.5076715, 47.6398956 ], [ 9.5077636, 47.6398507 ], [ 9.5078483, 47.639791 ], [ 9.5079493, 47.6396917 ], [ 9.5079109, 47.6396741 ], [ 9.507949, 47.6396479 ], [ 9.5080943, 47.6395772 ], [ 9.5079099, 47.6394456 ], [ 9.5079367, 47.6394186 ], [ 9.5079879, 47.6394129 ], [ 9.5079866, 47.6393817 ], [ 9.5080703, 47.6393724 ], [ 9.5081381, 47.639366 ], [ 9.5082081, 47.6393146 ], [ 9.5083084, 47.6393017 ], [ 9.5084083, 47.6391911 ], [ 9.5085316, 47.6390805 ], [ 9.5085027, 47.6390397 ], [ 9.5084586, 47.6390085 ], [ 9.5084236, 47.6389832 ], [ 9.5084085, 47.6389563 ], [ 9.5084079, 47.6389374 ], [ 9.5084042, 47.6389128 ], [ 9.508409, 47.6388827 ], [ 9.5084152, 47.6388659 ], [ 9.508437, 47.6388565 ], [ 9.5084607, 47.6388384 ], [ 9.5084682, 47.6388232 ], [ 9.5084794, 47.6388065 ], [ 9.5085049, 47.6387989 ], [ 9.5085442, 47.6388021 ], [ 9.5085711, 47.6387974 ], [ 9.5085835, 47.6387829 ], [ 9.508626, 47.6387756 ], [ 9.5086379, 47.6387488 ], [ 9.508626, 47.6387383 ], [ 9.5086341, 47.6387303 ], [ 9.5086475, 47.6387121 ], [ 9.508696, 47.6387078 ], [ 9.5087197, 47.6386998 ], [ 9.5087891, 47.6386915 ], [ 9.5088376, 47.638669 ], [ 9.5088854, 47.6386807 ], [ 9.5089389, 47.6386337 ], [ 9.5090453, 47.6385139 ], [ 9.5090444, 47.6384891 ], [ 9.5089768, 47.6384722 ], [ 9.5089432, 47.6384507 ], [ 9.5089055, 47.6384381 ], [ 9.5088701, 47.6384191 ], [ 9.5088639, 47.6383901 ], [ 9.5088659, 47.6383672 ], [ 9.5088989, 47.6383523 ], [ 9.5089022, 47.638341 ], [ 9.5088877, 47.6383168 ], [ 9.5088687, 47.6382897 ], [ 9.5088687, 47.6382563 ], [ 9.5088595, 47.6382301 ], [ 9.5088801, 47.6381942 ], [ 9.508957, 47.6381527 ], [ 9.5090085, 47.6381169 ], [ 9.509075, 47.6380921 ], [ 9.509075, 47.6380613 ], [ 9.509059, 47.638029 ], [ 9.5090849, 47.6379993 ], [ 9.5091086, 47.6379683 ], [ 9.5091824, 47.63795 ], [ 9.5092235, 47.637929 ], [ 9.5092699, 47.6378977 ], [ 9.5092798, 47.6378659 ], [ 9.5093278, 47.6378464 ], [ 9.5093575, 47.6378079 ], [ 9.5094093, 47.6377792 ], [ 9.5095014, 47.6377556 ], [ 9.5095721, 47.6377061 ], [ 9.5096263, 47.6376606 ], [ 9.5097542, 47.6376237 ], [ 9.5098349, 47.6375688 ], [ 9.5099993, 47.6374845 ], [ 9.5100368, 47.6374688 ], [ 9.5100393, 47.6374326 ], [ 9.5100252, 47.6374201 ], [ 9.510029, 47.6374039 ], [ 9.5100434, 47.6373931 ], [ 9.5100677, 47.6373779 ], [ 9.5100905, 47.637366 ], [ 9.5100994, 47.6373605 ], [ 9.5100938, 47.6373545 ], [ 9.5100821, 47.6373542 ], [ 9.5100644, 47.6373564 ], [ 9.5100586, 47.6373514 ], [ 9.5100731, 47.6373337 ], [ 9.5100925, 47.6373144 ], [ 9.5101281, 47.6373007 ], [ 9.5101873, 47.6372731 ], [ 9.5102551, 47.6372361 ], [ 9.5103047, 47.6371965 ], [ 9.5103687, 47.6371619 ], [ 9.5104339, 47.6371436 ], [ 9.5104904, 47.6371305 ], [ 9.5105679, 47.6371095 ], [ 9.5106229, 47.6371011 ], [ 9.5106932, 47.6371015 ], [ 9.5107953, 47.6371323 ], [ 9.5109102, 47.6371769 ], [ 9.5109902, 47.6371477 ], [ 9.5110369, 47.6371164 ], [ 9.5110927, 47.6370738 ], [ 9.5111399, 47.6370153 ], [ 9.5111886, 47.6369429 ], [ 9.5112406, 47.6368323 ], [ 9.5112859, 47.6367242 ], [ 9.5113853, 47.6367146 ], [ 9.5114887, 47.636727 ], [ 9.5115197, 47.6365973 ], [ 9.5115914, 47.6365964 ], [ 9.5117062, 47.6364001 ], [ 9.5120117, 47.6358378 ], [ 9.5121914, 47.6356047 ], [ 9.5123872, 47.6354655 ], [ 9.5124355, 47.6353426 ], [ 9.5125924, 47.6353561 ], [ 9.5127172, 47.6353046 ], [ 9.5126393, 47.6352145 ], [ 9.5126773, 47.6351874 ], [ 9.5130162, 47.6352631 ], [ 9.5131803, 47.6353891 ], [ 9.5132909, 47.6354183 ], [ 9.5134636, 47.6354343 ], [ 9.5135605, 47.635409 ], [ 9.5136599, 47.6353905 ], [ 9.5138619, 47.6352494 ], [ 9.5138675, 47.6351587 ], [ 9.5139168, 47.6351197 ], [ 9.5139889, 47.6351044 ], [ 9.5140429, 47.6351012 ], [ 9.5140805, 47.6350823 ], [ 9.51409, 47.6350559 ], [ 9.514111, 47.6350427 ], [ 9.5141549, 47.6350353 ], [ 9.5141956, 47.6350216 ], [ 9.514279, 47.6350453 ], [ 9.5143599, 47.6350524 ], [ 9.5144035, 47.6350312 ], [ 9.5143658, 47.6349798 ], [ 9.5144571, 47.6349593 ], [ 9.514587, 47.6349467 ], [ 9.5146309, 47.6349097 ], [ 9.5146637, 47.6348686 ], [ 9.5147107, 47.6348517 ], [ 9.5147765, 47.634838 ], [ 9.5148751, 47.6348422 ], [ 9.5149441, 47.6348201 ], [ 9.5150192, 47.6348164 ], [ 9.5150213, 47.6346747 ], [ 9.5150809, 47.6345653 ], [ 9.5150178, 47.634455 ], [ 9.5151572, 47.6343491 ], [ 9.5151844, 47.6342843 ], [ 9.5152152, 47.6342051 ], [ 9.5153453, 47.6341237 ], [ 9.5154684, 47.6340232 ], [ 9.515623, 47.6340059 ], [ 9.5156974, 47.633917 ], [ 9.5160526, 47.6332555 ], [ 9.5163281, 47.6326565 ], [ 9.5165236, 47.6321746 ], [ 9.5166269, 47.6318944 ], [ 9.5167097, 47.6316561 ], [ 9.5167697, 47.6315018 ], [ 9.5168638, 47.6312451 ], [ 9.516794, 47.6310643 ], [ 9.5165928, 47.6309974 ], [ 9.5166533, 47.6307385 ], [ 9.5166731, 47.6305699 ], [ 9.5167458, 47.6304096 ], [ 9.5167356, 47.6302526 ], [ 9.5164879, 47.6301636 ], [ 9.5164846, 47.6300741 ], [ 9.5165053, 47.6300382 ], [ 9.5165463, 47.6300215 ], [ 9.5165682, 47.6299616 ], [ 9.5166475, 47.6297535 ], [ 9.5167289, 47.6295551 ], [ 9.5167696, 47.6293992 ], [ 9.5168328, 47.6292688 ], [ 9.5168072, 47.6291701 ], [ 9.5168022, 47.62906 ], [ 9.5168243, 47.6289197 ], [ 9.5168707, 47.6288315 ], [ 9.5168891, 47.6287665 ], [ 9.5170018, 47.6283666 ], [ 9.5170645, 47.6281442 ], [ 9.5171224, 47.6280378 ], [ 9.5172743, 47.62766 ], [ 9.5172389, 47.6276438 ], [ 9.5172204, 47.6276141 ], [ 9.5172865, 47.6276077 ], [ 9.5172988, 47.6275554 ], [ 9.5172355, 47.6275582 ], [ 9.5172192, 47.6275346 ], [ 9.51724, 47.6275049 ], [ 9.5172487, 47.6274421 ], [ 9.517294, 47.6273997 ], [ 9.5172181, 47.6273502 ], [ 9.5171985, 47.6273137 ], [ 9.5172467, 47.6272802 ], [ 9.5172929, 47.6273027 ], [ 9.5173515, 47.6272929 ], [ 9.5175299, 47.6267259 ], [ 9.5177302, 47.6261244 ], [ 9.5179377, 47.6254943 ], [ 9.5182094, 47.6245959 ], [ 9.5183083, 47.6243026 ], [ 9.5184155, 47.6239457 ], [ 9.5184892, 47.6237089 ], [ 9.5185, 47.6234594 ], [ 9.5184342, 47.6233663 ], [ 9.5183313, 47.6233323 ], [ 9.5183009, 47.6233179 ], [ 9.5180881, 47.6232848 ], [ 9.5180278, 47.6232854 ], [ 9.5179894, 47.6232676 ], [ 9.5179652, 47.6232428 ], [ 9.5179463, 47.62321 ], [ 9.5180016, 47.6230447 ], [ 9.5180576, 47.6228898 ], [ 9.5179759, 47.6228082 ], [ 9.5178861, 47.6226985 ], [ 9.5178503, 47.6226565 ], [ 9.5178407, 47.6225824 ], [ 9.5178245, 47.6224998 ], [ 9.517809, 47.6224206 ], [ 9.5177525, 47.622363 ], [ 9.517735, 47.6223148 ], [ 9.5177364, 47.6222254 ], [ 9.5177875, 47.6221441 ], [ 9.5178708, 47.6220587 ], [ 9.5179183, 47.6219618 ], [ 9.5179415, 47.6219144 ], [ 9.5179848, 47.6217017 ], [ 9.5180853, 47.6215841 ], [ 9.5180645, 47.6215438 ], [ 9.5180507, 47.6214983 ], [ 9.5180423, 47.6214483 ], [ 9.5180716, 47.621394 ], [ 9.5181945, 47.6213239 ], [ 9.5183093, 47.621294 ], [ 9.5184136, 47.6212563 ], [ 9.5186444, 47.6210539 ], [ 9.5187276, 47.620995 ], [ 9.5188231, 47.6209483 ], [ 9.5189695, 47.6208901 ], [ 9.5190878, 47.6208427 ], [ 9.5191559, 47.6208154 ], [ 9.5193331, 47.6207406 ], [ 9.5194039, 47.6206794 ], [ 9.5194378, 47.6206129 ], [ 9.5195718, 47.6204821 ], [ 9.5196704, 47.620427 ], [ 9.5198276, 47.6203917 ], [ 9.5200463, 47.6203616 ], [ 9.5201572, 47.6202848 ], [ 9.5202004, 47.6202131 ], [ 9.5202431, 47.6201905 ], [ 9.5202242, 47.6200684 ], [ 9.5201699, 47.620016 ], [ 9.5201877, 47.6199694 ], [ 9.5202524, 47.619948 ], [ 9.5203071, 47.6199566 ], [ 9.5205054, 47.6198613 ], [ 9.5205372, 47.6197907 ], [ 9.5205683, 47.6197026 ], [ 9.5205685, 47.6195713 ], [ 9.5205871, 47.6195127 ], [ 9.5206253, 47.6194598 ], [ 9.5207538, 47.6194168 ], [ 9.5208823, 47.6194007 ], [ 9.5209529, 47.6193744 ], [ 9.521104, 47.6191365 ], [ 9.521218, 47.6187024 ], [ 9.5213443, 47.6182963 ], [ 9.5214096, 47.6181534 ], [ 9.521449, 47.618088 ], [ 9.5215051, 47.6180101 ], [ 9.5215285, 47.6179046 ], [ 9.5216232, 47.6178669 ], [ 9.5216797, 47.6178274 ], [ 9.5217475, 47.6177769 ], [ 9.5217937, 47.6177457 ], [ 9.5218789, 47.6177139 ], [ 9.5219271, 47.6176675 ], [ 9.5219408, 47.6175892 ], [ 9.5220074, 47.6174795 ], [ 9.522102, 47.6174629 ], [ 9.5221338, 47.6174381 ], [ 9.5222352, 47.6173817 ], [ 9.5222475, 47.6173318 ], [ 9.5222947, 47.617273 ], [ 9.5223122, 47.6172066 ], [ 9.5223092, 47.6171648 ], [ 9.5223241, 47.6170895 ], [ 9.5223435, 47.6170425 ], [ 9.522381, 47.6170017 ], [ 9.5224354, 47.6169652 ], [ 9.5224964, 47.616965 ], [ 9.5225555, 47.6169574 ], [ 9.5225992, 47.6169325 ], [ 9.5226335, 47.6169017 ], [ 9.5226418, 47.6168699 ], [ 9.5226901, 47.6168214 ], [ 9.5227645, 47.6167812 ], [ 9.5228482, 47.6167837 ], [ 9.5229714, 47.6167276 ], [ 9.5230247, 47.6167002 ], [ 9.5230951, 47.6166567 ], [ 9.5231562, 47.6165815 ], [ 9.5232583, 47.6164469 ], [ 9.5233225, 47.6163476 ], [ 9.5233916, 47.6162297 ], [ 9.5234693, 47.6161575 ], [ 9.5235417, 47.6161482 ], [ 9.5236327, 47.6161615 ], [ 9.5237159, 47.6162241 ], [ 9.5238247, 47.6161875 ], [ 9.5238371, 47.6161632 ], [ 9.5238761, 47.6161418 ], [ 9.5239243, 47.616112 ], [ 9.52395, 47.6160717 ], [ 9.5239839, 47.6160539 ], [ 9.5239722, 47.6160024 ], [ 9.5240145, 47.6159542 ], [ 9.5243376, 47.6158827 ], [ 9.524475, 47.61584 ], [ 9.5245551, 47.6158041 ], [ 9.5246013, 47.6157951 ], [ 9.5247255, 47.6157609 ], [ 9.5248813, 47.6157033 ], [ 9.524972, 47.6157065 ], [ 9.525088, 47.6156905 ], [ 9.5253313, 47.6156525 ], [ 9.5254772, 47.6156466 ], [ 9.5255891, 47.6156532 ], [ 9.5256558, 47.6156995 ], [ 9.5256621, 47.6157614 ], [ 9.5258042, 47.6157721 ], [ 9.5259636, 47.6157567 ], [ 9.5260578, 47.6157634 ], [ 9.5261653, 47.61577 ], [ 9.5263099, 47.615809 ], [ 9.5265256, 47.6155866 ], [ 9.5267062, 47.615407 ], [ 9.5266316, 47.6150469 ], [ 9.5265, 47.6146175 ], [ 9.5265772, 47.6138817 ], [ 9.5264617, 47.6136679 ], [ 9.5264012, 47.6135197 ], [ 9.5263952, 47.6132742 ], [ 9.5263845, 47.6131236 ], [ 9.52648, 47.61288 ], [ 9.5266326, 47.6125432 ], [ 9.5268108, 47.6122097 ], [ 9.5269729, 47.6119581 ], [ 9.5271289, 47.6116567 ], [ 9.5272324, 47.6113858 ], [ 9.5273144, 47.6111951 ], [ 9.5275466, 47.61065 ], [ 9.5275765, 47.610567 ], [ 9.5277077, 47.6102376 ], [ 9.5278208, 47.6098756 ], [ 9.5279025, 47.6095681 ], [ 9.527907, 47.6094134 ], [ 9.5278211, 47.609316 ], [ 9.5279273, 47.6090137 ], [ 9.5279309, 47.6086314 ], [ 9.5279833, 47.6084057 ], [ 9.5280075, 47.6082982 ], [ 9.5280491, 47.6080949 ], [ 9.5280156, 47.6079477 ], [ 9.5279585, 47.6078854 ], [ 9.5279624, 47.6077229 ], [ 9.5279275, 47.6076514 ], [ 9.5279355, 47.6075728 ], [ 9.5278715, 47.6074493 ], [ 9.5278305, 47.6073917 ], [ 9.5278261, 47.6073416 ], [ 9.5278369, 47.6072598 ], [ 9.527829, 47.6071645 ], [ 9.5277889, 47.6070565 ], [ 9.5277942, 47.6069128 ], [ 9.5277611, 47.6068055 ], [ 9.5278039, 47.6066698 ], [ 9.5280087, 47.6063765 ], [ 9.5281658, 47.6061521 ], [ 9.52821, 47.6060276 ], [ 9.5283244, 47.6058681 ], [ 9.5284815, 47.6055842 ], [ 9.5285216, 47.6054543 ], [ 9.5286011, 47.605225 ], [ 9.5286747, 47.6050189 ], [ 9.5287517, 47.6048278 ], [ 9.5288562, 47.6045834 ], [ 9.5288891, 47.6045065 ], [ 9.5290532, 47.6042092 ], [ 9.5292229, 47.6038354 ], [ 9.5294516, 47.6034468 ], [ 9.529647, 47.6031907 ], [ 9.529651, 47.6031856 ], [ 9.5297796, 47.6030243 ], [ 9.5298675, 47.602935 ], [ 9.5299104, 47.6028914 ], [ 9.5300764, 47.6027196 ], [ 9.5304819, 47.6025288 ], [ 9.5306868, 47.6024245 ], [ 9.5309737, 47.6022606 ], [ 9.53101, 47.6023049 ], [ 9.5312292, 47.6022497 ], [ 9.5312684, 47.6022983 ], [ 9.5314738, 47.6022745 ], [ 9.5314758, 47.602322 ], [ 9.5316456, 47.6023157 ], [ 9.5319971, 47.602282 ], [ 9.5321502, 47.6022671 ], [ 9.5322019, 47.602241 ], [ 9.5323153, 47.6021538 ], [ 9.5323656, 47.6021853 ], [ 9.5323778, 47.6021929 ], [ 9.5324185, 47.6021661 ], [ 9.5324049, 47.6021571 ], [ 9.5331015, 47.601716 ], [ 9.5331322, 47.6016965 ], [ 9.5331558, 47.6016815 ], [ 9.5332057, 47.6016321 ], [ 9.533538, 47.6012188 ], [ 9.5336283, 47.6010586 ], [ 9.5336371, 47.6009987 ], [ 9.5337478, 47.6008687 ], [ 9.5339197, 47.6005816 ], [ 9.534028, 47.6004082 ], [ 9.5341166, 47.6002958 ], [ 9.5340983, 47.6002812 ], [ 9.5340922, 47.6002593 ], [ 9.5341011, 47.6002205 ], [ 9.5342022, 47.6002274 ], [ 9.5342293, 47.6002288 ], [ 9.5342777, 47.6001954 ], [ 9.534313, 47.6002075 ], [ 9.5344606, 47.5999861 ], [ 9.5346567, 47.5997867 ], [ 9.5347758, 47.5996357 ], [ 9.5351783, 47.5993176 ], [ 9.5356208, 47.5989542 ], [ 9.5356196, 47.5989482 ], [ 9.5356161, 47.5989314 ], [ 9.5356245, 47.5989038 ], [ 9.5356581, 47.598883 ], [ 9.5356962, 47.5988781 ], [ 9.5357235, 47.5988823 ], [ 9.5357519, 47.5988972 ], [ 9.5357224, 47.5989034 ], [ 9.5357207, 47.598921 ], [ 9.5357287, 47.5989339 ], [ 9.5357503, 47.598948 ], [ 9.535786, 47.5989556 ], [ 9.535838, 47.5989557 ], [ 9.5358728, 47.5989471 ], [ 9.5359067, 47.5989302 ], [ 9.5360238, 47.5988288 ], [ 9.5360617, 47.5987894 ], [ 9.5361718, 47.5986373 ], [ 9.5362507, 47.5985404 ], [ 9.53642, 47.5983036 ], [ 9.5365739, 47.5980749 ], [ 9.5365816, 47.5980047 ], [ 9.5365677, 47.5978883 ], [ 9.5364971, 47.5977804 ], [ 9.5363864, 47.5976865 ], [ 9.5363257, 47.5976409 ], [ 9.5362856, 47.5975988 ], [ 9.5362892, 47.5975428 ], [ 9.5360421, 47.5973839 ], [ 9.5360415, 47.5973677 ], [ 9.5360329, 47.5973639 ], [ 9.5360329, 47.597356 ], [ 9.5360452, 47.5973519 ], [ 9.5360453, 47.5973385 ], [ 9.5361505, 47.5972591 ], [ 9.5358847, 47.5970929 ], [ 9.5364153, 47.5967496 ], [ 9.5365043, 47.5968018 ], [ 9.5364908, 47.5968735 ], [ 9.536955, 47.5971167 ], [ 9.5369673, 47.5971333 ], [ 9.5369612, 47.5971457 ], [ 9.5370256, 47.5971867 ], [ 9.5371001, 47.5972158 ], [ 9.5371061, 47.5972159 ], [ 9.5371301, 47.5972241 ], [ 9.5371324, 47.5972294 ], [ 9.537255, 47.5972509 ], [ 9.5372916, 47.5972547 ], [ 9.5374504, 47.5972532 ], [ 9.5374505, 47.5972478 ], [ 9.5374811, 47.5972477 ], [ 9.5374808, 47.5972527 ], [ 9.537501, 47.5972428 ], [ 9.5375538, 47.5972289 ], [ 9.5376975, 47.5972078 ], [ 9.5378166, 47.59714 ], [ 9.5379827, 47.5970793 ], [ 9.5380622, 47.597049 ], [ 9.5381029, 47.5970229 ], [ 9.5382862, 47.5969633 ], [ 9.5383389, 47.5969597 ], [ 9.5385686, 47.5968061 ], [ 9.5385509, 47.5967947 ], [ 9.5386156, 47.5967485 ], [ 9.5386356, 47.5967586 ], [ 9.5388035, 47.5966332 ], [ 9.5389129, 47.5965397 ], [ 9.5389072, 47.5965367 ], [ 9.5389284, 47.5965158 ], [ 9.5389364, 47.5965188 ], [ 9.5391089, 47.5963545 ], [ 9.5391259, 47.5963384 ], [ 9.5391407, 47.5963128 ], [ 9.5391637, 47.596272 ], [ 9.5391796, 47.5960751 ], [ 9.5392898, 47.5960288 ], [ 9.5392813, 47.595858 ], [ 9.5392718, 47.5958574 ], [ 9.539271, 47.5958386 ], [ 9.5392788, 47.5958375 ], [ 9.539268, 47.5956514 ], [ 9.5392381, 47.5955058 ], [ 9.5392272, 47.5955069 ], [ 9.5392234, 47.5954872 ], [ 9.5392331, 47.5954847 ], [ 9.5390926, 47.5948358 ], [ 9.5390829, 47.5948353 ], [ 9.5390801, 47.594816 ], [ 9.5390895, 47.5948155 ], [ 9.5390717, 47.5945527 ], [ 9.5390785, 47.5945309 ], [ 9.5391005, 47.5944898 ], [ 9.539149, 47.5944169 ], [ 9.5391079, 47.5943603 ], [ 9.5391873, 47.5942936 ], [ 9.5392502, 47.5942706 ], [ 9.5393519, 47.5942694 ], [ 9.5393999, 47.5942755 ], [ 9.5394544, 47.5943541 ], [ 9.539458, 47.5943808 ], [ 9.5395613, 47.594453 ], [ 9.5396809, 47.5948781 ], [ 9.5397111, 47.5948766 ], [ 9.5397412, 47.5948925 ], [ 9.5397998, 47.5949463 ], [ 9.5399429, 47.5950979 ], [ 9.5400843, 47.5951809 ], [ 9.5402075, 47.5952025 ], [ 9.540496, 47.5952277 ], [ 9.5409987, 47.5952064 ], [ 9.5413444, 47.59517 ], [ 9.541663, 47.5951172 ], [ 9.5419479, 47.5950825 ], [ 9.5421743, 47.5950408 ], [ 9.5424602, 47.5949311 ], [ 9.5427275, 47.594793 ], [ 9.543059, 47.5945563 ], [ 9.5433168, 47.5943473 ], [ 9.5436292, 47.5940511 ], [ 9.5438067, 47.5938522 ], [ 9.5439701, 47.5936187 ], [ 9.5440003, 47.5935325 ], [ 9.5440946, 47.5933141 ], [ 9.544157, 47.5931109 ], [ 9.544216, 47.5930023 ], [ 9.5442893, 47.5929354 ], [ 9.5443906, 47.5928804 ], [ 9.5446516, 47.5927846 ], [ 9.5446946, 47.5927788 ], [ 9.5447056, 47.5928223 ], [ 9.5447554, 47.5928259 ], [ 9.5447405, 47.5928481 ], [ 9.5447293, 47.592907 ], [ 9.5447985, 47.5929409 ], [ 9.5449079, 47.5929237 ], [ 9.5449042, 47.5928201 ], [ 9.5451627, 47.5926612 ], [ 9.5452479, 47.5925687 ], [ 9.5452855, 47.5925146 ], [ 9.5451815, 47.5924968 ], [ 9.5451791, 47.5924722 ], [ 9.5452688, 47.5923901 ], [ 9.5453131, 47.592374 ], [ 9.5453615, 47.592371 ], [ 9.545505, 47.5924178 ], [ 9.5455502, 47.5924212 ], [ 9.5456113, 47.5925006 ], [ 9.5456463, 47.5924886 ], [ 9.5456619, 47.5924832 ], [ 9.5456532, 47.5924319 ], [ 9.5457331, 47.5923485 ], [ 9.5457727, 47.5922382 ], [ 9.5457351, 47.5921166 ], [ 9.5457691, 47.5920349 ], [ 9.5458446, 47.5919959 ], [ 9.5458575, 47.5919441 ], [ 9.5459002, 47.5919308 ], [ 9.5459455, 47.5919676 ], [ 9.5460203, 47.5919312 ], [ 9.5459817, 47.5919052 ], [ 9.5462916, 47.5917038 ], [ 9.5466887, 47.5914426 ], [ 9.5467478, 47.5913887 ], [ 9.5468673, 47.591247 ], [ 9.5469219, 47.5911779 ], [ 9.5469856, 47.5911066 ], [ 9.5471449, 47.5909092 ], [ 9.5473239, 47.590667 ], [ 9.5476052, 47.5904806 ], [ 9.5475979, 47.5904543 ], [ 9.5475965, 47.5904426 ], [ 9.5476086, 47.5904317 ], [ 9.5476334, 47.5904259 ], [ 9.5476602, 47.5904344 ], [ 9.5477654, 47.5903462 ], [ 9.5478973, 47.5902013 ], [ 9.5480008, 47.5902087 ], [ 9.5480643, 47.5901943 ], [ 9.5481196, 47.5901562 ], [ 9.5483897, 47.5899883 ], [ 9.5484366, 47.5898851 ], [ 9.5484321, 47.5898659 ], [ 9.5484277, 47.5898476 ], [ 9.5483973, 47.5898238 ], [ 9.5483513, 47.5898215 ], [ 9.5483072, 47.5898343 ], [ 9.5482299, 47.5898579 ], [ 9.5481959, 47.5898518 ], [ 9.5481856, 47.5898179 ], [ 9.5482227, 47.5897787 ], [ 9.5482973, 47.589736 ], [ 9.54861, 47.589691 ], [ 9.5487778, 47.5896487 ], [ 9.548919, 47.5896067 ], [ 9.5490561, 47.5895566 ], [ 9.5491284, 47.5895111 ], [ 9.549178, 47.5894547 ], [ 9.5492517, 47.5893185 ], [ 9.5492852, 47.5892463 ], [ 9.5493294, 47.5891841 ], [ 9.5494885, 47.5889911 ], [ 9.5496191, 47.5887837 ], [ 9.5497184, 47.5886518 ], [ 9.5499318, 47.5883558 ], [ 9.5501148, 47.5881587 ], [ 9.5505347, 47.587801 ], [ 9.5505771, 47.5877848 ], [ 9.5506282, 47.5877848 ], [ 9.5507069, 47.5877454 ], [ 9.5508921, 47.5876839 ], [ 9.5510819, 47.5876004 ], [ 9.5512619, 47.5875487 ], [ 9.5515887, 47.5874611 ], [ 9.5519277, 47.5873697 ], [ 9.5522305, 47.5872991 ], [ 9.5526521, 47.5873049 ], [ 9.5529917, 47.587305 ], [ 9.5533244, 47.5872922 ], [ 9.5534756, 47.5873611 ], [ 9.5536267, 47.5875939 ], [ 9.5540508, 47.587556 ], [ 9.5540199, 47.5875477 ], [ 9.5540544, 47.5873962 ], [ 9.5540901, 47.5872246 ], [ 9.5541168, 47.5871399 ], [ 9.5541648, 47.5870792 ], [ 9.5542078, 47.5870706 ], [ 9.5542674, 47.5870612 ], [ 9.554327, 47.5870725 ], [ 9.5543913, 47.5871146 ], [ 9.5544532, 47.5871793 ], [ 9.5545486, 47.5872659 ], [ 9.5546113, 47.5873133 ], [ 9.5547689, 47.5874261 ], [ 9.5547465, 47.5874689 ], [ 9.5547771, 47.587495 ], [ 9.5549635, 47.5876564 ], [ 9.5550468, 47.5876987 ], [ 9.5551573, 47.5877792 ], [ 9.5555378, 47.5875713 ], [ 9.5558332, 47.5874023 ], [ 9.5556234, 47.58719 ], [ 9.5555376, 47.587084 ], [ 9.5555111, 47.5869532 ], [ 9.5555172, 47.5868398 ], [ 9.5555475, 47.5866682 ], [ 9.5556063, 47.5865447 ], [ 9.5557025, 47.5864394 ], [ 9.5557554, 47.5864145 ], [ 9.5558415, 47.5863739 ], [ 9.5559375, 47.5862964 ], [ 9.5559375, 47.5862316 ], [ 9.5559637, 47.5862091 ], [ 9.5560422, 47.5861983 ], [ 9.5563528, 47.586129 ], [ 9.5566763, 47.5860198 ], [ 9.5568967, 47.5859035 ], [ 9.5570708, 47.5858127 ], [ 9.557187, 47.5857389 ], [ 9.5572537, 47.5855872 ], [ 9.5573307, 47.585493 ], [ 9.5573802, 47.5854744 ], [ 9.5574287, 47.585477 ], [ 9.5580748, 47.5853363 ], [ 9.5581906, 47.5853197 ], [ 9.5584251, 47.5853106 ], [ 9.5586414, 47.5853817 ], [ 9.5589507, 47.5851856 ], [ 9.5591231, 47.585088 ], [ 9.5593396, 47.5850462 ], [ 9.5602161, 47.5848778 ], [ 9.5605812, 47.5847695 ], [ 9.5607324, 47.5847935 ], [ 9.5608466, 47.5848974 ], [ 9.5607809, 47.5849621 ], [ 9.5605712, 47.585 ], [ 9.5605355, 47.5850435 ], [ 9.5605212, 47.5850933 ], [ 9.5606864, 47.5851384 ], [ 9.5609887, 47.5851964 ], [ 9.5612786, 47.5851742 ], [ 9.561448, 47.585108 ], [ 9.5615432, 47.5850007 ], [ 9.5615802, 47.584919 ], [ 9.5620028, 47.5848722 ], [ 9.5623578, 47.5849157 ], [ 9.5627231, 47.5849895 ], [ 9.5634493, 47.5850244 ], [ 9.5638188, 47.5850804 ], [ 9.5645624, 47.5851212 ], [ 9.5652756, 47.5850639 ], [ 9.5655279, 47.5850696 ], [ 9.5663513, 47.5849648 ], [ 9.5676522, 47.5847565 ], [ 9.5680675, 47.5847601 ], [ 9.5693259, 47.5844926 ], [ 9.5706344, 47.5842894 ], [ 9.5710207, 47.5842537 ], [ 9.5714179, 47.5841894 ], [ 9.5718147, 47.584183 ], [ 9.572045, 47.5842006 ], [ 9.5726038, 47.5841379 ], [ 9.5728475, 47.5842084 ], [ 9.5730805, 47.5843458 ], [ 9.5736494, 47.5844617 ], [ 9.5743118, 47.5847433 ], [ 9.5750519, 47.5850673 ], [ 9.5751387, 47.5851125 ], [ 9.5757376, 47.5853712 ], [ 9.5757462, 47.585392 ], [ 9.5757743, 47.58546 ], [ 9.576013, 47.5856187 ], [ 9.5761382, 47.5857049 ], [ 9.5766429, 47.58593 ], [ 9.5776776, 47.586158 ], [ 9.5781821, 47.5861863 ], [ 9.5787772, 47.5862122 ], [ 9.5793799, 47.5861993 ], [ 9.5801363, 47.5861579 ], [ 9.5807408, 47.5861187 ], [ 9.5810707, 47.5860713 ], [ 9.5815384, 47.5859931 ], [ 9.582044, 47.5859173 ], [ 9.5824057, 47.5858567 ], [ 9.5825985, 47.5858372 ], [ 9.5826826, 47.5858622 ], [ 9.5830168, 47.585863 ], [ 9.5833433, 47.5859181 ], [ 9.5836462, 47.5859908 ], [ 9.5839295, 47.5860398 ], [ 9.5845301, 47.5861546 ], [ 9.5845982, 47.5861846 ], [ 9.5848484, 47.5862534 ], [ 9.5850963, 47.586323 ], [ 9.5852646, 47.586351 ], [ 9.585453, 47.5863775 ], [ 9.5855708, 47.5864154 ], [ 9.5859365, 47.5864872 ], [ 9.5862697, 47.5865735 ], [ 9.5863998, 47.5866189 ], [ 9.5865434, 47.5866673 ], [ 9.5866455, 47.5866817 ], [ 9.5867902, 47.586693 ], [ 9.5869326, 47.5867225 ], [ 9.5870201, 47.5867808 ], [ 9.5871228, 47.5868795 ], [ 9.587208, 47.5868711 ], [ 9.5872777, 47.5868658 ], [ 9.5872105, 47.5866829 ], [ 9.587229, 47.586681 ], [ 9.5872951, 47.5868605 ], [ 9.5875349, 47.5868545 ], [ 9.5879577, 47.586883 ], [ 9.5883489, 47.5868792 ], [ 9.5888477, 47.5868424 ], [ 9.5893487, 47.5867789 ], [ 9.5895346, 47.586746 ], [ 9.5896613, 47.5867395 ], [ 9.5896836, 47.5867218 ], [ 9.5897634, 47.586689 ], [ 9.5913647, 47.5869296 ], [ 9.5915413, 47.5870888 ], [ 9.591519, 47.5871006 ], [ 9.5914494, 47.5873533 ], [ 9.5914794, 47.5873568 ], [ 9.5914547, 47.5874386 ], [ 9.59141, 47.5876085 ], [ 9.5913852, 47.5877911 ], [ 9.5915447, 47.587803 ], [ 9.5917996, 47.5878779 ], [ 9.5920838, 47.5879131 ], [ 9.592418, 47.5879162 ], [ 9.5924163, 47.588011 ], [ 9.592616, 47.5880299 ], [ 9.5926091, 47.5880758 ], [ 9.5936063, 47.5880513 ], [ 9.5936554, 47.5880497 ], [ 9.5936474, 47.5880654 ], [ 9.5937463, 47.588076 ], [ 9.5938289, 47.5880566 ], [ 9.5939408, 47.5880525 ], [ 9.594125, 47.5880169 ], [ 9.5942773, 47.5880013 ], [ 9.5944353, 47.5880003 ], [ 9.5944771, 47.5880181 ], [ 9.5944763, 47.5880405 ], [ 9.5943849, 47.5881058 ], [ 9.593742, 47.5880931 ], [ 9.5937072, 47.5882797 ], [ 9.5947935, 47.5885412 ], [ 9.5947655, 47.5883993 ], [ 9.5947897, 47.588396 ], [ 9.594854, 47.5882948 ], [ 9.5952785, 47.5883219 ], [ 9.5954854, 47.5883615 ], [ 9.595562, 47.5884043 ], [ 9.5956446, 47.5884051 ], [ 9.5959487, 47.5883584 ], [ 9.5962847, 47.588272 ], [ 9.5968221, 47.5880532 ], [ 9.5973962, 47.5877842 ], [ 9.5983754, 47.5873389 ], [ 9.5988176, 47.5871547 ], [ 9.5988599, 47.5871661 ], [ 9.5989039, 47.587129 ], [ 9.5989538, 47.5871101 ], [ 9.599118, 47.587016 ], [ 9.599096, 47.5869973 ], [ 9.5996422, 47.5866993 ], [ 9.5996761, 47.5866808 ], [ 9.5997084, 47.5866632 ], [ 9.6004696, 47.5861499 ], [ 9.600688, 47.5859731 ], [ 9.600924, 47.5857657 ], [ 9.6010748, 47.5856117 ], [ 9.6012773, 47.5854244 ], [ 9.6013984, 47.5853134 ], [ 9.6017353, 47.5849292 ], [ 9.6018509, 47.5847974 ], [ 9.601999, 47.5846103 ], [ 9.6021052, 47.5844763 ], [ 9.6023869, 47.5840984 ], [ 9.6025957, 47.5837836 ], [ 9.6028055, 47.5834688 ], [ 9.6028396, 47.5834176 ], [ 9.6031305, 47.5829811 ], [ 9.6033095, 47.5827303 ], [ 9.6036999, 47.5821294 ], [ 9.6038503, 47.5818996 ], [ 9.6039854, 47.5815852 ], [ 9.6041072, 47.5813583 ], [ 9.6042005, 47.5812009 ], [ 9.6042793, 47.5809632 ], [ 9.6044419, 47.5806416 ], [ 9.6044995, 47.5806453 ], [ 9.6045378, 47.5805232 ], [ 9.6045422, 47.5804025 ], [ 9.6044332, 47.5803705 ], [ 9.6044451, 47.5803018 ], [ 9.6045374, 47.5802938 ], [ 9.6045303, 47.5800957 ], [ 9.604573, 47.5800877 ], [ 9.6045834, 47.5800267 ], [ 9.60454, 47.5798731 ], [ 9.6045173, 47.579821 ], [ 9.6044804, 47.579811 ], [ 9.6044249, 47.579801 ], [ 9.6044249, 47.5797755 ], [ 9.6044012, 47.5797515 ], [ 9.6043302, 47.5797387 ], [ 9.6043503, 47.5796932 ], [ 9.6044523, 47.5796597 ], [ 9.6045264, 47.5794569 ], [ 9.6046335, 47.579405 ], [ 9.6047541, 47.5792626 ], [ 9.60491, 47.5789869 ], [ 9.6050166, 47.5788032 ], [ 9.6050687, 47.5786402 ], [ 9.6051468, 47.5785875 ], [ 9.6051918, 47.5784661 ], [ 9.605236, 47.5784279 ], [ 9.6053292, 47.5782983 ], [ 9.6053765, 47.5782824 ], [ 9.6054962, 47.5781426 ], [ 9.6055198, 47.5780483 ], [ 9.6054962, 47.5780323 ], [ 9.6055009, 47.5780044 ], [ 9.6055577, 47.5779684 ], [ 9.605716, 47.577872 ], [ 9.6057756, 47.5778406 ], [ 9.6061372, 47.5774435 ], [ 9.6062716, 47.5772038 ], [ 9.6063791, 47.5771232 ], [ 9.6064299, 47.577102 ], [ 9.606487, 47.5771128 ], [ 9.606621, 47.5771816 ], [ 9.6067165, 47.5771031 ], [ 9.6066479, 47.5770497 ], [ 9.6066927, 47.5770013 ], [ 9.6066105, 47.5769449 ], [ 9.6066314, 47.5769328 ], [ 9.6068073, 47.5770275 ], [ 9.607045, 47.5768563 ], [ 9.6071454, 47.5767035 ], [ 9.6071944, 47.5766925 ], [ 9.6074304, 47.5761311 ], [ 9.606866, 47.5759931 ], [ 9.6068727, 47.5754186 ], [ 9.6067801, 47.5749889 ], [ 9.6068086, 47.5746416 ], [ 9.6065695, 47.5745895 ], [ 9.6064497, 47.5745635 ], [ 9.6065206, 47.5742509 ], [ 9.6067267, 47.5735367 ], [ 9.6070556, 47.5736489 ], [ 9.6074817, 47.5731082 ], [ 9.607708, 47.5728545 ], [ 9.6077632, 47.5727875 ], [ 9.6079242, 47.5726634 ], [ 9.6084875, 47.5722501 ], [ 9.6091868, 47.5718819 ], [ 9.609535, 47.5717421 ], [ 9.609867, 47.5716141 ], [ 9.6099796, 47.5715697 ], [ 9.610056, 47.5714854 ], [ 9.6101961, 47.5715038 ], [ 9.6103823, 47.5714812 ], [ 9.6105203, 47.5713965 ], [ 9.6105831, 47.5713217 ], [ 9.61065, 47.5712879 ], [ 9.6106816, 47.5713032 ], [ 9.6110328, 47.5711383 ], [ 9.6113592, 47.5710479 ], [ 9.6115819, 47.5709894 ], [ 9.61188, 47.5709763 ], [ 9.612542, 47.5707562 ], [ 9.612684, 47.5706505 ], [ 9.6127609, 47.5706125 ], [ 9.6128422, 47.5706079 ], [ 9.6130937, 47.5704728 ], [ 9.6132323, 47.570387 ], [ 9.6132549, 47.570373 ], [ 9.6134014, 47.5703361 ], [ 9.6136129, 47.5703102 ], [ 9.6137002, 47.5702726 ], [ 9.6137093, 47.5702222 ], [ 9.6138314, 47.5701471 ], [ 9.6138817, 47.5701419 ], [ 9.613938, 47.570083 ], [ 9.6141212, 47.5700164 ], [ 9.6142981, 47.5699145 ], [ 9.6144141, 47.5698671 ], [ 9.61433, 47.5697368 ], [ 9.6143544, 47.5697296 ], [ 9.6144078, 47.569813 ], [ 9.6144436, 47.5698053 ], [ 9.6144766, 47.5698496 ], [ 9.6146701, 47.5697986 ], [ 9.6148476, 47.56977 ], [ 9.6151784, 47.5696434 ], [ 9.6152625, 47.5696317 ], [ 9.6153833, 47.5695954 ], [ 9.6156033, 47.5694716 ], [ 9.6159506, 47.569313 ], [ 9.616134, 47.5692868 ], [ 9.6163756, 47.5692009 ], [ 9.6164576, 47.5691704 ], [ 9.6165525, 47.5691704 ], [ 9.6166048, 47.5692012 ], [ 9.617026, 47.5690953 ], [ 9.6172979, 47.5689931 ], [ 9.6178173, 47.5688735 ], [ 9.6180275, 47.5687868 ], [ 9.6182446, 47.5687564 ], [ 9.6185501, 47.5687573 ], [ 9.6188159, 47.5687915 ], [ 9.6190961, 47.5688794 ], [ 9.6192959, 47.569002 ], [ 9.6193564, 47.5692797 ], [ 9.6194523, 47.5696575 ], [ 9.6194932, 47.5698841 ], [ 9.6195102, 47.5699666 ], [ 9.6196865, 47.5701559 ], [ 9.6198283, 47.5703024 ], [ 9.6200942, 47.5704679 ], [ 9.6204421, 47.5705401 ], [ 9.620777, 47.5705784 ], [ 9.6211225, 47.5706386 ], [ 9.6215761, 47.5706517 ], [ 9.621575, 47.5706642 ], [ 9.6216976, 47.5706622 ], [ 9.622177, 47.5706447 ], [ 9.6221794, 47.5705824 ], [ 9.6223473, 47.5705726 ], [ 9.6223809, 47.5706701 ], [ 9.6225123, 47.570674 ], [ 9.6229444, 47.5706425 ], [ 9.6230758, 47.5706665 ], [ 9.6232963, 47.5706448 ], [ 9.6235812, 47.5706128 ], [ 9.6238455, 47.5705947 ], [ 9.6240502, 47.5706013 ], [ 9.624341, 47.5705431 ], [ 9.6246837, 47.5705111 ], [ 9.6249462, 47.5705817 ], [ 9.6251792, 47.5706156 ], [ 9.6255181, 47.5706663 ], [ 9.6258167, 47.5707739 ], [ 9.6259121, 47.5708343 ], [ 9.6259906, 47.5708579 ], [ 9.626067, 47.5708621 ], [ 9.6263564, 47.5708466 ], [ 9.6267909, 47.5709681 ], [ 9.6268499, 47.5710529 ], [ 9.6269894, 47.571078 ], [ 9.6271128, 47.571078 ], [ 9.6272656, 47.5710618 ], [ 9.6275258, 47.5710223 ], [ 9.6279571, 47.570842 ], [ 9.6284083, 47.5706554 ], [ 9.6287489, 47.5704903 ], [ 9.6291191, 47.5701922 ], [ 9.6293559, 47.5701 ], [ 9.6298835, 47.5698495 ], [ 9.630451, 47.5695826 ], [ 9.630808, 47.5694268 ], [ 9.6308074, 47.5692064 ], [ 9.6308067, 47.5689667 ], [ 9.6309005, 47.5688046 ], [ 9.6308074, 47.568725 ], [ 9.6304323, 47.5683754 ], [ 9.6301174, 47.568167 ], [ 9.6301249, 47.5680398 ], [ 9.6295805, 47.5677874 ], [ 9.6296107, 47.5677632 ], [ 9.6292038, 47.5675791 ], [ 9.6291722, 47.567624 ], [ 9.6291923, 47.5676541 ], [ 9.6291739, 47.5676629 ], [ 9.6291335, 47.5676221 ], [ 9.6290615, 47.5675436 ], [ 9.6289387, 47.5674194 ], [ 9.6287673, 47.5673711 ], [ 9.6286509, 47.5672868 ], [ 9.6284499, 47.5671599 ], [ 9.6284185, 47.5670476 ], [ 9.6284183, 47.5669661 ], [ 9.6284973, 47.5668673 ], [ 9.6285466, 47.5668194 ], [ 9.6287558, 47.5665688 ], [ 9.6287989, 47.5665698 ], [ 9.6289137, 47.5664816 ], [ 9.6288887, 47.5664439 ], [ 9.6292703, 47.5662122 ], [ 9.6294165, 47.5661344 ], [ 9.6295756, 47.5660837 ], [ 9.6296959, 47.5660668 ], [ 9.6296914, 47.5660365 ], [ 9.6297147, 47.5660341 ], [ 9.6297219, 47.5660922 ], [ 9.6296743, 47.56613 ], [ 9.6297695, 47.5661425 ], [ 9.6298458, 47.566108 ], [ 9.6299617, 47.5661195 ], [ 9.6301043, 47.5661539 ], [ 9.6301924, 47.5661583 ], [ 9.6303299, 47.5661904 ], [ 9.6305058, 47.5662382 ], [ 9.6304524, 47.5662797 ], [ 9.6305197, 47.5663427 ], [ 9.6305535, 47.5663555 ], [ 9.6304867, 47.5664179 ], [ 9.630305, 47.5666223 ], [ 9.6303383, 47.5666989 ], [ 9.6304401, 47.5668363 ], [ 9.6305355, 47.5670855 ], [ 9.6306599, 47.5671677 ], [ 9.6307643, 47.567237 ], [ 9.6311183, 47.5673631 ], [ 9.6312918, 47.5673659 ], [ 9.6314055, 47.5673536 ], [ 9.6315833, 47.5673439 ], [ 9.6318168, 47.5673379 ], [ 9.6320307, 47.5673796 ], [ 9.6321204, 47.5673742 ], [ 9.632223, 47.567368 ], [ 9.6323627, 47.5673457 ], [ 9.6324516, 47.567356 ], [ 9.6324918, 47.5673777 ], [ 9.6326408, 47.5673346 ], [ 9.6327606, 47.5673057 ], [ 9.6328223, 47.5672947 ], [ 9.6329721, 47.5672613 ], [ 9.6331072, 47.5672162 ], [ 9.6332939, 47.5671773 ], [ 9.633511, 47.5671517 ], [ 9.6335442, 47.5671468 ], [ 9.6345499, 47.5669871 ], [ 9.6347859, 47.5669326 ], [ 9.6352563, 47.5668033 ], [ 9.6358325, 47.5667155 ], [ 9.6360104, 47.5666845 ], [ 9.6365404, 47.5665875 ], [ 9.6369219, 47.5664874 ], [ 9.6370359, 47.566452 ], [ 9.6372526, 47.5663523 ], [ 9.6375224, 47.5662067 ], [ 9.6379149, 47.5662793 ], [ 9.6378022, 47.5664014 ], [ 9.637976, 47.5665561 ], [ 9.6381895, 47.5667515 ], [ 9.6384156, 47.5668189 ], [ 9.6384933, 47.5668732 ], [ 9.6388783, 47.5668772 ], [ 9.6389984, 47.5668743 ], [ 9.6390741, 47.5668447 ], [ 9.6391726, 47.5668072 ], [ 9.6392485, 47.5667776 ], [ 9.6392719, 47.566765 ], [ 9.6393328, 47.5667525 ], [ 9.6393617, 47.5666641 ], [ 9.639215, 47.5662862 ], [ 9.639214, 47.5662326 ], [ 9.6394103, 47.566114 ], [ 9.6394145, 47.5661124 ], [ 9.6395305, 47.5661123 ], [ 9.6396356, 47.5660967 ], [ 9.639696, 47.5660711 ], [ 9.6398022, 47.5660092 ], [ 9.6398881, 47.5659109 ], [ 9.6399784, 47.5658925 ], [ 9.6400825, 47.5659164 ], [ 9.6401633, 47.5659684 ], [ 9.6403209, 47.5660168 ], [ 9.6403728, 47.5660336 ], [ 9.6404391, 47.5660173 ], [ 9.6405441, 47.5659888 ], [ 9.6406565, 47.565935 ], [ 9.6408382, 47.5658765 ], [ 9.640961, 47.5658462 ], [ 9.6410493, 47.5658096 ], [ 9.6411166, 47.5657758 ], [ 9.6412039, 47.5656985 ], [ 9.6414237, 47.5654964 ], [ 9.6415591, 47.565402 ], [ 9.6416722, 47.565272 ], [ 9.6417228, 47.5651788 ], [ 9.6419642, 47.565066 ], [ 9.6420393, 47.5649433 ], [ 9.6422458, 47.5649003 ], [ 9.6427873, 47.5643666 ], [ 9.642916, 47.5641787 ], [ 9.6431816, 47.5635797 ], [ 9.6432758, 47.563164 ], [ 9.6433406, 47.5628833 ], [ 9.6433378, 47.5627422 ], [ 9.6433348, 47.5625884 ], [ 9.6431765, 47.5625543 ], [ 9.6431321, 47.5625169 ], [ 9.6431336, 47.56246 ], [ 9.643206, 47.5624129 ], [ 9.6432865, 47.5624236 ], [ 9.643434, 47.5623206 ], [ 9.6435386, 47.5622341 ], [ 9.6436379, 47.5621434 ], [ 9.6437451, 47.5620655 ], [ 9.643861, 47.5619671 ], [ 9.6439436, 47.5618426 ], [ 9.6440429, 47.5617117 ], [ 9.6439854, 47.5616944 ], [ 9.6440156, 47.5616344 ], [ 9.6437778, 47.5615679 ], [ 9.6437795, 47.5614394 ], [ 9.6439125, 47.5612857 ], [ 9.644112, 47.5612752 ], [ 9.6442327, 47.561196 ], [ 9.6443404, 47.5611091 ], [ 9.644426, 47.5610448 ], [ 9.6447138, 47.5608356 ], [ 9.645062, 47.5606401 ], [ 9.6452815, 47.5605629 ], [ 9.6454026, 47.5605026 ], [ 9.6456423, 47.560374 ], [ 9.6458283, 47.5602026 ], [ 9.6458181, 47.5601139 ], [ 9.6459107, 47.5600431 ], [ 9.646036, 47.5601111 ], [ 9.6459791, 47.5601622 ], [ 9.6461134, 47.5602445 ], [ 9.6462226, 47.5603125 ], [ 9.6464874, 47.5601942 ], [ 9.6466796, 47.5600953 ], [ 9.6466292, 47.5600682 ], [ 9.6466315, 47.5600122 ], [ 9.646646, 47.5599272 ], [ 9.6467733, 47.5598458 ], [ 9.646974, 47.5597931 ], [ 9.647202, 47.559652 ], [ 9.647345, 47.5595842 ], [ 9.6474872, 47.5595366 ], [ 9.6476397, 47.559459 ], [ 9.647798, 47.5594283 ], [ 9.6479411, 47.5593761 ], [ 9.6481328, 47.5592354 ], [ 9.6482675, 47.5591067 ], [ 9.6484015, 47.5590011 ], [ 9.6487449, 47.5590084 ], [ 9.6490774, 47.5588097 ], [ 9.6493778, 47.5585844 ], [ 9.649552, 47.5584046 ], [ 9.6496752, 47.5583278 ], [ 9.6497866, 47.5582584 ], [ 9.6502611, 47.5579883 ], [ 9.6505366, 47.5578451 ], [ 9.6507651, 47.5577263 ], [ 9.6509344, 47.5576559 ], [ 9.6511101, 47.5576163 ], [ 9.6512043, 47.5575951 ], [ 9.6511567, 47.5575303 ], [ 9.651377, 47.5574539 ], [ 9.651428, 47.5575221 ], [ 9.6514591, 47.5575137 ], [ 9.6523041, 47.5572859 ], [ 9.6524593, 47.5571867 ], [ 9.6525163, 47.5571786 ], [ 9.6527211, 47.5571223 ], [ 9.6527734, 47.5571079 ], [ 9.6531566, 47.5569244 ], [ 9.6532215, 47.5568933 ], [ 9.6532577, 47.5568759 ], [ 9.6535794, 47.5566849 ], [ 9.6536136, 47.556726 ], [ 9.6533532, 47.5569158 ], [ 9.6533671, 47.5570576 ], [ 9.6535688, 47.5570467 ], [ 9.6535298, 47.5568691 ], [ 9.6536779, 47.5568622 ], [ 9.6536845, 47.5569468 ], [ 9.6537585, 47.5570008 ], [ 9.6539005, 47.5569829 ], [ 9.6540837, 47.5570316 ], [ 9.6544215, 47.5570848 ], [ 9.6548452, 47.5570224 ], [ 9.6550817, 47.556975 ], [ 9.655395, 47.5570398 ], [ 9.6561603, 47.556907 ], [ 9.6561798, 47.5568504 ], [ 9.656261, 47.5567985 ], [ 9.6564091, 47.5568356 ], [ 9.6565153, 47.5567858 ], [ 9.656616, 47.5567824 ], [ 9.6567405, 47.5567235 ], [ 9.6569331, 47.5567057 ], [ 9.657001, 47.5567839 ], [ 9.6570513, 47.5567962 ], [ 9.6572734, 47.5567308 ], [ 9.6573952, 47.5566973 ], [ 9.6575352, 47.5566294 ], [ 9.657608, 47.5565132 ], [ 9.657667, 47.5564793 ], [ 9.6577728, 47.5564751 ], [ 9.6578166, 47.5564887 ], [ 9.657818, 47.5564853 ], [ 9.6578694, 47.5563563 ], [ 9.6582431, 47.5562398 ], [ 9.658399, 47.5562279 ], [ 9.6583996, 47.5562501 ], [ 9.6582329, 47.5562723 ], [ 9.6579348, 47.5563895 ], [ 9.6578886, 47.5564935 ], [ 9.657997, 47.5565292 ], [ 9.6581077, 47.556587 ], [ 9.6582768, 47.5565884 ], [ 9.6583727, 47.5565031 ], [ 9.6585405, 47.5564664 ], [ 9.6586407, 47.5564914 ], [ 9.6586931, 47.5565605 ], [ 9.6588142, 47.5565767 ], [ 9.6589435, 47.5565297 ], [ 9.6589738, 47.5565288 ], [ 9.658986, 47.5564313 ], [ 9.6590611, 47.5563363 ], [ 9.6591491, 47.556288 ], [ 9.6591484, 47.5562674 ], [ 9.6593271, 47.556289 ], [ 9.6593138, 47.556308 ], [ 9.6594345, 47.556346 ], [ 9.6594704, 47.5564886 ], [ 9.6595627, 47.5565647 ], [ 9.6596709, 47.5566419 ], [ 9.6597684, 47.5566793 ], [ 9.659739, 47.5567625 ], [ 9.6597176, 47.5568228 ], [ 9.6597119, 47.556839 ], [ 9.6601462, 47.5568409 ], [ 9.6602208, 47.5567895 ], [ 9.6602927, 47.5567899 ], [ 9.6603975, 47.5568453 ], [ 9.6609143, 47.5568513 ], [ 9.6609163, 47.5568213 ], [ 9.6609916, 47.5568231 ], [ 9.6610555, 47.5568247 ], [ 9.6610578, 47.5568541 ], [ 9.6615569, 47.5568529 ], [ 9.6615821, 47.5568122 ], [ 9.661595, 47.5567983 ], [ 9.6616205, 47.5567878 ], [ 9.6616547, 47.5567825 ], [ 9.6616851, 47.5567829 ], [ 9.6617437, 47.5568 ], [ 9.6618027, 47.5568289 ], [ 9.6619385, 47.5568164 ], [ 9.6622217, 47.5568171 ], [ 9.6622708, 47.5568491 ], [ 9.6623559, 47.5569081 ], [ 9.6624815, 47.5569955 ], [ 9.6625245, 47.5570272 ], [ 9.6626176, 47.5570952 ], [ 9.6626978, 47.5571468 ], [ 9.6627554, 47.557173 ], [ 9.6628237, 47.557198 ], [ 9.6629086, 47.5572108 ], [ 9.6630569, 47.557234 ], [ 9.6632013, 47.55726 ], [ 9.6634279, 47.5572937 ], [ 9.6634865, 47.557321 ], [ 9.6635372, 47.5573476 ], [ 9.6637886, 47.5573943 ], [ 9.6639659, 47.5574272 ], [ 9.6639978, 47.5574358 ], [ 9.6641242, 47.5574718 ], [ 9.6642606, 47.5575201 ], [ 9.6643684, 47.557526 ], [ 9.6645384, 47.5575379 ], [ 9.6645815, 47.5575379 ], [ 9.6646267, 47.5575322 ], [ 9.6646389, 47.5574995 ], [ 9.6648642, 47.5573657 ], [ 9.6649443, 47.5573422 ], [ 9.6649971, 47.5573392 ], [ 9.6652404, 47.5572665 ], [ 9.6653638, 47.5572308 ], [ 9.6653697, 47.5571962 ], [ 9.6654274, 47.557194 ], [ 9.665485, 47.5572008 ], [ 9.6654801, 47.5572702 ], [ 9.6654481, 47.5572994 ], [ 9.6653973, 47.5573693 ], [ 9.665277, 47.5574124 ], [ 9.66524, 47.5574521 ], [ 9.6650347, 47.5574526 ], [ 9.6649865, 47.5575426 ], [ 9.6662155, 47.5575893 ], [ 9.6663401, 47.5575969 ], [ 9.6663805, 47.5576103 ], [ 9.6664023, 47.5576223 ], [ 9.666411, 47.5576389 ], [ 9.6664156, 47.5576572 ], [ 9.6666561, 47.5577001 ], [ 9.6669358, 47.5577003 ], [ 9.6669578, 47.5577002 ], [ 9.6670165, 47.557698 ], [ 9.6671782, 47.5576894 ], [ 9.6673123, 47.5577107 ], [ 9.6673263, 47.5577112 ], [ 9.6673338, 47.5577115 ], [ 9.6673808, 47.5577972 ], [ 9.6674822, 47.5577794 ], [ 9.6674591, 47.5576829 ], [ 9.6677627, 47.557647 ], [ 9.6681144, 47.5575828 ], [ 9.6681731, 47.5575748 ], [ 9.6683216, 47.5575547 ], [ 9.6684731, 47.5575371 ], [ 9.6686802, 47.5575162 ], [ 9.6687226, 47.5575127 ], [ 9.6687117, 47.5574761 ], [ 9.6687497, 47.5574759 ], [ 9.6688586, 47.5574753 ], [ 9.6688758, 47.5574753 ], [ 9.66909, 47.5574712 ], [ 9.6692433, 47.5574663 ], [ 9.6694705, 47.557498 ], [ 9.6696097, 47.5574931 ], [ 9.6697998, 47.5574878 ], [ 9.6700112, 47.5574887 ], [ 9.6702967, 47.557473 ], [ 9.670461, 47.5574587 ], [ 9.6708798, 47.5576342 ], [ 9.6708993, 47.5576154 ], [ 9.6709331, 47.5576288 ], [ 9.6709652, 47.5576206 ], [ 9.6710321, 47.5576521 ], [ 9.6711574, 47.5577189 ], [ 9.6712597, 47.5577717 ], [ 9.6712471, 47.557784 ], [ 9.6712733, 47.5578146 ], [ 9.6712968, 47.5578363 ], [ 9.6713538, 47.5578712 ], [ 9.6714167, 47.5578841 ], [ 9.6714492, 47.5578902 ], [ 9.6714459, 47.5579152 ], [ 9.6714748, 47.5579302 ], [ 9.671581, 47.5579313 ], [ 9.6719898, 47.5579029 ], [ 9.6723537, 47.5578055 ], [ 9.672467, 47.5577752 ], [ 9.6726275, 47.5577098 ], [ 9.672874, 47.5575962 ], [ 9.6729866, 47.5575381 ], [ 9.6729456, 47.5574454 ], [ 9.673029, 47.5574283 ], [ 9.6730622, 47.5575045 ], [ 9.67325, 47.5574634 ], [ 9.6732, 47.5573469 ], [ 9.6733162, 47.5573255 ], [ 9.6733199, 47.5573422 ], [ 9.6733371, 47.5573416 ], [ 9.6733441, 47.5573612 ], [ 9.6735769, 47.5573058 ], [ 9.6737684, 47.5572 ], [ 9.6738963, 47.5571696 ], [ 9.674052, 47.5571404 ], [ 9.6740672, 47.5571732 ], [ 9.6741649, 47.5571319 ], [ 9.6742664, 47.5571099 ], [ 9.6743852, 47.5570842 ], [ 9.6747571, 47.5569411 ], [ 9.6748057, 47.5569341 ], [ 9.6748311, 47.5569301 ], [ 9.6755127, 47.5567872 ], [ 9.6757854, 47.5567856 ], [ 9.6762381, 47.5569646 ], [ 9.6767102, 47.5571387 ], [ 9.677212, 47.5573432 ], [ 9.6772474, 47.5573644 ], [ 9.6772622, 47.557381 ], [ 9.6772671, 47.5574046 ], [ 9.6773604, 47.5574155 ], [ 9.6774308, 47.5574172 ], [ 9.6774315, 47.5573863 ], [ 9.6776866, 47.5573295 ], [ 9.6777274, 47.5572671 ], [ 9.6778997, 47.5572175 ], [ 9.6780911, 47.5571466 ], [ 9.6780915, 47.5571359 ], [ 9.6781047, 47.5571249 ], [ 9.6781219, 47.5571196 ], [ 9.6781498, 47.557122 ], [ 9.6781663, 47.5571361 ], [ 9.6782024, 47.5571931 ], [ 9.6782994, 47.5571605 ], [ 9.6786222, 47.557052 ], [ 9.6792204, 47.5568528 ], [ 9.6793023, 47.5568354 ], [ 9.6794136, 47.5568464 ], [ 9.6795431, 47.5566552 ], [ 9.6797273, 47.5563516 ], [ 9.6798266, 47.5561679 ], [ 9.6798551, 47.556091 ], [ 9.6799525, 47.5560266 ], [ 9.6799922, 47.5559782 ], [ 9.6799982, 47.5559237 ], [ 9.6800018, 47.5557599 ], [ 9.6798246, 47.5556995 ], [ 9.6799003, 47.5554944 ], [ 9.6800661, 47.5552818 ], [ 9.680288, 47.5549547 ], [ 9.6802006, 47.5547481 ], [ 9.680672, 47.5542511 ], [ 9.680871, 47.5540403 ], [ 9.6809979, 47.553895 ], [ 9.6811736, 47.5536587 ], [ 9.6812785, 47.5535614 ], [ 9.6815803, 47.5533451 ], [ 9.6815256, 47.5532799 ], [ 9.6815552, 47.55326 ], [ 9.6816363, 47.5532947 ], [ 9.681776, 47.5532065 ], [ 9.6821123, 47.5530028 ], [ 9.682107, 47.5529461 ], [ 9.6822382, 47.5528684 ], [ 9.6823027, 47.552828 ], [ 9.6823469, 47.5528114 ], [ 9.6824199, 47.5527438 ], [ 9.6824746, 47.5526528 ], [ 9.6824934, 47.5525466 ], [ 9.6824391, 47.5524438 ], [ 9.6823016, 47.5521587 ], [ 9.6822651, 47.5520006 ], [ 9.6822105, 47.5518784 ], [ 9.6808379, 47.5487647 ], [ 9.6807564, 47.5486252 ], [ 9.6805164, 47.5481627 ], [ 9.6804247, 47.5480432 ], [ 9.6802545, 47.548005 ], [ 9.6800937, 47.5480652 ], [ 9.6799857, 47.5481074 ], [ 9.6798986, 47.5480927 ], [ 9.679825, 47.548008 ], [ 9.6797933, 47.547951 ], [ 9.6795658, 47.5479139 ], [ 9.6788375, 47.5478361 ], [ 9.678726, 47.5478516 ], [ 9.6784153, 47.5479573 ], [ 9.6782707, 47.5478197 ], [ 9.6771188, 47.5471227 ], [ 9.6769439, 47.547149 ], [ 9.6767919, 47.5471794 ], [ 9.6767721, 47.547149 ], [ 9.676701, 47.5470297 ], [ 9.6767319, 47.5470185 ], [ 9.6766328, 47.5469208 ], [ 9.6763503, 47.5466558 ], [ 9.6760587, 47.5463836 ], [ 9.6759844, 47.5464148 ], [ 9.6759394, 47.5463673 ], [ 9.6758485, 47.5462734 ], [ 9.675884, 47.5462315 ], [ 9.6754156, 47.5458053 ], [ 9.6753962, 47.5458121 ], [ 9.6753745, 47.5458145 ], [ 9.6753529, 47.5458121 ], [ 9.6753335, 47.5458053 ], [ 9.6753182, 47.5457947 ], [ 9.6753086, 47.5457814 ], [ 9.6753057, 47.5457667 ], [ 9.6753098, 47.5457522 ], [ 9.6753204, 47.5457393 ], [ 9.6753365, 47.5457293 ], [ 9.6753565, 47.5457232 ], [ 9.6756014, 47.5456992 ], [ 9.6756016, 47.5456936 ], [ 9.6756069, 47.5455464 ], [ 9.6756819, 47.5453301 ], [ 9.6757282, 47.5452198 ], [ 9.6760497, 47.5450514 ], [ 9.6774898, 47.5445321 ], [ 9.6776651, 47.5444636 ], [ 9.677971, 47.5443441 ], [ 9.6779256, 47.5442857 ], [ 9.6779521, 47.5442313 ], [ 9.6779685, 47.5441965 ], [ 9.6781177, 47.5441966 ], [ 9.6783123, 47.5440305 ], [ 9.6792847, 47.543523 ], [ 9.6795254, 47.5433752 ], [ 9.6798099, 47.5431714 ], [ 9.6799329, 47.5429726 ], [ 9.6799416, 47.5429254 ], [ 9.679931, 47.5429245 ], [ 9.6799214, 47.5429214 ], [ 9.6799137, 47.5429164 ], [ 9.6799088, 47.5429098 ], [ 9.6799073, 47.5429025 ], [ 9.6799095, 47.5428953 ], [ 9.6799151, 47.5428889 ], [ 9.6799109, 47.5428855 ], [ 9.6799077, 47.5428828 ], [ 9.6799164, 47.5428782 ], [ 9.6799302, 47.5428742 ], [ 9.6799471, 47.542874 ], [ 9.6799616, 47.5428778 ], [ 9.6799722, 47.5428835 ], [ 9.6799792, 47.5428905 ], [ 9.6800054, 47.5429059 ], [ 9.6802587, 47.5427143 ], [ 9.6808766, 47.5422007 ], [ 9.6819316, 47.5424385 ], [ 9.6823291, 47.5425553 ], [ 9.6835211, 47.5428515 ], [ 9.683544, 47.5428655 ], [ 9.6835861, 47.5428598 ], [ 9.6836128, 47.5428634 ], [ 9.6836435, 47.5428762 ], [ 9.6836616, 47.5428925 ], [ 9.6836695, 47.5429078 ], [ 9.6836661, 47.5429548 ], [ 9.6838868, 47.54321 ], [ 9.6839058, 47.5432042 ], [ 9.6839286, 47.5432019 ], [ 9.6839564, 47.5432064 ], [ 9.6839794, 47.5432173 ], [ 9.6840804, 47.5431906 ], [ 9.684202, 47.543166 ], [ 9.6843208, 47.5431539 ], [ 9.6844436, 47.5431507 ], [ 9.6845656, 47.5431539 ], [ 9.6846867, 47.5431653 ], [ 9.6848046, 47.5431835 ], [ 9.684923, 47.5432105 ], [ 9.6850333, 47.543244 ], [ 9.685107, 47.5432747 ], [ 9.68513, 47.5432838 ], [ 9.6852318, 47.543324 ], [ 9.6854021, 47.5431796 ], [ 9.6861308, 47.5431345 ], [ 9.686437, 47.5434939 ], [ 9.6865116, 47.5436935 ], [ 9.6866871, 47.5436699 ], [ 9.6867975, 47.5436536 ], [ 9.6871041, 47.543635 ], [ 9.6873357, 47.5436734 ], [ 9.6874892, 47.543712 ], [ 9.6875995, 47.5436962 ], [ 9.6876308, 47.5437269 ], [ 9.6883412, 47.5439602 ], [ 9.6883683, 47.5439647 ], [ 9.6883792, 47.5439776 ], [ 9.6883777, 47.5439962 ], [ 9.6883668, 47.5440042 ], [ 9.6883775, 47.5441472 ], [ 9.6883407, 47.5441481 ], [ 9.6883285, 47.5439903 ], [ 9.6876643, 47.5437748 ], [ 9.68763, 47.543769 ], [ 9.687524, 47.5437827 ], [ 9.6874887, 47.543747 ], [ 9.6874017, 47.5437253 ], [ 9.687293, 47.5436991 ], [ 9.6871559, 47.5436753 ], [ 9.6870424, 47.5436631 ], [ 9.6868366, 47.543683 ], [ 9.6868006, 47.5436907 ], [ 9.6868009, 47.5437001 ], [ 9.6867886, 47.5438369 ], [ 9.6867535, 47.5438393 ], [ 9.6867361, 47.5439987 ], [ 9.6867108, 47.5441185 ], [ 9.6869028, 47.5441281 ], [ 9.6872072, 47.5442293 ], [ 9.6884, 47.544626 ], [ 9.688382, 47.544649 ], [ 9.6881329, 47.5445778 ], [ 9.6879823, 47.5445328 ], [ 9.6878537, 47.544492 ], [ 9.6877158, 47.5444454 ], [ 9.6875493, 47.5443916 ], [ 9.6873532, 47.5443241 ], [ 9.6872194, 47.5442806 ], [ 9.6872082, 47.5442769 ], [ 9.6871936, 47.5442691 ], [ 9.6872079, 47.5443699 ], [ 9.6871569, 47.5443808 ], [ 9.6871892, 47.5444408 ], [ 9.6870518, 47.5444738 ], [ 9.6870199, 47.5444137 ], [ 9.6869355, 47.5444355 ], [ 9.6869047, 47.5443732 ], [ 9.6868165, 47.5443967 ], [ 9.6867677, 47.5443098 ], [ 9.6866356, 47.544338 ], [ 9.68663, 47.5443294 ], [ 9.6865976, 47.5443421 ], [ 9.686551, 47.5443726 ], [ 9.6862961, 47.5442992 ], [ 9.6862479, 47.5443786 ], [ 9.6864703, 47.5444512 ], [ 9.6862047, 47.5448533 ], [ 9.6861793, 47.5448905 ], [ 9.6863795, 47.5449458 ], [ 9.6864126, 47.5448863 ], [ 9.6864412, 47.544843 ], [ 9.6865297, 47.5447431 ], [ 9.6866199, 47.5447319 ], [ 9.6866986, 47.5447291 ], [ 9.6868484, 47.5447553 ], [ 9.6868342, 47.5447763 ], [ 9.6866712, 47.5447562 ], [ 9.6866283, 47.544758 ], [ 9.6865725, 47.5447634 ], [ 9.6865453, 47.5447702 ], [ 9.6864915, 47.5448166 ], [ 9.6864462, 47.5448769 ], [ 9.6865161, 47.5448135 ], [ 9.6865725, 47.5447778 ], [ 9.6865996, 47.5448158 ], [ 9.686748, 47.5448497 ], [ 9.6871683, 47.5449762 ], [ 9.6877902, 47.5451924 ], [ 9.6878608, 47.5452136 ], [ 9.6884629, 47.5454414 ], [ 9.6885158, 47.545479 ], [ 9.6887868, 47.5455731 ], [ 9.6888189, 47.5455512 ], [ 9.6888503, 47.5455772 ], [ 9.6888183, 47.5455983 ], [ 9.6887832, 47.5456579 ], [ 9.688994, 47.5457859 ], [ 9.6891982, 47.5458514 ], [ 9.6892432, 47.5458199 ], [ 9.6892691, 47.5458303 ], [ 9.6892358, 47.5458585 ], [ 9.6893163, 47.5459718 ], [ 9.6893448, 47.5460925 ], [ 9.6893803, 47.5461532 ], [ 9.6896705, 47.5466119 ], [ 9.6897681, 47.5467114 ], [ 9.6899938, 47.5467934 ], [ 9.6903819, 47.5471331 ], [ 9.6905604, 47.5471312 ], [ 9.6905728, 47.5471399 ], [ 9.6907366, 47.5474807 ], [ 9.6908139, 47.5475698 ], [ 9.6911563, 47.547903 ], [ 9.6913077, 47.5480522 ], [ 9.691391, 47.5480515 ], [ 9.6915045, 47.5481551 ], [ 9.6913886, 47.54827 ], [ 9.6913139, 47.5482752 ], [ 9.6911406, 47.5484489 ], [ 9.6909008, 47.5486278 ], [ 9.6906529, 47.548792 ], [ 9.6904949, 47.5488722 ], [ 9.6902674, 47.548967 ], [ 9.6902025, 47.548994 ], [ 9.6899856, 47.5490796 ], [ 9.6896494, 47.5491701 ], [ 9.6894656, 47.5492371 ], [ 9.6893124, 47.5492348 ], [ 9.6891039, 47.5491936 ], [ 9.6888199, 47.5491507 ], [ 9.688473, 47.5491231 ], [ 9.6881075, 47.5491084 ], [ 9.6879412, 47.5491017 ], [ 9.6879081, 47.5491385 ], [ 9.6877173, 47.5491259 ], [ 9.6875911, 47.5491175 ], [ 9.6875145, 47.5490528 ], [ 9.6873431, 47.5490429 ], [ 9.6869596, 47.549022 ], [ 9.6865761, 47.5490012 ], [ 9.6865028, 47.548996 ], [ 9.6862669, 47.548993 ], [ 9.6858222, 47.5489832 ], [ 9.6854575, 47.5489637 ], [ 9.6853196, 47.5489598 ], [ 9.6849329, 47.5488712 ], [ 9.6846714, 47.5488488 ], [ 9.6845737, 47.5488402 ], [ 9.6844759, 47.5488316 ], [ 9.6843145, 47.5488241 ], [ 9.6843276, 47.5487894 ], [ 9.6843583, 47.5487081 ], [ 9.6842951, 47.5486246 ], [ 9.684044, 47.5486235 ], [ 9.6830377, 47.5484829 ], [ 9.6828968, 47.5485376 ], [ 9.6828697, 47.5486982 ], [ 9.6822344, 47.5486061 ], [ 9.6812614, 47.5486216 ], [ 9.6812878, 47.5486944 ], [ 9.6813054, 47.5487345 ], [ 9.6814989, 47.5487714 ], [ 9.6815954, 47.5488412 ], [ 9.6819747, 47.5497601 ], [ 9.682678, 47.5513964 ], [ 9.6827189, 47.5516376 ], [ 9.6827563, 47.5519122 ], [ 9.6828604, 47.5520452 ], [ 9.6829507, 47.5520276 ], [ 9.6830019, 47.5520395 ], [ 9.6830229, 47.5520764 ], [ 9.6830916, 47.5520716 ], [ 9.6830818, 47.552014 ], [ 9.6831028, 47.5520045 ], [ 9.6836983, 47.5518466 ], [ 9.6839379, 47.5518031 ], [ 9.6839519, 47.5518513 ], [ 9.6841481, 47.551821 ], [ 9.6844508, 47.5517283 ], [ 9.6845012, 47.5518276 ], [ 9.684593, 47.5518276 ], [ 9.6850302, 47.55177 ], [ 9.685026, 47.5517463 ], [ 9.6850947, 47.5517293 ], [ 9.6852614, 47.5517094 ], [ 9.6856509, 47.5515912 ], [ 9.6858247, 47.5515799 ], [ 9.6859584, 47.5515289 ], [ 9.6861162, 47.55163 ], [ 9.6869121, 47.5516158 ], [ 9.6869667, 47.551595 ], [ 9.6874256, 47.5516505 ], [ 9.6878738, 47.5517639 ], [ 9.6881045, 47.5517378 ], [ 9.6881611, 47.5517445 ], [ 9.6890257, 47.5512828 ], [ 9.689237, 47.551173 ], [ 9.689274, 47.5510953 ], [ 9.6894683, 47.5510531 ], [ 9.6897523, 47.5508923 ], [ 9.6900714, 47.5507362 ], [ 9.6903151, 47.5506238 ], [ 9.6908659, 47.5504204 ], [ 9.6914347, 47.5501534 ], [ 9.6914139, 47.5501303 ], [ 9.6916605, 47.5500179 ], [ 9.691869, 47.5499074 ], [ 9.6919748, 47.5498538 ], [ 9.6921352, 47.5497796 ], [ 9.6927511, 47.5497368 ], [ 9.693214, 47.5497868 ], [ 9.6936299, 47.5497629 ], [ 9.6939625, 47.5498751 ], [ 9.6943319, 47.5497957 ], [ 9.695172, 47.5498808 ], [ 9.6954071, 47.5498611 ], [ 9.6955675, 47.5498828 ], [ 9.6956047, 47.5499389 ], [ 9.6954282, 47.5501264 ], [ 9.6953705, 47.5502317 ], [ 9.6954371, 47.5502591 ], [ 9.6955014, 47.5502806 ], [ 9.6956297, 47.5501434 ], [ 9.6956807, 47.5500956 ], [ 9.6957446, 47.5501099 ], [ 9.6958514, 47.5501816 ], [ 9.696085, 47.5502201 ], [ 9.6962767, 47.5502266 ], [ 9.6966655, 47.5503249 ], [ 9.6968474, 47.550411 ], [ 9.6970287, 47.5505174 ], [ 9.6973335, 47.5506444 ], [ 9.6979964, 47.5506974 ], [ 9.6990537, 47.5507503 ], [ 9.6994018, 47.5507508 ], [ 9.6995232, 47.5507662 ], [ 9.6996258, 47.5507755 ], [ 9.699676, 47.5507847 ], [ 9.6996852, 47.5508447 ], [ 9.6996235, 47.5508891 ], [ 9.699659, 47.5510498 ], [ 9.6999624, 47.5511396 ], [ 9.700167, 47.5511531 ], [ 9.7003005, 47.5511566 ], [ 9.7004421, 47.551137 ], [ 9.7005768, 47.5510965 ], [ 9.7006925, 47.5510762 ], [ 9.7008393, 47.551083 ], [ 9.7009214, 47.5511164 ], [ 9.701049, 47.5511349 ], [ 9.7011048, 47.5511363 ], [ 9.701135, 47.5511006 ], [ 9.7013373, 47.5510574 ], [ 9.70154, 47.5509957 ], [ 9.7018894, 47.5509042 ], [ 9.7020459, 47.5508322 ], [ 9.7021393, 47.5507675 ], [ 9.7022079, 47.5507062 ], [ 9.702211, 47.5506669 ], [ 9.7022121, 47.5506526 ], [ 9.702151, 47.5504526 ], [ 9.7021075, 47.5503234 ], [ 9.7020411, 47.5502408 ], [ 9.7019571, 47.5500337 ], [ 9.70195, 47.5499479 ], [ 9.7021127, 47.5498926 ], [ 9.7022815, 47.5498353 ], [ 9.7027024, 47.5498053 ], [ 9.7031149, 47.5496894 ], [ 9.703315, 47.5496258 ], [ 9.7035967, 47.5494129 ], [ 9.7036916, 47.5494009 ], [ 9.7037742, 47.549398 ], [ 9.7039246, 47.5493516 ], [ 9.7039832, 47.5493726 ], [ 9.704021, 47.5494272 ], [ 9.704071, 47.549421 ], [ 9.7041708, 47.5494033 ], [ 9.7041795, 47.5493585 ], [ 9.7042062, 47.5492714 ], [ 9.7042394, 47.5491563 ], [ 9.7042333, 47.5490314 ], [ 9.70422, 47.5489285 ], [ 9.7042588, 47.5488868 ], [ 9.7043223, 47.5488696 ], [ 9.7043875, 47.5488684 ], [ 9.7044007, 47.5488529 ], [ 9.7044448, 47.5488493 ], [ 9.7044712, 47.5488654 ], [ 9.7044659, 47.5489076 ], [ 9.7044492, 47.548932 ], [ 9.7044236, 47.5489469 ], [ 9.7044104, 47.5489939 ], [ 9.7043549, 47.5490451 ], [ 9.7043522, 47.5490968 ], [ 9.7043249, 47.5491087 ], [ 9.7043152, 47.5491242 ], [ 9.7043223, 47.54917 ], [ 9.7043584, 47.5492235 ], [ 9.7045106, 47.5491875 ], [ 9.7045379, 47.5492294 ], [ 9.7044457, 47.5492464 ], [ 9.7044844, 47.549323 ], [ 9.7044263, 47.5493672 ], [ 9.7044439, 47.5493767 ], [ 9.7045387, 47.5493489 ], [ 9.7046249, 47.549457 ], [ 9.7046717, 47.5495157 ], [ 9.7047533, 47.5495459 ], [ 9.7047253, 47.5496095 ], [ 9.7046241, 47.5496536 ], [ 9.7044372, 47.5497469 ], [ 9.704555, 47.5498946 ], [ 9.7045505, 47.5499405 ], [ 9.7046789, 47.5500265 ], [ 9.7047184, 47.5500379 ], [ 9.7047215, 47.5500147 ], [ 9.7046616, 47.5499617 ], [ 9.7046193, 47.5499522 ], [ 9.7045796, 47.5499263 ], [ 9.704589, 47.5499058 ], [ 9.7048543, 47.5500345 ], [ 9.7050392, 47.550091 ], [ 9.7051864, 47.5501168 ], [ 9.7052631, 47.5501352 ], [ 9.7053256, 47.5501237 ], [ 9.7053764, 47.5501334 ], [ 9.7053975, 47.5501979 ], [ 9.7054069, 47.5501973 ], [ 9.7054169, 47.5501967 ], [ 9.7054646, 47.5501067 ], [ 9.7057491, 47.5500748 ], [ 9.7062269, 47.5501167 ], [ 9.7064814, 47.5501095 ], [ 9.7067275, 47.550106 ], [ 9.7069438, 47.5501293 ], [ 9.7070672, 47.5501369 ], [ 9.7072151, 47.5501399 ], [ 9.707456, 47.550121 ], [ 9.7077763, 47.5501087 ], [ 9.7079195, 47.5500948 ], [ 9.7081063, 47.5501315 ], [ 9.7084766, 47.5502017 ], [ 9.7087206, 47.5501941 ], [ 9.7089215, 47.550171 ], [ 9.709138, 47.5502163 ], [ 9.7094565, 47.5502664 ], [ 9.7095975, 47.5502604 ], [ 9.7099306, 47.5502405 ], [ 9.710209, 47.5502693 ], [ 9.7108527, 47.5503034 ], [ 9.7109392, 47.5503234 ], [ 9.7109298, 47.550352 ], [ 9.7110476, 47.550326 ], [ 9.7111335, 47.5503558 ], [ 9.7111379, 47.5504028 ], [ 9.7113754, 47.5505008 ], [ 9.7115515, 47.55058 ], [ 9.7116407, 47.5506096 ], [ 9.7117803, 47.550618 ], [ 9.7122218, 47.5505691 ], [ 9.7124037, 47.5505468 ], [ 9.7125765, 47.5505179 ], [ 9.7127271, 47.5504826 ], [ 9.7128953, 47.5504186 ], [ 9.7129224, 47.5504088 ], [ 9.7127117, 47.5501846 ], [ 9.7127252, 47.5501818 ], [ 9.7128543, 47.5503177 ], [ 9.712936, 47.5503084 ], [ 9.7130274, 47.5502686 ], [ 9.7130944, 47.5502206 ], [ 9.7132012, 47.5501677 ], [ 9.7132906, 47.5501184 ], [ 9.7133678, 47.550064 ], [ 9.7134346, 47.5500137 ], [ 9.713531, 47.5499347 ], [ 9.7136649, 47.5498116 ], [ 9.7137742, 47.5497151 ], [ 9.7138721, 47.5496302 ], [ 9.7143155, 47.5492901 ], [ 9.7142221, 47.5492306 ], [ 9.7142441, 47.5492173 ], [ 9.7142917, 47.5492431 ], [ 9.7143794, 47.5492006 ], [ 9.714338, 47.5491149 ], [ 9.7149251, 47.5488272 ], [ 9.714888, 47.5488017 ], [ 9.7148982, 47.5487937 ], [ 9.7152355, 47.5485935 ], [ 9.7156273, 47.5483521 ], [ 9.7157719, 47.5482851 ], [ 9.7159198, 47.5481981 ], [ 9.7160041, 47.5481539 ], [ 9.7162654, 47.5480088 ], [ 9.7163774, 47.5479611 ], [ 9.7165714, 47.5479202 ], [ 9.7166929, 47.5478953 ], [ 9.7168864, 47.5478306 ], [ 9.7172225, 47.5477012 ], [ 9.7174703, 47.5476552 ], [ 9.7176519, 47.5475987 ], [ 9.718225, 47.5473306 ], [ 9.7185211, 47.5472083 ], [ 9.718617, 47.547178 ], [ 9.7186491, 47.5471642 ], [ 9.7187118, 47.5472433 ], [ 9.7189989, 47.5472763 ], [ 9.7193315, 47.5470032 ], [ 9.7194571, 47.5469519 ], [ 9.719535, 47.5469291 ], [ 9.7197133, 47.546877 ], [ 9.7201396, 47.5466811 ], [ 9.7204015, 47.5465149 ], [ 9.7204634, 47.5464749 ], [ 9.7204802, 47.5464641 ], [ 9.7205443, 47.5464226 ], [ 9.7205995, 47.5463877 ], [ 9.7209954, 47.5459851 ], [ 9.7211213, 47.5458188 ], [ 9.7211839, 47.5457111 ], [ 9.7212389, 47.5456165 ], [ 9.7216373, 47.545259 ], [ 9.7218845, 47.5450306 ], [ 9.7222591, 47.5447794 ], [ 9.7223091, 47.5447937 ], [ 9.7223942, 47.5447217 ], [ 9.7223222, 47.5446903 ], [ 9.7225559, 47.5444399 ], [ 9.7226424, 47.5443539 ], [ 9.7227378, 47.5443602 ], [ 9.722783, 47.5443678 ], [ 9.7228141, 47.5443872 ], [ 9.7228306, 47.5444123 ], [ 9.7228315, 47.5444651 ], [ 9.7228588, 47.544526 ], [ 9.7228965, 47.544561 ], [ 9.7229407, 47.544587 ], [ 9.7229605, 47.5445826 ], [ 9.7229652, 47.5445483 ], [ 9.7229718, 47.5444867 ], [ 9.7229454, 47.544413 ], [ 9.7228946, 47.5443685 ], [ 9.7228523, 47.5443577 ], [ 9.7228494, 47.5443697 ], [ 9.7228259, 47.5443625 ], [ 9.7228155, 47.5443573 ], [ 9.7227976, 47.5443453 ], [ 9.7227962, 47.5443304 ], [ 9.7227981, 47.5443138 ], [ 9.7228277, 47.5442967 ], [ 9.7227962, 47.5442871 ], [ 9.7226651, 47.5442438 ], [ 9.7226766, 47.5442044 ], [ 9.7228042, 47.544088 ], [ 9.7231055, 47.5440381 ], [ 9.7232467, 47.5439802 ], [ 9.7233706, 47.5438913 ], [ 9.7235603, 47.543582 ], [ 9.7235862, 47.5434934 ], [ 9.7236185, 47.5432841 ], [ 9.7235546, 47.5432593 ], [ 9.7235018, 47.543267 ], [ 9.7234494, 47.5432922 ], [ 9.7233585, 47.5432976 ], [ 9.7232766, 47.5433023 ], [ 9.7231973, 47.5432914 ], [ 9.7231758, 47.543238 ], [ 9.7232851, 47.5431723 ], [ 9.7232943, 47.5431361 ], [ 9.7232833, 47.5430996 ], [ 9.7234798, 47.5430791 ], [ 9.7235908, 47.5430808 ], [ 9.7237599, 47.5429107 ], [ 9.7238382, 47.5428101 ], [ 9.7238484, 47.5426486 ], [ 9.7238706, 47.5425192 ], [ 9.7240129, 47.5424166 ], [ 9.724206, 47.542111 ], [ 9.7244367, 47.5420292 ], [ 9.7245932, 47.541796 ], [ 9.7245892, 47.5416136 ], [ 9.724748, 47.5415589 ], [ 9.7251095, 47.5412236 ], [ 9.7252818, 47.5411187 ], [ 9.7254507, 47.5408998 ], [ 9.7254912, 47.5407583 ], [ 9.725604, 47.5406241 ], [ 9.7257565, 47.5404427 ], [ 9.7258055, 47.5403843 ], [ 9.7260082, 47.5402748 ], [ 9.7261703, 47.5400057 ], [ 9.7263136, 47.5395907 ], [ 9.7266142, 47.5393762 ], [ 9.72689, 47.5390888 ], [ 9.7270104, 47.5386142 ], [ 9.727048, 47.5385525 ], [ 9.7273405, 47.5380723 ], [ 9.7275218, 47.5378457 ], [ 9.7277988, 47.5371689 ], [ 9.7278069, 47.5371479 ], [ 9.7277261, 47.5370106 ], [ 9.7278842, 47.5369144 ], [ 9.7279493, 47.5369531 ], [ 9.728116, 47.5369459 ], [ 9.7282747, 47.5369201 ], [ 9.728405, 47.5368489 ], [ 9.728552, 47.5366382 ], [ 9.7286203, 47.5364733 ], [ 9.7285529, 47.5363661 ], [ 9.7285153, 47.5363383 ], [ 9.728534, 47.5363076 ], [ 9.7285575, 47.5362903 ], [ 9.7285795, 47.5362726 ], [ 9.7286153, 47.5362576 ], [ 9.7287482, 47.5362705 ], [ 9.7288261, 47.5362433 ], [ 9.7290418, 47.5361599 ], [ 9.7291826, 47.5360051 ], [ 9.7292834, 47.5358477 ], [ 9.7293275, 47.5356912 ], [ 9.729307, 47.5354915 ], [ 9.7292409, 47.5354344 ], [ 9.7290645, 47.5353502 ], [ 9.7290072, 47.5352712 ], [ 9.7286253, 47.5350762 ], [ 9.7284513, 47.5348973 ], [ 9.7283333, 47.5346027 ], [ 9.7285701, 47.5347478 ], [ 9.7287785, 47.5346748 ], [ 9.7290731, 47.5346084 ], [ 9.7294586, 47.5346593 ], [ 9.7295261, 47.5344862 ], [ 9.7296824, 47.5345181 ], [ 9.7296676, 47.5345659 ], [ 9.7298343, 47.5345907 ], [ 9.7298372, 47.5346266 ], [ 9.7300796, 47.5346678 ], [ 9.7300608, 47.5347226 ], [ 9.7300882, 47.5347269 ], [ 9.7301191, 47.5347317 ], [ 9.7301368, 47.5346802 ], [ 9.7307585, 47.5348338 ], [ 9.7310583, 47.5348875 ], [ 9.7310907, 47.5348805 ], [ 9.7311512, 47.5348257 ], [ 9.7312217, 47.5347289 ], [ 9.731316, 47.5346237 ], [ 9.731679, 47.5342875 ], [ 9.7316397, 47.5342556 ], [ 9.7315351, 47.5341918 ], [ 9.7314277, 47.5341962 ], [ 9.7313025, 47.5342145 ], [ 9.7311848, 47.5342435 ], [ 9.7310697, 47.5343225 ], [ 9.7310051, 47.5343743 ], [ 9.7309404, 47.5344026 ], [ 9.7308552, 47.5343881 ], [ 9.7307687, 47.5343493 ], [ 9.7303005, 47.5342289 ], [ 9.7296839, 47.5341058 ], [ 9.7294547, 47.5340657 ], [ 9.7289167, 47.5339973 ], [ 9.7284992, 47.533998 ], [ 9.728299, 47.5340381 ], [ 9.7280919, 47.534117 ], [ 9.7278905, 47.534294 ], [ 9.7276025, 47.5346261 ], [ 9.7275705, 47.5346545 ], [ 9.7275145, 47.5346672 ], [ 9.7274216, 47.5346375 ], [ 9.7273792, 47.5345638 ], [ 9.7273689, 47.5344694 ], [ 9.7273719, 47.5343999 ], [ 9.7273596, 47.5343436 ], [ 9.7273926, 47.534274 ], [ 9.7274379, 47.534261 ], [ 9.7274865, 47.5341959 ], [ 9.7275795, 47.5341078 ], [ 9.727681, 47.5340247 ], [ 9.727761, 47.5339591 ], [ 9.7278186, 47.5339143 ], [ 9.7278648, 47.533835 ], [ 9.727911, 47.5337328 ], [ 9.727938, 47.533637 ], [ 9.7279679, 47.5336027 ], [ 9.7280068, 47.5335769 ], [ 9.728055, 47.5335674 ], [ 9.7280909, 47.5335735 ], [ 9.7281441, 47.5336097 ], [ 9.7281631, 47.5336297 ], [ 9.728266, 47.5337353 ], [ 9.7287045, 47.5338244 ], [ 9.728994, 47.53387 ], [ 9.7290284, 47.5337537 ], [ 9.7290577, 47.5336548 ], [ 9.7289216, 47.5335692 ], [ 9.7287959, 47.5334544 ], [ 9.7286578, 47.5333248 ], [ 9.728584, 47.5332208 ], [ 9.7285008, 47.5331836 ], [ 9.7284413, 47.5331224 ], [ 9.728458, 47.5330456 ], [ 9.7285225, 47.5328606 ], [ 9.7285298, 47.5328058 ], [ 9.7285189, 47.532775 ], [ 9.7284805, 47.5327769 ], [ 9.7284558, 47.5328122 ], [ 9.7283913, 47.5328317 ], [ 9.7282441, 47.5328557 ], [ 9.7281463, 47.5328753 ], [ 9.7280876, 47.5329051 ], [ 9.7280499, 47.5329399 ], [ 9.7280325, 47.5329732 ], [ 9.7280318, 47.5330172 ], [ 9.7280506, 47.5330432 ], [ 9.7280542, 47.5330872 ], [ 9.7280658, 47.5331229 ], [ 9.7280897, 47.5331503 ], [ 9.728089, 47.533165 ], [ 9.7280557, 47.5331596 ], [ 9.7280187, 47.5331313 ], [ 9.7279513, 47.5330764 ], [ 9.7279375, 47.5330182 ], [ 9.7279759, 47.5329228 ], [ 9.7280506, 47.5328533 ], [ 9.7282318, 47.5327896 ], [ 9.7283391, 47.5327696 ], [ 9.7284435, 47.532727 ], [ 9.7285725, 47.5325934 ], [ 9.7286896, 47.5324801 ], [ 9.7287697, 47.5323827 ], [ 9.728792, 47.5323762 ], [ 9.7288923, 47.5324018 ], [ 9.7289273, 47.5324385 ], [ 9.7290721, 47.5324842 ], [ 9.7290574, 47.5325 ], [ 9.7290386, 47.5325942 ], [ 9.7289944, 47.5326404 ], [ 9.7289139, 47.5326666 ], [ 9.7288562, 47.5326341 ], [ 9.728867, 47.5326042 ], [ 9.7289246, 47.5325879 ], [ 9.7289501, 47.5325698 ], [ 9.7289421, 47.5325326 ], [ 9.7288629, 47.53251 ], [ 9.7288143, 47.5325193 ], [ 9.7286638, 47.5328716 ], [ 9.7287636, 47.5332599 ], [ 9.7288699, 47.5333928 ], [ 9.7289201, 47.5333994 ], [ 9.7289885, 47.5333822 ], [ 9.7290323, 47.5333586 ], [ 9.7291447, 47.5332592 ], [ 9.7293827, 47.533228 ], [ 9.7296832, 47.5333251 ], [ 9.7298311, 47.5334031 ], [ 9.7297931, 47.5335274 ], [ 9.7297059, 47.5335945 ], [ 9.7297029, 47.5336265 ], [ 9.7298244, 47.5336645 ], [ 9.729865, 47.5336642 ], [ 9.7299041, 47.5336363 ], [ 9.7299607, 47.5336324 ], [ 9.7300245, 47.5336471 ], [ 9.7301013, 47.5336216 ], [ 9.7301542, 47.533581 ], [ 9.7301477, 47.5335448 ], [ 9.7301165, 47.5334831 ], [ 9.730097, 47.5333931 ], [ 9.7301281, 47.533283 ], [ 9.7301825, 47.5332472 ], [ 9.7301593, 47.5332105 ], [ 9.7301912, 47.5331846 ], [ 9.7302847, 47.533189 ], [ 9.7303623, 47.5332296 ], [ 9.7304493, 47.5332252 ], [ 9.7304797, 47.5331822 ], [ 9.7306095, 47.5331846 ], [ 9.7307015, 47.5331993 ], [ 9.7307899, 47.5332497 ], [ 9.7308646, 47.5332384 ], [ 9.7310792, 47.5331968 ], [ 9.7311517, 47.5331547 ], [ 9.7311861, 47.5331102 ], [ 9.7313359, 47.5329729 ], [ 9.731554, 47.5328244 ], [ 9.7317307, 47.5327387 ], [ 9.7321226, 47.5324639 ], [ 9.7326344, 47.5322996 ], [ 9.7328762, 47.5321133 ], [ 9.7328711, 47.5320506 ], [ 9.7328736, 47.5320222 ], [ 9.7328905, 47.5319943 ], [ 9.732916, 47.5319817 ], [ 9.7329456, 47.5319785 ], [ 9.7329871, 47.531985 ], [ 9.7330175, 47.532009 ], [ 9.7330588, 47.5320445 ], [ 9.7332192, 47.5320209 ], [ 9.7342676, 47.5313323 ], [ 9.7342756, 47.5312927 ], [ 9.7342665, 47.5312565 ], [ 9.7342356, 47.5311543 ], [ 9.7342455, 47.5311442 ], [ 9.7342636, 47.5311344 ], [ 9.7342944, 47.5311344 ], [ 9.7343132, 47.5311439 ], [ 9.7343596, 47.5313201 ], [ 9.7345112, 47.5318061 ], [ 9.7346751, 47.5318371 ], [ 9.7349849, 47.5318666 ], [ 9.7355938, 47.5318206 ], [ 9.7359316, 47.5317873 ], [ 9.7362597, 47.5317887 ], [ 9.736642, 47.5317299 ], [ 9.7369144, 47.5315509 ], [ 9.7370528, 47.5314568 ], [ 9.73721, 47.5313499 ], [ 9.737389, 47.5312568 ], [ 9.7375321, 47.5311251 ], [ 9.7375928, 47.5310415 ], [ 9.7376508, 47.5309448 ], [ 9.7376763, 47.5308882 ], [ 9.737682, 47.5308464 ], [ 9.7376628, 47.5308175 ], [ 9.7376128, 47.5307849 ], [ 9.7375555, 47.530784 ], [ 9.7375117, 47.5307545 ], [ 9.7374636, 47.5307211 ], [ 9.7374082, 47.5306563 ], [ 9.7373601, 47.5305296 ], [ 9.7373402, 47.5304028 ], [ 9.7373417, 47.5302297 ], [ 9.7373667, 47.5300728 ], [ 9.7373756, 47.5300169 ], [ 9.7374337, 47.5298997 ], [ 9.7374759, 47.5298352 ], [ 9.7375978, 47.5297473 ], [ 9.7376268, 47.5297329 ], [ 9.7376583, 47.5297243 ], [ 9.7378299, 47.5296589 ], [ 9.7381102, 47.5295327 ], [ 9.7383323, 47.5294802 ], [ 9.7385166, 47.5294585 ], [ 9.7387331, 47.5294797 ], [ 9.7389966, 47.5295483 ], [ 9.7391575, 47.5294668 ], [ 9.7393895, 47.529281 ], [ 9.739531, 47.5291404 ], [ 9.7395135, 47.5290896 ], [ 9.7394581, 47.5290161 ], [ 9.7394401, 47.528997 ], [ 9.7394253, 47.5289694 ], [ 9.7394316, 47.5289405 ], [ 9.7394578, 47.5289158 ], [ 9.7395136, 47.5288754 ], [ 9.7400916, 47.5288738 ], [ 9.7400919, 47.5289124 ], [ 9.739705, 47.5289131 ], [ 9.7397042, 47.5290034 ], [ 9.7397114, 47.5294021 ], [ 9.7397199, 47.5298733 ], [ 9.73988, 47.5298848 ], [ 9.739851, 47.5300373 ], [ 9.7401612, 47.5300663 ], [ 9.7401787, 47.5299648 ], [ 9.7406062, 47.5300016 ], [ 9.7406484, 47.5296693 ], [ 9.7406201, 47.5296693 ], [ 9.7406118, 47.5296519 ], [ 9.7405593, 47.5296464 ], [ 9.740422, 47.5293084 ], [ 9.7404844, 47.5291532 ], [ 9.7403524, 47.5291276 ], [ 9.7403049, 47.5291066 ], [ 9.7402764, 47.5290604 ], [ 9.7402796, 47.5290341 ], [ 9.7402951, 47.5290081 ], [ 9.7403799, 47.5289747 ], [ 9.7405218, 47.528977 ], [ 9.7408054, 47.5289043 ], [ 9.7408556, 47.5288956 ], [ 9.7409929, 47.5287783 ], [ 9.7411555, 47.5286403 ], [ 9.7412902, 47.5284564 ], [ 9.741395, 47.5282698 ], [ 9.7414508, 47.5282249 ], [ 9.7417544, 47.5282156 ], [ 9.7418175, 47.5282646 ], [ 9.7418119, 47.5283045 ], [ 9.7417928, 47.5283304 ], [ 9.7417618, 47.528345 ], [ 9.7416309, 47.5283618 ], [ 9.7412861, 47.5291413 ], [ 9.7413802, 47.5294589 ], [ 9.7417325, 47.5296337 ], [ 9.7428376, 47.5287068 ], [ 9.7428584, 47.5284205 ], [ 9.7421092, 47.5283781 ], [ 9.742112, 47.528398 ], [ 9.7420988, 47.5284927 ], [ 9.742042, 47.5284922 ], [ 9.7420054, 47.528484 ], [ 9.7419802, 47.5284617 ], [ 9.7419761, 47.5284392 ], [ 9.7419954, 47.5283663 ], [ 9.7420328, 47.5283139 ], [ 9.7420816, 47.5282996 ], [ 9.7421528, 47.5282933 ], [ 9.7422659, 47.5282504 ], [ 9.7423066, 47.528223 ], [ 9.7423433, 47.52808 ], [ 9.7424022, 47.5278732 ], [ 9.7425394, 47.5275555 ], [ 9.7427203, 47.5273507 ], [ 9.7428032, 47.5272918 ], [ 9.7428794, 47.5272774 ], [ 9.7430262, 47.5269644 ], [ 9.7430984, 47.5269422 ], [ 9.7434554, 47.5266762 ], [ 9.7437785, 47.5265242 ], [ 9.7439841, 47.5264543 ], [ 9.7443553, 47.5263448 ], [ 9.7447336, 47.5263147 ], [ 9.7452963, 47.5259772 ], [ 9.7455201, 47.5257349 ], [ 9.7456229, 47.5257071 ], [ 9.7459029, 47.5254688 ], [ 9.7460488, 47.5254087 ], [ 9.7463547, 47.5251807 ], [ 9.7466755, 47.5250706 ], [ 9.7468488, 47.5249975 ], [ 9.7469941, 47.5248908 ], [ 9.7473838, 47.5244287 ], [ 9.747436, 47.5244112 ], [ 9.7474872, 47.5244254 ], [ 9.7475534, 47.5244026 ], [ 9.7475828, 47.5243726 ], [ 9.747611, 47.5243305 ], [ 9.747705, 47.524234 ], [ 9.747773, 47.5242052 ], [ 9.7478289, 47.5241479 ], [ 9.7478512, 47.5240881 ], [ 9.7479589, 47.5240207 ], [ 9.7481683, 47.523783 ], [ 9.7482375, 47.5237359 ], [ 9.7483019, 47.5236733 ], [ 9.7483406, 47.5236084 ], [ 9.7484992, 47.5235022 ], [ 9.7485985, 47.523395 ], [ 9.7487995, 47.523202 ], [ 9.7489668, 47.5231124 ], [ 9.7491437, 47.523003 ], [ 9.7493912, 47.5228409 ], [ 9.7497315, 47.5227026 ], [ 9.7498593, 47.5225544 ], [ 9.7500059, 47.5224058 ], [ 9.7502358, 47.5222331 ], [ 9.7504048, 47.5220498 ], [ 9.7506368, 47.521831 ], [ 9.7507944, 47.5216537 ], [ 9.7509299, 47.5214715 ], [ 9.7511548, 47.5211813 ], [ 9.7513506, 47.5208 ], [ 9.7514512, 47.5207384 ], [ 9.7515263, 47.5205527 ], [ 9.7516657, 47.5201787 ], [ 9.751765, 47.5199495 ], [ 9.7519273, 47.5197059 ], [ 9.7520734, 47.5193382 ], [ 9.7521847, 47.5190919 ], [ 9.7522183, 47.5190375 ], [ 9.7522947, 47.518841 ], [ 9.7523712, 47.5187477 ], [ 9.7524306, 47.5185728 ], [ 9.7524778, 47.518536 ], [ 9.7525227, 47.5184062 ], [ 9.7527035, 47.5181118 ], [ 9.7528353, 47.518006 ], [ 9.7528804, 47.5179565 ], [ 9.7529104, 47.5179336 ], [ 9.752957, 47.5178893 ], [ 9.7530589, 47.5178119 ], [ 9.7531391, 47.5177518 ], [ 9.753154, 47.5177183 ], [ 9.7532646, 47.5174869 ], [ 9.7533197, 47.5173707 ], [ 9.753463, 47.5170279 ], [ 9.7534479, 47.5170258 ], [ 9.7534336, 47.5170239 ], [ 9.7534642, 47.5169451 ], [ 9.7534793, 47.5169479 ], [ 9.7534909, 47.51695 ], [ 9.7535495, 47.5167853 ], [ 9.753617, 47.5165899 ], [ 9.75366, 47.5164544 ], [ 9.7537304, 47.5162157 ], [ 9.7537189, 47.5162143 ], [ 9.7537045, 47.5162129 ], [ 9.753722, 47.5161412 ], [ 9.7537372, 47.5161432 ], [ 9.7537516, 47.5161439 ], [ 9.7537662, 47.5160944 ], [ 9.7537963, 47.5159668 ], [ 9.753816, 47.5158685 ], [ 9.7538312, 47.5157744 ], [ 9.7538351, 47.5156443 ], [ 9.7538335, 47.5155129 ], [ 9.7538248, 47.5153962 ], [ 9.7538106, 47.5153966 ], [ 9.7537939, 47.5153971 ], [ 9.7537871, 47.5153169 ], [ 9.7538027, 47.5153161 ], [ 9.7538168, 47.5153155 ], [ 9.7538053, 47.5152063 ], [ 9.7537928, 47.5151169 ], [ 9.753769, 47.5149778 ], [ 9.7537392, 47.5148423 ], [ 9.753702, 47.5147117 ], [ 9.7536787, 47.5146471 ], [ 9.7536599, 47.5145849 ], [ 9.7536421, 47.5145879 ], [ 9.7536257, 47.5145906 ], [ 9.7535945, 47.5144898 ], [ 9.7536103, 47.5144878 ], [ 9.7536239, 47.5144839 ], [ 9.7535702, 47.5143255 ], [ 9.7534999, 47.514116 ], [ 9.7534628, 47.5140074 ], [ 9.7534483, 47.5140099 ], [ 9.7534357, 47.5140127 ], [ 9.7533185, 47.5136687 ], [ 9.7533313, 47.5136676 ], [ 9.7533497, 47.5136659 ], [ 9.7532653, 47.5133969 ], [ 9.7532174, 47.5132431 ], [ 9.753065, 47.5127183 ], [ 9.7530286, 47.5126064 ], [ 9.7530092, 47.5125449 ], [ 9.7529994, 47.5125468 ], [ 9.7529612, 47.5124521 ], [ 9.7529724, 47.5124499 ], [ 9.752973, 47.51245 ], [ 9.7529441, 47.5123745 ], [ 9.7529285, 47.5123353 ], [ 9.7529122, 47.512301 ], [ 9.7528957, 47.5122773 ], [ 9.7528586, 47.5122397 ], [ 9.7528168, 47.5122031 ], [ 9.7527671, 47.5121613 ], [ 9.7527188, 47.5121277 ], [ 9.7526794, 47.5120971 ], [ 9.7526472, 47.5120587 ], [ 9.7526362, 47.51198 ], [ 9.7526437, 47.5119182 ], [ 9.7526658, 47.511877 ], [ 9.752684, 47.5118509 ], [ 9.75266, 47.5118041 ], [ 9.7526377, 47.5117654 ], [ 9.7526098, 47.5117587 ], [ 9.7525823, 47.5117466 ], [ 9.7525612, 47.5117327 ], [ 9.752542, 47.5117147 ], [ 9.7525203, 47.5116814 ], [ 9.7525065, 47.5116439 ], [ 9.7525002, 47.5116012 ], [ 9.752499, 47.5115507 ], [ 9.7524936, 47.5115017 ], [ 9.7524806, 47.5114483 ], [ 9.7524756, 47.5114365 ], [ 9.7524644, 47.5114145 ], [ 9.7524542, 47.5113991 ], [ 9.7524385, 47.5113822 ], [ 9.7523607, 47.511315 ], [ 9.7523096, 47.5112702 ], [ 9.7522617, 47.5112149 ], [ 9.7522159, 47.5111563 ], [ 9.7521877, 47.5111046 ], [ 9.7521678, 47.5110597 ], [ 9.7521586, 47.5110021 ], [ 9.7521571, 47.5109562 ], [ 9.7521657, 47.5109134 ], [ 9.7521247, 47.5108712 ], [ 9.7521015, 47.5108274 ], [ 9.7520895, 47.5108188 ], [ 9.7519432, 47.5105859 ], [ 9.7518983, 47.5104851 ], [ 9.7517631, 47.5101966 ], [ 9.7517112, 47.5101052 ], [ 9.7516995, 47.5100818 ], [ 9.7516115, 47.5099323 ], [ 9.7515235, 47.5097767 ], [ 9.7514199, 47.5096232 ], [ 9.7513988, 47.5095908 ], [ 9.7513801, 47.5095584 ], [ 9.7513176, 47.5094525 ], [ 9.7511221, 47.509143 ], [ 9.7510255, 47.5090059 ], [ 9.75088, 47.5087723 ], [ 9.7508144, 47.508686 ], [ 9.7507594, 47.5086265 ], [ 9.750724, 47.5085966 ], [ 9.7507088, 47.5085838 ], [ 9.750661, 47.508549 ], [ 9.7505793, 47.5084609 ], [ 9.7505208, 47.5084241 ], [ 9.7504921, 47.5083909 ], [ 9.7502669, 47.5082283 ], [ 9.7502293, 47.5081853 ], [ 9.7501284, 47.508095 ], [ 9.7499259, 47.507972 ], [ 9.7497546, 47.507878 ], [ 9.7496748, 47.5078404 ], [ 9.7496181, 47.5078252 ], [ 9.7495587, 47.5078135 ], [ 9.7494884, 47.5078068 ], [ 9.7493872, 47.5077959 ], [ 9.7485585, 47.5081569 ], [ 9.7479067, 47.5081298 ], [ 9.747328, 47.5079104 ], [ 9.7471285, 47.5079036 ], [ 9.7465134, 47.5078827 ], [ 9.7465143, 47.5080914 ], [ 9.746489, 47.5080925 ], [ 9.7464788, 47.5084716 ], [ 9.746341, 47.5084704 ], [ 9.7463451, 47.5083791 ], [ 9.7463631, 47.5083783 ], [ 9.7463689, 47.5081627 ], [ 9.7461759, 47.5081626 ], [ 9.7461708, 47.5066968 ], [ 9.7461694, 47.5066012 ], [ 9.7457813, 47.5056401 ], [ 9.7456524, 47.5055906 ], [ 9.7455571, 47.505555 ], [ 9.7449018, 47.5053028 ], [ 9.7440349, 47.5049798 ], [ 9.7436355, 47.5048342 ], [ 9.743449, 47.5047707 ], [ 9.7434308, 47.5047639 ], [ 9.7434106, 47.5047571 ], [ 9.7433542, 47.504739 ], [ 9.7432196, 47.5046979 ], [ 9.7430126, 47.5046407 ], [ 9.7425239, 47.5045274 ], [ 9.7421623, 47.5044594 ], [ 9.7418864, 47.5044157 ], [ 9.7418694, 47.5044151 ], [ 9.7418522, 47.5044164 ], [ 9.7418348, 47.5044197 ], [ 9.7418175, 47.504426 ], [ 9.7418018, 47.5044356 ], [ 9.7417888, 47.5044482 ], [ 9.7414547, 47.5048571 ], [ 9.7414445, 47.5048782 ], [ 9.7414459, 47.5049108 ], [ 9.741519, 47.5049717 ], [ 9.7414985, 47.5049848 ], [ 9.7414736, 47.5050631 ], [ 9.7414635, 47.5050893 ], [ 9.7412843, 47.5050619 ], [ 9.7410611, 47.5050341 ], [ 9.7404931, 47.5049943 ], [ 9.739999, 47.5049831 ], [ 9.7394908, 47.5049854 ], [ 9.7394631, 47.504987 ], [ 9.7388551, 47.5050246 ], [ 9.7385091, 47.5053389 ], [ 9.7384258, 47.5052975 ], [ 9.7383319, 47.5052627 ], [ 9.7382336, 47.5052458 ], [ 9.7381287, 47.5052329 ], [ 9.7380488, 47.5052321 ], [ 9.7379559, 47.5052378 ], [ 9.7378641, 47.5052502 ], [ 9.7377803, 47.5052715 ], [ 9.7376801, 47.5053088 ], [ 9.7376147, 47.5053308 ], [ 9.7375905, 47.505312 ], [ 9.737335, 47.5053776 ], [ 9.7373129, 47.505367 ], [ 9.7372922, 47.5053146 ], [ 9.7372016, 47.5053384 ], [ 9.7371483, 47.5053542 ], [ 9.7368317, 47.5054533 ], [ 9.7365101, 47.5055539 ], [ 9.7364032, 47.5055917 ], [ 9.736325, 47.5056193 ], [ 9.7363009, 47.5056701 ], [ 9.7362466, 47.5056895 ], [ 9.7362168, 47.5057057 ], [ 9.7361953, 47.5057209 ], [ 9.7361583, 47.5057329 ], [ 9.7361143, 47.5057399 ], [ 9.7360809, 47.5057539 ], [ 9.736032, 47.5057697 ], [ 9.7359611, 47.5057862 ], [ 9.7358888, 47.5057964 ], [ 9.7358143, 47.5058043 ], [ 9.7357381, 47.5058068 ], [ 9.7356604, 47.5058004 ], [ 9.7355907, 47.5058496 ], [ 9.7354303, 47.5058503 ], [ 9.7353666, 47.5058136 ], [ 9.7352633, 47.5058152 ], [ 9.7352635, 47.5057956 ], [ 9.7352636, 47.5057818 ], [ 9.7350886, 47.5057874 ], [ 9.7349642, 47.5057923 ], [ 9.7348524, 47.5058018 ], [ 9.7347455, 47.505817 ], [ 9.7346401, 47.505839 ], [ 9.7345407, 47.5058664 ], [ 9.7344559, 47.505893 ], [ 9.7343559, 47.5059257 ], [ 9.7343638, 47.5059381 ], [ 9.7343755, 47.5059565 ], [ 9.7342877, 47.5059851 ], [ 9.7342107, 47.506094 ], [ 9.7341578, 47.5060985 ], [ 9.7341263, 47.5061006 ], [ 9.7340884, 47.5061032 ], [ 9.7340447, 47.5061048 ], [ 9.7339779, 47.5060483 ], [ 9.7337016, 47.5060609 ], [ 9.7336868, 47.5060446 ], [ 9.7336683, 47.5060241 ], [ 9.7336287, 47.5059802 ], [ 9.733191, 47.5060172 ], [ 9.7331071, 47.5061167 ], [ 9.7329432, 47.5062525 ], [ 9.7328151, 47.506347 ], [ 9.7327268, 47.5065057 ], [ 9.7327026, 47.5066167 ], [ 9.7327321, 47.506695 ], [ 9.7328802, 47.506743 ], [ 9.7329073, 47.5067656 ], [ 9.7329095, 47.5067828 ], [ 9.7328986, 47.5067939 ], [ 9.7328751, 47.5067921 ], [ 9.732839, 47.5067772 ], [ 9.7326712, 47.5067268 ], [ 9.7325069, 47.5067492 ], [ 9.7322365, 47.506785 ], [ 9.7318494, 47.5068825 ], [ 9.731114, 47.5070536 ], [ 9.7307888, 47.5070911 ], [ 9.73042, 47.5071826 ], [ 9.7304369, 47.5071937 ], [ 9.7304379, 47.5072096 ], [ 9.7304252, 47.5072205 ], [ 9.7304081, 47.5072257 ], [ 9.7303874, 47.5072223 ], [ 9.7303729, 47.5072112 ], [ 9.7303593, 47.5071938 ], [ 9.7302557, 47.5071553 ], [ 9.7302018, 47.5071414 ], [ 9.7301373, 47.5071341 ], [ 9.7300814, 47.5071334 ], [ 9.7297327, 47.5071672 ], [ 9.7294006, 47.5072004 ], [ 9.7283744, 47.5072929 ], [ 9.7283414, 47.5073163 ], [ 9.7283092, 47.5073327 ], [ 9.7282866, 47.5073363 ], [ 9.7282645, 47.507333 ], [ 9.7280086, 47.5074433 ], [ 9.7280136, 47.5074539 ], [ 9.7280132, 47.5074653 ], [ 9.7280093, 47.5074738 ], [ 9.7280003, 47.5074827 ], [ 9.7279854, 47.5074891 ], [ 9.7279676, 47.5074918 ], [ 9.7279523, 47.5074907 ], [ 9.7279342, 47.5074846 ], [ 9.7279232, 47.5074757 ], [ 9.7279139, 47.5074628 ], [ 9.7279034, 47.5074417 ], [ 9.7278926, 47.5074209 ], [ 9.7278441, 47.5073958 ], [ 9.7278112, 47.5073797 ], [ 9.7277828, 47.5073705 ], [ 9.7277521, 47.5073636 ], [ 9.727725, 47.5073599 ], [ 9.7276913, 47.507358 ], [ 9.7276461, 47.5073587 ], [ 9.7275878, 47.5073636 ], [ 9.7275348, 47.5073687 ], [ 9.7268703, 47.5074303 ], [ 9.72687, 47.5074274 ], [ 9.7268278, 47.5074301 ], [ 9.7268015, 47.5074316 ], [ 9.7267724, 47.5074329 ], [ 9.7267258, 47.507435 ], [ 9.7266847, 47.5074354 ], [ 9.7266512, 47.5074353 ], [ 9.7266124, 47.5074344 ], [ 9.726574, 47.5074321 ], [ 9.7265221, 47.5074283 ], [ 9.7264828, 47.5074239 ], [ 9.7264305, 47.5074165 ], [ 9.7263841, 47.507407 ], [ 9.7263407, 47.5073979 ], [ 9.7263071, 47.5073883 ], [ 9.7262748, 47.5073789 ], [ 9.7262363, 47.5073664 ], [ 9.7261841, 47.5073473 ], [ 9.726205, 47.5073239 ], [ 9.7257183, 47.5070998 ], [ 9.7252185, 47.5068783 ], [ 9.7248093, 47.5067281 ], [ 9.7245677, 47.5066842 ], [ 9.7244909, 47.5066899 ], [ 9.7244011, 47.5067307 ], [ 9.724332, 47.5067402 ], [ 9.7242616, 47.5067411 ], [ 9.7241483, 47.5067112 ], [ 9.7240128, 47.5067148 ], [ 9.7238935, 47.5067538 ], [ 9.7237305, 47.5067991 ], [ 9.7237379, 47.5068072 ], [ 9.7237768, 47.5068167 ], [ 9.7238197, 47.5068063 ], [ 9.7238707, 47.5068049 ], [ 9.7238941, 47.5067909 ], [ 9.7239116, 47.5068018 ], [ 9.7238935, 47.5068185 ], [ 9.7237667, 47.5068453 ], [ 9.7236849, 47.5068403 ], [ 9.7236159, 47.5068303 ], [ 9.7232692, 47.506877 ], [ 9.7230553, 47.5069322 ], [ 9.7228702, 47.5069753 ], [ 9.7228622, 47.507011 ], [ 9.7228005, 47.5070215 ], [ 9.722773, 47.5070151 ], [ 9.7226771, 47.507021 ], [ 9.7224887, 47.5070192 ], [ 9.722372, 47.5070083 ], [ 9.7221152, 47.5069725 ], [ 9.7217839, 47.506963 ], [ 9.7217444, 47.5069757 ], [ 9.7217578, 47.506997 ], [ 9.7218134, 47.5070432 ], [ 9.7218369, 47.5070672 ], [ 9.7218288, 47.5070822 ], [ 9.7217826, 47.507064 ], [ 9.7216565, 47.5070337 ], [ 9.7215298, 47.5069993 ], [ 9.7214466, 47.5069571 ], [ 9.7213621, 47.5069318 ], [ 9.7210718, 47.5068797 ], [ 9.7207875, 47.5068099 ], [ 9.7207291, 47.5067701 ], [ 9.7207037, 47.5067076 ], [ 9.7207258, 47.5066745 ], [ 9.7207566, 47.5066364 ], [ 9.720813, 47.5066174 ], [ 9.7208433, 47.5066092 ], [ 9.7208968, 47.5065948 ], [ 9.7209283, 47.5065522 ], [ 9.7209169, 47.5065164 ], [ 9.7208773, 47.5065173 ], [ 9.7207707, 47.5065169 ], [ 9.7207023, 47.5065218 ], [ 9.7206936, 47.5065458 ], [ 9.7206889, 47.5065988 ], [ 9.7206453, 47.5066928 ], [ 9.7206359, 47.506713 ], [ 9.7204281, 47.5067302 ], [ 9.7202658, 47.5067125 ], [ 9.7199091, 47.506607 ], [ 9.7195899, 47.5065404 ], [ 9.7194444, 47.5064983 ], [ 9.7193109, 47.506491 ], [ 9.7192197, 47.5064652 ], [ 9.7191145, 47.5064349 ], [ 9.7190367, 47.5064208 ], [ 9.7189589, 47.5064285 ], [ 9.7188355, 47.5064353 ], [ 9.7187322, 47.5064471 ], [ 9.7186514, 47.5064724 ], [ 9.7186116, 47.5064848 ], [ 9.7185744, 47.5065242 ], [ 9.7185527, 47.5065399 ], [ 9.7185046, 47.5065462 ], [ 9.7183485, 47.5065617 ], [ 9.7180412, 47.5068393 ], [ 9.7180442, 47.5069743 ], [ 9.7180172, 47.5071032 ], [ 9.7179681, 47.5071984 ], [ 9.7179039, 47.5072811 ], [ 9.7178092, 47.507367 ], [ 9.7178083, 47.5073822 ], [ 9.7178007, 47.5074088 ], [ 9.7177901, 47.5074191 ], [ 9.7177731, 47.5074257 ], [ 9.7177528, 47.5074271 ], [ 9.7177303, 47.5074228 ], [ 9.7177197, 47.507416 ], [ 9.7177087, 47.5074034 ], [ 9.7176775, 47.5073915 ], [ 9.7175185, 47.5073906 ], [ 9.717316, 47.5073752 ], [ 9.7173013, 47.5073643 ], [ 9.7171082, 47.5073335 ], [ 9.7167246, 47.5072964 ], [ 9.7166254, 47.5072855 ], [ 9.716565, 47.5072973 ], [ 9.7164309, 47.507252 ], [ 9.7162713, 47.5071669 ], [ 9.7161452, 47.5070708 ], [ 9.7160286, 47.5069522 ], [ 9.7160259, 47.5069078 ], [ 9.7160661, 47.5068824 ], [ 9.7160782, 47.5068208 ], [ 9.7160633, 47.5067264 ], [ 9.7160836, 47.5066487 ], [ 9.716109, 47.5066102 ], [ 9.7160675, 47.5065708 ], [ 9.7159991, 47.5065558 ], [ 9.7158616, 47.506361 ], [ 9.7157557, 47.5063504 ], [ 9.7157463, 47.5063914 ], [ 9.7156705, 47.5064077 ], [ 9.7155937, 47.5064267 ], [ 9.7155853, 47.506458 ], [ 9.7155277, 47.5064874 ], [ 9.715476, 47.506448 ], [ 9.7154056, 47.5064061 ], [ 9.7154003, 47.5063753 ], [ 9.7153272, 47.506337 ], [ 9.7153265, 47.5062881 ], [ 9.715302, 47.5062777 ], [ 9.7152715, 47.5062786 ], [ 9.7152715, 47.5063259 ], [ 9.7153527, 47.5064032 ], [ 9.7152812, 47.5064301 ], [ 9.7153144, 47.5064883 ], [ 9.7152722, 47.5065603 ], [ 9.7151696, 47.5065812 ], [ 9.7151314, 47.5066346 ], [ 9.7150737, 47.506703 ], [ 9.7149825, 47.5067393 ], [ 9.7148913, 47.5067338 ], [ 9.7147666, 47.5067076 ], [ 9.7146821, 47.5067293 ], [ 9.7145748, 47.5067112 ], [ 9.7144058, 47.5066609 ], [ 9.7143807, 47.5066262 ], [ 9.7143435, 47.5065993 ], [ 9.7142664, 47.5065868 ], [ 9.7141906, 47.5065993 ], [ 9.7141537, 47.5066285 ], [ 9.7141638, 47.5066566 ], [ 9.7142067, 47.506679 ], [ 9.7142275, 47.5066824 ], [ 9.7142519, 47.5066679 ], [ 9.7142734, 47.5066772 ], [ 9.7142654, 47.506701 ], [ 9.7142375, 47.5067189 ], [ 9.7142006, 47.5067202 ], [ 9.7141443, 47.5067003 ], [ 9.7140746, 47.5066989 ], [ 9.7139673, 47.5066899 ], [ 9.7138707, 47.5066935 ], [ 9.713799, 47.5067171 ], [ 9.713736, 47.5067492 ], [ 9.713687, 47.506804 ], [ 9.7136139, 47.506867 ], [ 9.7135348, 47.5069137 ], [ 9.7133832, 47.5069377 ], [ 9.7132753, 47.5069508 ], [ 9.7130567, 47.5069449 ], [ 9.7129695, 47.5069472 ], [ 9.71287, 47.5069318 ], [ 9.7128094, 47.5069099 ], [ 9.7127491, 47.5068576 ], [ 9.7127266, 47.506735 ], [ 9.712669, 47.5067019 ], [ 9.7126096, 47.506691 ], [ 9.712472, 47.5067225 ], [ 9.7123167, 47.5067817 ], [ 9.7122836, 47.506797 ], [ 9.7122311, 47.5068343 ], [ 9.7119469, 47.5070286 ], [ 9.7116743, 47.5071146 ], [ 9.7114541, 47.5071832 ], [ 9.7112985, 47.5071795 ], [ 9.7112146, 47.5072602 ], [ 9.7108953, 47.5073757 ], [ 9.7108221, 47.5074021 ], [ 9.7107272, 47.5073145 ], [ 9.7105206, 47.5073187 ], [ 9.7103664, 47.5073218 ], [ 9.7101586, 47.5074894 ], [ 9.7101103, 47.5072574 ], [ 9.7098903, 47.5072475 ], [ 9.7096409, 47.5075718 ], [ 9.7094451, 47.507551 ], [ 9.709433, 47.5073299 ], [ 9.7092091, 47.5072783 ], [ 9.7091313, 47.5074613 ], [ 9.7090937, 47.5073879 ], [ 9.7086646, 47.5072556 ], [ 9.7085652, 47.5073445 ], [ 9.7083073, 47.507416 ], [ 9.7081575, 47.5075083 ], [ 9.7081495, 47.5075939 ], [ 9.7081965, 47.507753 ], [ 9.7081684, 47.5078087 ], [ 9.7081134, 47.5078173 ], [ 9.7080832, 47.5077951 ], [ 9.7080698, 47.507734 ], [ 9.7080205, 47.5077252 ], [ 9.7079909, 47.5078391 ], [ 9.7079186, 47.507913 ], [ 9.7077703, 47.5078985 ], [ 9.7076949, 47.5079156 ], [ 9.7076872, 47.508265 ], [ 9.7077037, 47.5082942 ], [ 9.7076445, 47.5082956 ], [ 9.70766, 47.5082669 ], [ 9.7075954, 47.5079152 ], [ 9.7075648, 47.5077968 ], [ 9.7074223, 47.5076664 ], [ 9.7072894, 47.5073537 ], [ 9.7073505, 47.5072155 ], [ 9.7073008, 47.5071669 ], [ 9.7072634, 47.5070234 ], [ 9.7072515, 47.5069487 ], [ 9.7072451, 47.5069082 ], [ 9.7072609, 47.5067975 ], [ 9.7070777, 47.5063015 ], [ 9.7069894, 47.506261 ], [ 9.7068812, 47.5062485 ], [ 9.7066261, 47.5062721 ], [ 9.7062535, 47.5063288 ], [ 9.7060796, 47.5063396 ], [ 9.7059487, 47.5063532 ], [ 9.7058649, 47.5063787 ], [ 9.7058239, 47.5064137 ], [ 9.705793, 47.5064627 ], [ 9.7058367, 47.5066388 ], [ 9.7058214, 47.5068359 ], [ 9.7058307, 47.5068588 ], [ 9.7059434, 47.5070283 ], [ 9.7060154, 47.5070858 ], [ 9.7060179, 47.5070872 ], [ 9.7062405, 47.5072164 ], [ 9.7065512, 47.5072224 ], [ 9.7067673, 47.5072646 ], [ 9.7067877, 47.5072571 ], [ 9.70682, 47.5072624 ], [ 9.7068583, 47.5072627 ], [ 9.7068998, 47.5072728 ], [ 9.7069131, 47.5075913 ], [ 9.706823, 47.5076845 ], [ 9.7067476, 47.5077799 ], [ 9.7066332, 47.5078728 ], [ 9.7064233, 47.5078844 ], [ 9.7062055, 47.5078693 ], [ 9.7060689, 47.5078075 ], [ 9.7059285, 47.5077683 ], [ 9.7057599, 47.5077262 ], [ 9.705667, 47.5076485 ], [ 9.7056105, 47.5075688 ], [ 9.7055683, 47.5074946 ], [ 9.7055338, 47.5074101 ], [ 9.7054039, 47.5073504 ], [ 9.7052684, 47.5073191 ], [ 9.7051625, 47.5072438 ], [ 9.7049016, 47.5071194 ], [ 9.7044216, 47.5068993 ], [ 9.7038839, 47.5067114 ], [ 9.7037676, 47.5066574 ], [ 9.7036074, 47.5066244 ], [ 9.7034999, 47.5065605 ], [ 9.7034044, 47.5064702 ], [ 9.7033628, 47.5063815 ], [ 9.7032108, 47.5062063 ], [ 9.7031059, 47.5060917 ], [ 9.7030307, 47.5059973 ], [ 9.7029561, 47.5059236 ], [ 9.7028298, 47.5058522 ], [ 9.7027187, 47.5058352 ], [ 9.7026525, 47.5058251 ], [ 9.7022245, 47.5058164 ], [ 9.7011944, 47.5058474 ], [ 9.7002259, 47.5057473 ], [ 9.7000427, 47.50576 ], [ 9.6999449, 47.5058124 ], [ 9.699491, 47.5063086 ], [ 9.69937, 47.5064849 ], [ 9.6993372, 47.5065475 ], [ 9.6993402, 47.5065828 ], [ 9.6994133, 47.5066378 ], [ 9.6996213, 47.5067945 ], [ 9.6998359, 47.5069259 ], [ 9.7000532, 47.507059 ], [ 9.700085, 47.5070785 ], [ 9.7001372, 47.5070983 ], [ 9.7003482, 47.5071781 ], [ 9.7004543, 47.5072259 ], [ 9.7005239, 47.5072659 ], [ 9.7006005, 47.5072869 ], [ 9.7006633, 47.5072923 ], [ 9.7007431, 47.5073261 ], [ 9.7010377, 47.5076093 ], [ 9.7008311, 47.5075528 ], [ 9.7006966, 47.5075072 ], [ 9.7005567, 47.507448 ], [ 9.7004201, 47.5073935 ], [ 9.7001444, 47.5072948 ], [ 9.6998326, 47.5071548 ], [ 9.6995988, 47.5070439 ], [ 9.6994054, 47.5069596 ], [ 9.6992691, 47.5069253 ], [ 9.6991543, 47.5068804 ], [ 9.6991102, 47.5068561 ], [ 9.6990737, 47.5068162 ], [ 9.6989922, 47.5067571 ], [ 9.6989649, 47.5066992 ], [ 9.6989346, 47.5066512 ], [ 9.6988902, 47.5065982 ], [ 9.6987938, 47.5065359 ], [ 9.6987068, 47.5064612 ], [ 9.6987073, 47.5064436 ], [ 9.6986789, 47.5064055 ], [ 9.6985827, 47.506306 ], [ 9.6985059, 47.5061957 ], [ 9.6984425, 47.5061401 ], [ 9.6982701, 47.5061253 ], [ 9.6982597, 47.5060803 ], [ 9.698276, 47.506028 ], [ 9.6982466, 47.5059907 ], [ 9.6982702, 47.5059127 ], [ 9.6983416, 47.5058603 ], [ 9.6983245, 47.5057837 ], [ 9.6982356, 47.5056379 ], [ 9.6981348, 47.505582 ], [ 9.6981043, 47.5055984 ], [ 9.6980827, 47.5055696 ], [ 9.6980521, 47.5055542 ], [ 9.6980091, 47.5055764 ], [ 9.6979651, 47.5055773 ], [ 9.6979199, 47.5055166 ], [ 9.6978077, 47.5054851 ], [ 9.6977244, 47.5055384 ], [ 9.6976753, 47.5055788 ], [ 9.697623, 47.5055883 ], [ 9.6975814, 47.5055774 ], [ 9.6974925, 47.505589 ], [ 9.6974945, 47.5056537 ], [ 9.6974529, 47.50567 ], [ 9.6974268, 47.5057207 ], [ 9.6973778, 47.505738 ], [ 9.6973549, 47.5057613 ], [ 9.697246, 47.5057772 ], [ 9.6971728, 47.5057773 ], [ 9.6970855, 47.5057623 ], [ 9.6970246, 47.5057417 ], [ 9.696987, 47.505709 ], [ 9.696977, 47.5056886 ], [ 9.6969527, 47.5056539 ], [ 9.696937, 47.5056458 ], [ 9.6969204, 47.5056402 ], [ 9.6968994, 47.5056421 ], [ 9.6968809, 47.5056452 ], [ 9.6968349, 47.5056644 ], [ 9.6967925, 47.5056678 ], [ 9.6967877, 47.5056805 ], [ 9.6967456, 47.5056819 ], [ 9.6967099, 47.505665 ], [ 9.6966656, 47.5056687 ], [ 9.6966233, 47.5056919 ], [ 9.6965477, 47.5056963 ], [ 9.6965133, 47.505687 ], [ 9.6964151, 47.5056659 ], [ 9.6963944, 47.5056708 ], [ 9.6963627, 47.5056587 ], [ 9.6963497, 47.5056283 ], [ 9.6963547, 47.5056081 ], [ 9.6963349, 47.5055981 ], [ 9.6963098, 47.5055974 ], [ 9.6962788, 47.5055878 ], [ 9.6962493, 47.5055733 ], [ 9.6962122, 47.5055054 ], [ 9.6961903, 47.5054523 ], [ 9.6961685, 47.5054279 ], [ 9.6961541, 47.5054193 ], [ 9.6961471, 47.5054068 ], [ 9.6961539, 47.5053542 ], [ 9.6951689, 47.5069758 ], [ 9.6945625, 47.5062209 ], [ 9.694051, 47.5057895 ], [ 9.6939954, 47.5058288 ], [ 9.6939417, 47.5058371 ], [ 9.6938854, 47.5058741 ], [ 9.693801, 47.5058746 ], [ 9.6937688, 47.5059077 ], [ 9.6936472, 47.5059221 ], [ 9.693501, 47.5060032 ], [ 9.6934268, 47.506007 ], [ 9.6933488, 47.5060308 ], [ 9.6933001, 47.5060973 ], [ 9.6930624, 47.5061719 ], [ 9.6930157, 47.5061918 ], [ 9.6929248, 47.5062255 ], [ 9.6928433, 47.5062469 ], [ 9.6928356, 47.5062815 ], [ 9.692783, 47.506305 ], [ 9.6927436, 47.5062037 ], [ 9.6926905, 47.5061723 ], [ 9.6926522, 47.5061743 ], [ 9.6926393, 47.5061395 ], [ 9.6926899, 47.5061084 ], [ 9.692683, 47.5060422 ], [ 9.6926388, 47.5059987 ], [ 9.6925829, 47.5061065 ], [ 9.6925333, 47.5062021 ], [ 9.6924274, 47.5063594 ], [ 9.6920568, 47.506563 ], [ 9.6918878, 47.5065661 ], [ 9.6908062, 47.5061655 ], [ 9.6895095, 47.5047599 ], [ 9.6891161, 47.5047642 ], [ 9.6882945, 47.5045405 ], [ 9.6856814, 47.5042171 ], [ 9.6854641, 47.5041904 ], [ 9.6852594, 47.5041858 ], [ 9.6850779, 47.5042042 ], [ 9.6850172, 47.5041951 ], [ 9.6849652, 47.5041872 ], [ 9.6849217, 47.5041754 ], [ 9.6848875, 47.5041401 ], [ 9.6848848, 47.5041039 ], [ 9.6848976, 47.5040697 ], [ 9.6849284, 47.5040409 ], [ 9.6849734, 47.504019 ], [ 9.6850619, 47.5040139 ], [ 9.6859295, 47.503579 ], [ 9.6864706, 47.503129 ], [ 9.6866734, 47.5029861 ], [ 9.6870929, 47.5026905 ], [ 9.6877231, 47.5021664 ], [ 9.6877306, 47.5021429 ], [ 9.6877222, 47.5020496 ], [ 9.6876858, 47.501954 ], [ 9.6872371, 47.5015894 ], [ 9.6872042, 47.5015599 ], [ 9.6869493, 47.501533 ], [ 9.6869139, 47.5015198 ], [ 9.6868997, 47.5014965 ], [ 9.6869112, 47.5014756 ], [ 9.6869423, 47.5014531 ], [ 9.6872643, 47.5014932 ], [ 9.6873075, 47.5015069 ], [ 9.6873658, 47.5014629 ], [ 9.6874725, 47.5014899 ], [ 9.6877376, 47.501761 ], [ 9.6880182, 47.5016379 ], [ 9.6880378, 47.5015048 ], [ 9.6876194, 47.5011714 ], [ 9.6875674, 47.5011672 ], [ 9.6875467, 47.5011532 ], [ 9.6875421, 47.5011283 ], [ 9.6876065, 47.5010174 ], [ 9.6877576, 47.5009638 ], [ 9.6898385, 47.5002633 ], [ 9.68958, 47.4999096 ], [ 9.6894987, 47.4996652 ], [ 9.6891371, 47.4990875 ], [ 9.6890581, 47.4990535 ], [ 9.6888527, 47.4986532 ], [ 9.6888273, 47.4986593 ], [ 9.6888191, 47.4986439 ], [ 9.688815, 47.4986361 ], [ 9.6888105, 47.4986275 ], [ 9.6888024, 47.4986122 ], [ 9.688826, 47.4986065 ], [ 9.6887065, 47.4983793 ], [ 9.6888298, 47.498341 ], [ 9.6888226, 47.4982609 ], [ 9.6888197, 47.4982157 ], [ 9.6887056, 47.4981549 ], [ 9.6885811, 47.4978632 ], [ 9.6894239, 47.4977192 ], [ 9.68939, 47.497585 ], [ 9.6884969, 47.4976872 ], [ 9.6884644, 47.4978897 ], [ 9.6874996, 47.4979378 ], [ 9.6874288, 47.4975582 ], [ 9.6876629, 47.4975172 ], [ 9.6882123, 47.4974163 ], [ 9.6886165, 47.4973592 ], [ 9.6889683, 47.4973129 ], [ 9.6891236, 47.4972851 ], [ 9.6892327, 47.4972273 ], [ 9.6891879, 47.4968017 ], [ 9.6890792, 47.4967145 ], [ 9.6888414, 47.4967529 ], [ 9.6884961, 47.4967431 ], [ 9.6882135, 47.4967219 ], [ 9.6879981, 47.4966953 ], [ 9.6879974, 47.4966952 ], [ 9.6878148, 47.4966787 ], [ 9.6877349, 47.4966864 ], [ 9.6877235, 47.4967574 ], [ 9.6877235, 47.4973067 ], [ 9.6876824, 47.4973052 ], [ 9.687639, 47.4973376 ], [ 9.6875019, 47.4973545 ], [ 9.6874403, 47.4973376 ], [ 9.6874106, 47.4972882 ], [ 9.687406, 47.4971169 ], [ 9.6873923, 47.4968253 ], [ 9.6874106, 47.4966385 ], [ 9.6874266, 47.4965583 ], [ 9.6873969, 47.496424 ], [ 9.6873786, 47.4963315 ], [ 9.6874106, 47.4962882 ], [ 9.6874803, 47.4962617 ], [ 9.6877274, 47.4962322 ], [ 9.6878679, 47.4961919 ], [ 9.6879406, 47.4961362 ], [ 9.6881166, 47.4961351 ], [ 9.6881473, 47.4961591 ], [ 9.6886092, 47.496134 ], [ 9.6885728, 47.4954604 ], [ 9.6885477, 47.4953539 ], [ 9.6884977, 47.495005 ], [ 9.6882028, 47.4949658 ], [ 9.688068, 47.4949627 ], [ 9.6878077, 47.4949635 ], [ 9.687561, 47.4949666 ], [ 9.6874125, 47.4949812 ], [ 9.6872869, 47.4950082 ], [ 9.6871727, 47.495043 ], [ 9.6870471, 47.4950977 ], [ 9.6869614, 47.4951641 ], [ 9.6868884, 47.4952482 ], [ 9.6868572, 47.4953166 ], [ 9.686833, 47.495394 ], [ 9.686778, 47.495737 ], [ 9.6867482, 47.4959155 ], [ 9.686766, 47.4959363 ], [ 9.68674, 47.496133 ], [ 9.68674, 47.4961335 ], [ 9.6867384, 47.4961452 ], [ 9.6864189, 47.4984824 ], [ 9.6864063, 47.4985749 ], [ 9.6864047, 47.4985865 ], [ 9.6861333, 47.5005775 ], [ 9.686092, 47.500671 ], [ 9.6859826, 47.5007371 ], [ 9.6858056, 47.5007509 ], [ 9.6856611, 47.5006918 ], [ 9.685582, 47.5005761 ], [ 9.6853387, 47.499917 ], [ 9.6852277, 47.4994558 ], [ 9.6852846, 47.4986273 ], [ 9.6854001, 47.4977984 ], [ 9.6855072, 47.4973669 ], [ 9.6849875, 47.4973021 ], [ 9.6849736, 47.4973531 ], [ 9.6849323, 47.4973479 ], [ 9.6849653, 47.4972271 ], [ 9.6850064, 47.4972322 ], [ 9.684994, 47.4972775 ], [ 9.6855151, 47.4973425 ], [ 9.6856393, 47.4969062 ], [ 9.6853005, 47.4968648 ], [ 9.6852037, 47.496853 ], [ 9.6850708, 47.4968367 ], [ 9.6850892, 47.496768 ], [ 9.6852209, 47.4967841 ], [ 9.6852091, 47.4968281 ], [ 9.6854099, 47.4968526 ], [ 9.6854733, 47.4966154 ], [ 9.6855046, 47.4966192 ], [ 9.685442, 47.496853 ], [ 9.6854394, 47.4968628 ], [ 9.6856459, 47.496888 ], [ 9.6861467, 47.4951475 ], [ 9.6861879, 47.4950441 ], [ 9.6862385, 47.4949711 ], [ 9.6863591, 47.4948628 ], [ 9.6864408, 47.4947707 ], [ 9.6864746, 47.4947326 ], [ 9.6864879, 47.4946967 ], [ 9.6864839, 47.494633 ], [ 9.6865171, 47.4945352 ], [ 9.6865676, 47.494546 ], [ 9.6865968, 47.4944912 ], [ 9.6866513, 47.4944024 ], [ 9.6866845, 47.4941781 ], [ 9.6866659, 47.4940937 ], [ 9.6866911, 47.4940461 ], [ 9.6867264, 47.4938335 ], [ 9.6866648, 47.4935469 ], [ 9.6866272, 47.4933982 ], [ 9.6865997, 47.4933047 ], [ 9.6865615, 47.493261 ], [ 9.6864954, 47.4932322 ], [ 9.6864839, 47.4932325 ], [ 9.6864647, 47.4932276 ], [ 9.6864528, 47.4932195 ], [ 9.686446, 47.493206 ], [ 9.6864448, 47.4931934 ], [ 9.6864541, 47.4931777 ], [ 9.6864926, 47.4931634 ], [ 9.6865112, 47.4931654 ], [ 9.686528, 47.4931725 ], [ 9.6865618, 47.4931746 ], [ 9.6866131, 47.4931868 ], [ 9.6866837, 47.4932125 ], [ 9.6867331, 47.4932292 ], [ 9.6867615, 47.4932479 ], [ 9.6867935, 47.4932952 ], [ 9.6868146, 47.4933482 ], [ 9.6868417, 47.4934171 ], [ 9.6868683, 47.4935055 ], [ 9.6868924, 47.4936172 ], [ 9.6869123, 47.4937142 ], [ 9.6869177, 47.4938063 ], [ 9.6869189, 47.493975 ], [ 9.6869207, 47.4939926 ], [ 9.6869292, 47.4940072 ], [ 9.6869467, 47.4940231 ], [ 9.6869732, 47.4940301 ], [ 9.687007, 47.4940349 ], [ 9.6875656, 47.494125 ], [ 9.6877609, 47.4941586 ], [ 9.687861, 47.494171 ], [ 9.6879236, 47.494171 ], [ 9.6879711, 47.4941569 ], [ 9.6880078, 47.4941423 ], [ 9.6880487, 47.4941119 ], [ 9.6880595, 47.4940837 ], [ 9.6880654, 47.4940358 ], [ 9.6880303, 47.4938419 ], [ 9.6879628, 47.4934513 ], [ 9.6878556, 47.4928132 ], [ 9.6878475, 47.4927649 ], [ 9.6878454, 47.4927523 ], [ 9.6878305, 47.4927436 ], [ 9.68778, 47.4927142 ], [ 9.6877459, 47.492714 ], [ 9.6876692, 47.4927135 ], [ 9.6875934, 47.4927218 ], [ 9.6868844, 47.4928533 ], [ 9.6866979, 47.4928852 ], [ 9.6865504, 47.4928962 ], [ 9.6864848, 47.4929004 ], [ 9.6863762, 47.4928921 ], [ 9.6863024, 47.4928699 ], [ 9.6862389, 47.4928312 ], [ 9.6862184, 47.4927606 ], [ 9.6861098, 47.4926595 ], [ 9.6859172, 47.492546 ], [ 9.685657, 47.4924034 ], [ 9.6854787, 47.4923106 ], [ 9.6854173, 47.4923175 ], [ 9.6853168, 47.4922774 ], [ 9.6852554, 47.4922261 ], [ 9.6852315, 47.4921849 ], [ 9.6851221, 47.4922013 ], [ 9.6850296, 47.4922151 ], [ 9.6850821, 47.492291 ], [ 9.6850852, 47.4923229 ], [ 9.6850623, 47.4923414 ], [ 9.6850257, 47.4923486 ], [ 9.6849907, 47.4923425 ], [ 9.6849465, 47.4922982 ], [ 9.6848687, 47.4921653 ], [ 9.6845455, 47.4921262 ], [ 9.6845023, 47.4920942 ], [ 9.6831353, 47.4921051 ], [ 9.6821542, 47.4919741 ], [ 9.68145, 47.4919577 ], [ 9.6814257, 47.4918935 ], [ 9.681019, 47.491877 ], [ 9.68093, 47.4919782 ], [ 9.6806048, 47.4920516 ], [ 9.6805555, 47.4920755 ], [ 9.6804939, 47.4921053 ], [ 9.6799998, 47.4922569 ], [ 9.6797988, 47.4924141 ], [ 9.6794745, 47.4924816 ], [ 9.679509, 47.4925038 ], [ 9.6794434, 47.4926146 ], [ 9.6792228, 47.4927938 ], [ 9.6790738, 47.492812 ], [ 9.6789166, 47.4929455 ], [ 9.679041, 47.4929288 ], [ 9.6791036, 47.4930073 ], [ 9.6789844, 47.493096 ], [ 9.6786591, 47.4935255 ], [ 9.6787105, 47.4943659 ], [ 9.6788883, 47.4948432 ], [ 9.6786759, 47.495681 ], [ 9.6787449, 47.4963961 ], [ 9.678668, 47.4970564 ], [ 9.6786983, 47.497335 ], [ 9.6787846, 47.4974568 ], [ 9.6789309, 47.497583 ], [ 9.679169, 47.4976606 ], [ 9.6792568, 47.4976856 ], [ 9.6803109, 47.4979774 ], [ 9.6813289, 47.4983597 ], [ 9.6826521, 47.4990004 ], [ 9.6837876, 47.499814 ], [ 9.6842516, 47.5002089 ], [ 9.684585, 47.500556 ], [ 9.6847756, 47.50078 ], [ 9.6849155, 47.5009674 ], [ 9.6851191, 47.5011836 ], [ 9.6851605, 47.501252 ], [ 9.6852799, 47.5014493 ], [ 9.6853215, 47.5015522 ], [ 9.6853206, 47.5016717 ], [ 9.6852623, 47.501795 ], [ 9.6851644, 47.5018842 ], [ 9.6850651, 47.5019422 ], [ 9.6849986, 47.5019638 ], [ 9.6849438, 47.5019816 ], [ 9.6848853, 47.5019952 ], [ 9.6848405, 47.5019979 ], [ 9.6847661, 47.5019894 ], [ 9.6846876, 47.5019639 ], [ 9.6846521, 47.5019345 ], [ 9.6846253, 47.5018973 ], [ 9.6846105, 47.5018529 ], [ 9.6846139, 47.5018167 ], [ 9.684625, 47.5017824 ], [ 9.6846669, 47.5017351 ], [ 9.6847399, 47.5016525 ], [ 9.6847392, 47.5015997 ], [ 9.6847388, 47.5015747 ], [ 9.6846789, 47.501404 ], [ 9.6846308, 47.5013367 ], [ 9.6845217, 47.501184 ], [ 9.6843423, 47.5009329 ], [ 9.6842424, 47.5008224 ], [ 9.6839506, 47.5005102 ], [ 9.6838399, 47.5003906 ], [ 9.683642, 47.5001705 ], [ 9.6832113, 47.499918 ], [ 9.6825446, 47.499457 ], [ 9.681895, 47.4991064 ], [ 9.6811664, 47.498666 ], [ 9.6801563, 47.4983055 ], [ 9.6787472, 47.4979172 ], [ 9.6772407, 47.4976359 ], [ 9.6768065, 47.4976964 ], [ 9.6765575, 47.4977961 ], [ 9.6763364, 47.4979219 ], [ 9.6760485, 47.4979185 ], [ 9.675436, 47.4982709 ], [ 9.6748324, 47.498265 ], [ 9.6748486, 47.4985201 ], [ 9.6747426, 47.4987537 ], [ 9.6744258, 47.4988818 ], [ 9.6742767, 47.4989421 ], [ 9.6742228, 47.4989639 ], [ 9.6739702, 47.49901 ], [ 9.6739284, 47.4990088 ], [ 9.6737834, 47.4990046 ], [ 9.6734179, 47.498994 ], [ 9.6733525, 47.4989921 ], [ 9.6732572, 47.4989778 ], [ 9.6726335, 47.4988844 ], [ 9.6724151, 47.4988517 ], [ 9.6723325, 47.4990152 ], [ 9.6723165, 47.4990469 ], [ 9.6723054, 47.4992199 ], [ 9.6723787, 47.4992137 ], [ 9.6725303, 47.4992973 ], [ 9.6726531, 47.4995452 ], [ 9.6725446, 47.4999997 ], [ 9.6725588, 47.5008206 ], [ 9.6721336, 47.5010106 ], [ 9.6719807, 47.50177 ], [ 9.6720117, 47.5018426 ], [ 9.671956, 47.5018558 ], [ 9.671921, 47.5018811 ], [ 9.6719301, 47.5019144 ], [ 9.6719895, 47.5019554 ], [ 9.6719, 47.5020389 ], [ 9.6718705, 47.5021812 ], [ 9.6719318, 47.5022198 ], [ 9.6719637, 47.5022397 ], [ 9.6719848, 47.5022812 ], [ 9.6719566, 47.5023028 ], [ 9.6718996, 47.5023371 ], [ 9.6718681, 47.5023752 ], [ 9.6719023, 47.502623 ], [ 9.6716785, 47.5036589 ], [ 9.6716283, 47.5037135 ], [ 9.6715733, 47.5038876 ], [ 9.6715843, 47.5039126 ], [ 9.6712172, 47.504867 ], [ 9.6709444, 47.5051547 ], [ 9.6707332, 47.5052688 ], [ 9.6706057, 47.5052984 ], [ 9.6705056, 47.5053818 ], [ 9.6705322, 47.5056481 ], [ 9.6702916, 47.5057019 ], [ 9.6700601, 47.505807 ], [ 9.6700091, 47.5058524 ], [ 9.6686838, 47.5074909 ], [ 9.6665156, 47.5094325 ], [ 9.66563, 47.5100616 ], [ 9.6652664, 47.5102568 ], [ 9.6645422, 47.5106708 ], [ 9.6645214, 47.510717 ], [ 9.6644272, 47.5108034 ], [ 9.6642237, 47.5109009 ], [ 9.6641239, 47.5109494 ], [ 9.6639796, 47.5110196 ], [ 9.6638596, 47.5110101 ], [ 9.6637147, 47.5111001 ], [ 9.6633272, 47.5112859 ], [ 9.6632688, 47.5113629 ], [ 9.6632266, 47.5114978 ], [ 9.6630201, 47.5114458 ], [ 9.6627485, 47.5115513 ], [ 9.6626593, 47.511665 ], [ 9.6624836, 47.51167 ], [ 9.6620961, 47.5118161 ], [ 9.6620424, 47.5118117 ], [ 9.6618178, 47.5118887 ], [ 9.6618238, 47.5119227 ], [ 9.6617138, 47.5119571 ], [ 9.6616562, 47.5119653 ], [ 9.6615462, 47.5120128 ], [ 9.6614495, 47.5120299 ], [ 9.6613511, 47.512074 ], [ 9.6612179, 47.5121257 ], [ 9.6611419, 47.5121844 ], [ 9.6609534, 47.5122465 ], [ 9.6608721, 47.5122947 ], [ 9.6607769, 47.5123152 ], [ 9.6606969, 47.5123414 ], [ 9.660645, 47.5124331 ], [ 9.6606324, 47.512529 ], [ 9.660646, 47.5126514 ], [ 9.6606609, 47.5127856 ], [ 9.6607261, 47.5128258 ], [ 9.6608438, 47.5128356 ], [ 9.6610369, 47.5128195 ], [ 9.661242, 47.5127777 ], [ 9.6613493, 47.5127823 ], [ 9.6614993, 47.5126899 ], [ 9.6615905, 47.5125556 ], [ 9.6616307, 47.5125384 ], [ 9.6616857, 47.5125599 ], [ 9.6616535, 47.5126102 ], [ 9.661632, 47.5126881 ], [ 9.6616562, 47.5127221 ], [ 9.6616815, 47.5128311 ], [ 9.6617021, 47.5129306 ], [ 9.6617267, 47.5129645 ], [ 9.6617138, 47.513098 ], [ 9.6616433, 47.5132761 ], [ 9.6616119, 47.5133484 ], [ 9.6615871, 47.5133711 ], [ 9.6615646, 47.5133734 ], [ 9.6615348, 47.5133946 ], [ 9.6615384, 47.5134114 ], [ 9.6614083, 47.5134722 ], [ 9.661231, 47.513516 ], [ 9.6611298, 47.5135133 ], [ 9.6609843, 47.5134865 ], [ 9.6609075, 47.513475 ], [ 9.6608062, 47.5134954 ], [ 9.6607922, 47.513475 ], [ 9.6607317, 47.513477 ], [ 9.6606986, 47.5134705 ], [ 9.660381, 47.5135463 ], [ 9.6598374, 47.5137486 ], [ 9.6592889, 47.5139702 ], [ 9.6588533, 47.5141917 ], [ 9.6588546, 47.5142316 ], [ 9.6587068, 47.5143313 ], [ 9.6586518, 47.5143805 ], [ 9.6582845, 47.5147091 ], [ 9.6574305, 47.5152772 ], [ 9.6572345, 47.5153856 ], [ 9.6570522, 47.5156573 ], [ 9.6568261, 47.5157977 ], [ 9.6565655, 47.5160268 ], [ 9.6564478, 47.5161822 ], [ 9.6565325, 47.5162637 ], [ 9.6565946, 47.5163192 ], [ 9.6565205, 47.5163751 ], [ 9.6564969, 47.5164403 ], [ 9.6563331, 47.5166239 ], [ 9.6561326, 47.5166467 ], [ 9.6561368, 47.5164144 ], [ 9.6561404, 47.5162821 ], [ 9.6561536, 47.516237 ], [ 9.6561958, 47.5161265 ], [ 9.6562146, 47.516081 ], [ 9.6562063, 47.516045 ], [ 9.656183, 47.5160181 ], [ 9.6561481, 47.5159563 ], [ 9.6561151, 47.5159227 ], [ 9.6560817, 47.5159158 ], [ 9.6560783, 47.5159055 ], [ 9.6560767, 47.5159016 ], [ 9.6560733, 47.5158969 ], [ 9.6560654, 47.5158934 ], [ 9.6560571, 47.5158914 ], [ 9.6560475, 47.5158917 ], [ 9.6560373, 47.5158963 ], [ 9.6560297, 47.5159038 ], [ 9.6560245, 47.5159123 ], [ 9.6559914, 47.5159177 ], [ 9.655843, 47.5159975 ], [ 9.65542, 47.5161373 ], [ 9.6552669, 47.5162036 ], [ 9.6552035, 47.5162945 ], [ 9.655197, 47.5163977 ], [ 9.6552579, 47.5165552 ], [ 9.6552226, 47.5166486 ], [ 9.655025, 47.516851 ], [ 9.6548538, 47.5172891 ], [ 9.6548028, 47.5176509 ], [ 9.6547219, 47.5177374 ], [ 9.6545911, 47.5176311 ], [ 9.6545313, 47.5174053 ], [ 9.6546028, 47.517115 ], [ 9.6547937, 47.5168568 ], [ 9.6547577, 47.5166395 ], [ 9.6547041, 47.516498 ], [ 9.6545942, 47.5163976 ], [ 9.6542758, 47.5164102 ], [ 9.6538083, 47.5166089 ], [ 9.6533345, 47.5168253 ], [ 9.6529889, 47.5170169 ], [ 9.6526158, 47.5171772 ], [ 9.6525782, 47.5173221 ], [ 9.6527579, 47.5174616 ], [ 9.6527794, 47.5175068 ], [ 9.6527338, 47.5175539 ], [ 9.6524522, 47.5175811 ], [ 9.6523637, 47.5176246 ], [ 9.6523234, 47.5177025 ], [ 9.6522188, 47.5177604 ], [ 9.6519908, 47.5176518 ], [ 9.6520102, 47.5175875 ], [ 9.6518527, 47.5176092 ], [ 9.6516435, 47.5177203 ], [ 9.6517276, 47.5179001 ], [ 9.6520559, 47.517992 ], [ 9.6523281, 47.5180786 ], [ 9.6526243, 47.5181002 ], [ 9.6528085, 47.5180786 ], [ 9.6530006, 47.5181164 ], [ 9.6528972, 47.518244 ], [ 9.6527444, 47.51843 ], [ 9.6526757, 47.5186107 ], [ 9.6527338, 47.5186349 ], [ 9.6526735, 47.5187531 ], [ 9.6525916, 47.5187508 ], [ 9.6525273, 47.5188495 ], [ 9.6524246, 47.518909 ], [ 9.6525145, 47.5190525 ], [ 9.6524837, 47.5190887 ], [ 9.6525677, 47.5191645 ], [ 9.6524381, 47.5192223 ], [ 9.6524294, 47.5193219 ], [ 9.6523784, 47.5193305 ], [ 9.6523049, 47.5194843 ], [ 9.652192, 47.5195493 ], [ 9.6519172, 47.5196153 ], [ 9.6518715, 47.5196371 ], [ 9.6516569, 47.51982 ], [ 9.6513619, 47.5201524 ], [ 9.6513002, 47.520253 ], [ 9.651286, 47.5203701 ], [ 9.6516086, 47.52056 ], [ 9.6515952, 47.5206116 ], [ 9.6516395, 47.5206956 ], [ 9.6516971, 47.5207257 ], [ 9.6516703, 47.5208036 ], [ 9.6515939, 47.5207873 ], [ 9.651496, 47.5208344 ], [ 9.6514794, 47.5209281 ], [ 9.6512981, 47.5210726 ], [ 9.6512542, 47.5212421 ], [ 9.6510295, 47.521269 ], [ 9.6508985, 47.5212922 ], [ 9.6508093, 47.521362 ], [ 9.6505854, 47.5215608 ], [ 9.650409, 47.5216088 ], [ 9.6503081, 47.5216697 ], [ 9.6500078, 47.5217266 ], [ 9.6498706, 47.5218237 ], [ 9.6496822, 47.5218753 ], [ 9.6495857, 47.5220283 ], [ 9.6492853, 47.5221176 ], [ 9.6492684, 47.5221836 ], [ 9.649181, 47.5221665 ], [ 9.6490345, 47.5222485 ], [ 9.648925, 47.522296 ], [ 9.6488166, 47.5222693 ], [ 9.6486577, 47.52223 ], [ 9.6476595, 47.524093 ], [ 9.6475822, 47.5242811 ], [ 9.6474255, 47.5244324 ], [ 9.6473377, 47.5245398 ], [ 9.6469341, 47.5250332 ], [ 9.6465572, 47.5254765 ], [ 9.6461593, 47.5259087 ], [ 9.64608, 47.5259487 ], [ 9.6460256, 47.5259531 ], [ 9.6459507, 47.5259402 ], [ 9.6458974, 47.5259188 ], [ 9.6458661, 47.5258868 ], [ 9.6458401, 47.5258072 ], [ 9.6447661, 47.5253697 ], [ 9.6436163, 47.5249144 ], [ 9.6435012, 47.5249307 ], [ 9.6433756, 47.5249105 ], [ 9.6432798, 47.5248516 ], [ 9.6432618, 47.5247581 ], [ 9.6439124, 47.5239926 ], [ 9.6448203, 47.5227475 ], [ 9.6454524, 47.5214903 ], [ 9.6464063, 47.5195323 ], [ 9.6472659, 47.5180739 ], [ 9.6473493, 47.5179104 ], [ 9.6473859, 47.5175987 ], [ 9.6474645, 47.5174856 ], [ 9.6475704, 47.5174547 ], [ 9.6477697, 47.5173378 ], [ 9.6479025, 47.5171387 ], [ 9.6481155, 47.5167143 ], [ 9.6484146, 47.516467 ], [ 9.6485434, 47.516398 ], [ 9.6487338, 47.5162203 ], [ 9.6488533, 47.5159043 ], [ 9.6487835, 47.5157188 ], [ 9.6486965, 47.5155939 ], [ 9.6483337, 47.5152302 ], [ 9.648056, 47.5149562 ], [ 9.6478938, 47.5147316 ], [ 9.6478964, 47.5147144 ], [ 9.6478361, 47.514612 ], [ 9.6478093, 47.5146048 ], [ 9.6477139, 47.5144685 ], [ 9.647706, 47.5144318 ], [ 9.6477288, 47.5144191 ], [ 9.6478415, 47.5145142 ], [ 9.6478938, 47.5144897 ], [ 9.6478991, 47.5144381 ], [ 9.6479246, 47.5144272 ], [ 9.6479514, 47.5144513 ], [ 9.6480064, 47.5144223 ], [ 9.6480305, 47.5143888 ], [ 9.6480017, 47.5143611 ], [ 9.6480346, 47.5143407 ], [ 9.6480721, 47.5143657 ], [ 9.648111, 47.5143367 ], [ 9.6480755, 47.5143013 ], [ 9.6480875, 47.514285 ], [ 9.6481197, 47.5143004 ], [ 9.6481432, 47.514281 ], [ 9.6481238, 47.5142461 ], [ 9.6481439, 47.5142302 ], [ 9.6481774, 47.5142533 ], [ 9.6482592, 47.5141569 ], [ 9.6482203, 47.5141292 ], [ 9.6482357, 47.5141179 ], [ 9.6482585, 47.5141265 ], [ 9.6482887, 47.5141283 ], [ 9.6483256, 47.5141075 ], [ 9.6483497, 47.5141057 ], [ 9.6484892, 47.5141972 ], [ 9.6485227, 47.5142601 ], [ 9.6486555, 47.5143358 ], [ 9.6486897, 47.5144274 ], [ 9.6486819, 47.5144558 ], [ 9.6486589, 47.5144792 ], [ 9.6486367, 47.5145051 ], [ 9.6486104, 47.5145608 ], [ 9.6485533, 47.5146278 ], [ 9.6485419, 47.5146932 ], [ 9.6485466, 47.5147581 ], [ 9.6485718, 47.5148257 ], [ 9.648611, 47.5149002 ], [ 9.6486342, 47.5149901 ], [ 9.6486319, 47.5150759 ], [ 9.6486749, 47.5151142 ], [ 9.6488178, 47.5151936 ], [ 9.6489545, 47.5152546 ], [ 9.649055, 47.5153019 ], [ 9.6491519, 47.5153169 ], [ 9.6492172, 47.5153018 ], [ 9.6492957, 47.5152566 ], [ 9.6493713, 47.5151181 ], [ 9.6494445, 47.5151128 ], [ 9.6495022, 47.5151791 ], [ 9.6495672, 47.5153934 ], [ 9.6496779, 47.5154766 ], [ 9.650009, 47.515191 ], [ 9.6498853, 47.5150359 ], [ 9.6499296, 47.5149435 ], [ 9.6500207, 47.5148992 ], [ 9.6500757, 47.5149109 ], [ 9.6500301, 47.5149445 ], [ 9.6500757, 47.514987 ], [ 9.6502269, 47.514974 ], [ 9.650282, 47.5149692 ], [ 9.6503301, 47.5148447 ], [ 9.6502561, 47.5148324 ], [ 9.6501406, 47.5147993 ], [ 9.6501691, 47.5147674 ], [ 9.6501563, 47.5147605 ], [ 9.650112, 47.5147819 ], [ 9.6499774, 47.5148095 ], [ 9.649827, 47.5148013 ], [ 9.649741, 47.5147703 ], [ 9.6496439, 47.5146908 ], [ 9.6495795, 47.5146012 ], [ 9.6495943, 47.514478 ], [ 9.6496685, 47.5143196 ], [ 9.6497295, 47.5141924 ], [ 9.6497752, 47.514081 ], [ 9.6498799, 47.5140052 ], [ 9.6500058, 47.5139503 ], [ 9.6500866, 47.5139231 ], [ 9.6501582, 47.5139014 ], [ 9.6502239, 47.5138824 ], [ 9.6502628, 47.5138765 ], [ 9.6503151, 47.5138752 ], [ 9.65036, 47.5138833 ], [ 9.6504093, 47.5139051 ], [ 9.6504559, 47.5139279 ], [ 9.6505144, 47.5139618 ], [ 9.6504943, 47.5140351 ], [ 9.6504442, 47.5140903 ], [ 9.6505511, 47.5141682 ], [ 9.6505795, 47.5142257 ], [ 9.6506062, 47.5142787 ], [ 9.650653, 47.5143238 ], [ 9.6507265, 47.5143532 ], [ 9.6507732, 47.5143622 ], [ 9.6508434, 47.5143825 ], [ 9.6509402, 47.5143994 ], [ 9.6510221, 47.5143829 ], [ 9.6514224, 47.5140541 ], [ 9.6523627, 47.5134483 ], [ 9.6527519, 47.5132314 ], [ 9.6534945, 47.5127929 ], [ 9.6542235, 47.5123936 ], [ 9.6559864, 47.5115694 ], [ 9.6562515, 47.5114263 ], [ 9.6568645, 47.5108844 ], [ 9.6570763, 47.5107617 ], [ 9.6571826, 47.5105761 ], [ 9.6573593, 47.5103076 ], [ 9.6573608, 47.5100742 ], [ 9.6561226, 47.5089683 ], [ 9.6553275, 47.508354 ], [ 9.6551223, 47.508305 ], [ 9.6549163, 47.5083108 ], [ 9.6549163, 47.5082412 ], [ 9.656633, 47.5070721 ], [ 9.6576963, 47.5064091 ], [ 9.6582544, 47.5061533 ], [ 9.6585787, 47.5059771 ], [ 9.6586124, 47.5058809 ], [ 9.6586945, 47.5058261 ], [ 9.6588301, 47.5058261 ], [ 9.658964, 47.5058679 ], [ 9.6591141, 47.5058022 ], [ 9.6591505, 47.5057533 ], [ 9.6597266, 47.5055077 ], [ 9.6610238, 47.5050186 ], [ 9.6623944, 47.5045313 ], [ 9.6624397, 47.5045467 ], [ 9.6626263, 47.504478 ], [ 9.6626492, 47.5044372 ], [ 9.6654541, 47.5034856 ], [ 9.6658096, 47.5033431 ], [ 9.6666023, 47.5030571 ], [ 9.6666298, 47.5030175 ], [ 9.6665024, 47.5027849 ], [ 9.6664897, 47.5026047 ], [ 9.6662384, 47.5023947 ], [ 9.6662488, 47.5022748 ], [ 9.6660392, 47.5021817 ], [ 9.6657711, 47.5017477 ], [ 9.6654328, 47.5014392 ], [ 9.6654045, 47.5012441 ], [ 9.6652379, 47.501189 ], [ 9.6652524, 47.5011445 ], [ 9.6651199, 47.501063 ], [ 9.665224, 47.5009735 ], [ 9.6653872, 47.5009528 ], [ 9.6655694, 47.5009608 ], [ 9.6660576, 47.5010263 ], [ 9.6660548, 47.5009951 ], [ 9.6660556, 47.5008981 ], [ 9.6661187, 47.5008314 ], [ 9.6659984, 47.5007481 ], [ 9.6656427, 47.5008329 ], [ 9.6655859, 47.5007578 ], [ 9.665496, 47.5006859 ], [ 9.6653706, 47.5006763 ], [ 9.6653228, 47.5005329 ], [ 9.6652225, 47.5005044 ], [ 9.6652111, 47.5004556 ], [ 9.6653045, 47.5003749 ], [ 9.665239, 47.5002839 ], [ 9.6652745, 47.5002039 ], [ 9.6654143, 47.5001657 ], [ 9.6656198, 47.5000682 ], [ 9.665577, 47.4999896 ], [ 9.6655725, 47.4999238 ], [ 9.665601, 47.4998763 ], [ 9.665724, 47.4998523 ], [ 9.6657169, 47.4997756 ], [ 9.6657142, 47.499776 ], [ 9.6655939, 47.4997948 ], [ 9.6656152, 47.4997149 ], [ 9.6655253, 47.4996158 ], [ 9.6655889, 47.4993116 ], [ 9.6655773, 47.4991427 ], [ 9.6654425, 47.4989893 ], [ 9.6654442, 47.4989252 ], [ 9.6654472, 47.4988119 ], [ 9.6653881, 47.4987815 ], [ 9.6653668, 47.4986009 ], [ 9.6655206, 47.4985417 ], [ 9.665452, 47.4984682 ], [ 9.6654732, 47.4983963 ], [ 9.6655867, 47.4981987 ], [ 9.6655844, 47.4980463 ], [ 9.6655111, 47.4979664 ], [ 9.6652698, 47.4980015 ], [ 9.6651137, 47.4979104 ], [ 9.6651208, 47.4978017 ], [ 9.6650285, 47.4976994 ], [ 9.6652059, 47.4975236 ], [ 9.6652698, 47.4973926 ], [ 9.6655466, 47.4972327 ], [ 9.6656317, 47.4970777 ], [ 9.6657713, 47.496985 ], [ 9.6658473, 47.4969958 ], [ 9.6659218, 47.4970385 ], [ 9.66596, 47.4970796 ], [ 9.665973, 47.4971067 ], [ 9.6660105, 47.4971207 ], [ 9.6660623, 47.4971701 ], [ 9.6660837, 47.4972226 ], [ 9.6661238, 47.4972611 ], [ 9.6661873, 47.4972865 ], [ 9.66623, 47.4973079 ], [ 9.6662553, 47.497325 ], [ 9.6662779, 47.4973569 ], [ 9.6662935, 47.4973819 ], [ 9.6663258, 47.4973876 ], [ 9.6663757, 47.4973788 ], [ 9.6663673, 47.4973421 ], [ 9.6663524, 47.4972992 ], [ 9.6663071, 47.4972677 ], [ 9.6662488, 47.4972458 ], [ 9.6662132, 47.4972314 ], [ 9.6661815, 47.497196 ], [ 9.6661704, 47.4971478 ], [ 9.6661432, 47.4971211 ], [ 9.6660604, 47.4970822 ], [ 9.6660241, 47.4970507 ], [ 9.6659602, 47.4969528 ], [ 9.6659679, 47.4969277 ], [ 9.6660836, 47.4968923 ], [ 9.6661735, 47.4968923 ], [ 9.6661522, 47.4967644 ], [ 9.6663746, 47.4967213 ], [ 9.6667575, 47.4966614 ], [ 9.6669956, 47.4966139 ], [ 9.6671948, 47.4965811 ], [ 9.6673501, 47.4965726 ], [ 9.6674202, 47.4965902 ], [ 9.6674751, 47.4965712 ], [ 9.6675561, 47.4966106 ], [ 9.6676558, 47.4966167 ], [ 9.6676663, 47.4964431 ], [ 9.6678177, 47.4963568 ], [ 9.6680573, 47.4962205 ], [ 9.6680874, 47.4962034 ], [ 9.6682721, 47.496077 ], [ 9.668348, 47.4959922 ], [ 9.6683794, 47.495957 ], [ 9.6683873, 47.4959341 ], [ 9.6684287, 47.4958143 ], [ 9.6684013, 47.4954263 ], [ 9.6683435, 47.4950247 ], [ 9.6683358, 47.4948176 ], [ 9.668279, 47.4945858 ], [ 9.6683123, 47.4944993 ], [ 9.6682417, 47.4944289 ], [ 9.6681954, 47.4943965 ], [ 9.6681432, 47.4943865 ], [ 9.6680401, 47.4944008 ], [ 9.6679893, 47.4944535 ], [ 9.6680676, 47.4945145 ], [ 9.6680902, 47.4946186 ], [ 9.6681678, 47.4946769 ], [ 9.6682175, 47.4947968 ], [ 9.668208, 47.4949055 ], [ 9.6681512, 47.495019 ], [ 9.6681323, 47.4951133 ], [ 9.6680703, 47.4951106 ], [ 9.6679709, 47.4950867 ], [ 9.667809, 47.4950173 ], [ 9.6676948, 47.4950291 ], [ 9.6676596, 47.4950429 ], [ 9.6676248, 47.4950808 ], [ 9.6675045, 47.4951238 ], [ 9.6673755, 47.4951578 ], [ 9.667199, 47.4951884 ], [ 9.6670645, 47.4952538 ], [ 9.6669749, 47.4953284 ], [ 9.6669534, 47.4954604 ], [ 9.666808, 47.495499 ], [ 9.6667631, 47.495521 ], [ 9.6667544, 47.4955708 ], [ 9.6667362, 47.4957071 ], [ 9.6666754, 47.4958443 ], [ 9.6666018, 47.4959059 ], [ 9.6664522, 47.4959135 ], [ 9.6662857, 47.4959042 ], [ 9.6661246, 47.4958683 ], [ 9.6659678, 47.4958295 ], [ 9.6659001, 47.4957507 ], [ 9.6658305, 47.4957427 ], [ 9.6657725, 47.4957666 ], [ 9.6655598, 47.4955531 ], [ 9.6655149, 47.4955046 ], [ 9.665363, 47.4953406 ], [ 9.6651551, 47.4951835 ], [ 9.6650403, 47.4951442 ], [ 9.6647118, 47.4950319 ], [ 9.6644475, 47.4950373 ], [ 9.6643667, 47.4950082 ], [ 9.6641275, 47.4950019 ], [ 9.66406, 47.4949585 ], [ 9.6639332, 47.4949856 ], [ 9.6637757, 47.4950404 ], [ 9.6636388, 47.495032 ], [ 9.6635, 47.4951609 ], [ 9.6633807, 47.4951716 ], [ 9.6632429, 47.4952204 ], [ 9.6631109, 47.4951546 ], [ 9.6630275, 47.4950967 ], [ 9.6629561, 47.4950442 ], [ 9.6628445, 47.4949621 ], [ 9.6625225, 47.4948682 ], [ 9.6622936, 47.4947812 ], [ 9.6623116, 47.4947381 ], [ 9.6622815, 47.4947217 ], [ 9.6621973, 47.4947292 ], [ 9.6621269, 47.4947199 ], [ 9.6621265, 47.4946851 ], [ 9.6622054, 47.4946479 ], [ 9.6623585, 47.4945324 ], [ 9.66257, 47.4944077 ], [ 9.6627076, 47.4943403 ], [ 9.6628015, 47.4942542 ], [ 9.6629557, 47.4940841 ], [ 9.6630492, 47.4940337 ], [ 9.6630657, 47.4940023 ], [ 9.663046, 47.4939542 ], [ 9.663084, 47.4938733 ], [ 9.663119, 47.4938038 ], [ 9.6631619, 47.4937313 ], [ 9.6632553, 47.4936597 ], [ 9.6632888, 47.4935906 ], [ 9.6633521, 47.4934971 ], [ 9.663464, 47.4934794 ], [ 9.6635355, 47.4934497 ], [ 9.6635664, 47.493404 ], [ 9.6635242, 47.4933642 ], [ 9.6634546, 47.4933055 ], [ 9.6634133, 47.4933124 ], [ 9.6634561, 47.4932024 ], [ 9.6635302, 47.4929585 ], [ 9.6636534, 47.4928058 ], [ 9.663815, 47.4925524 ], [ 9.6639106, 47.4923964 ], [ 9.6640558, 47.492315 ], [ 9.664092, 47.4921778 ], [ 9.66455, 47.4920164 ], [ 9.6647111, 47.4920338 ], [ 9.6653986, 47.4918019 ], [ 9.6656306, 47.4917652 ], [ 9.6658105, 47.4917319 ], [ 9.6658887, 47.4916828 ], [ 9.6662093, 47.4916031 ], [ 9.6666227, 47.4915952 ], [ 9.6668269, 47.4915925 ], [ 9.6668651, 47.4916453 ], [ 9.6672132, 47.4916571 ], [ 9.6674165, 47.4917104 ], [ 9.6676631, 47.4917204 ], [ 9.6678985, 47.4917539 ], [ 9.6679323, 47.4917348 ], [ 9.6679565, 47.4917267 ], [ 9.6680315, 47.4916071 ], [ 9.6673778, 47.4914363 ], [ 9.6670704, 47.4913537 ], [ 9.6667442, 47.4913534 ], [ 9.6664422, 47.491349 ], [ 9.66566, 47.491521 ], [ 9.6645018, 47.4917901 ], [ 9.6644073, 47.4918141 ], [ 9.6641405, 47.4919125 ], [ 9.6637427, 47.4920334 ], [ 9.663133, 47.4921491 ], [ 9.6629202, 47.4921882 ], [ 9.6628249, 47.4922049 ], [ 9.662719, 47.4922208 ], [ 9.6626367, 47.4922256 ], [ 9.6625299, 47.4922171 ], [ 9.6624588, 47.4922018 ], [ 9.6623743, 47.4921714 ], [ 9.6623163, 47.4921417 ], [ 9.6622644, 47.4920926 ], [ 9.6622271, 47.4920307 ], [ 9.6621679, 47.4918167 ], [ 9.6620586, 47.4914197 ], [ 9.6620171, 47.4913007 ], [ 9.6619875, 47.4913056 ], [ 9.6619534, 47.4912121 ], [ 9.6621875, 47.4911677 ], [ 9.6622273, 47.49128 ], [ 9.6622341, 47.4912789 ], [ 9.6623449, 47.4916168 ], [ 9.6624351, 47.4918572 ], [ 9.6624999, 47.4920136 ], [ 9.6625209, 47.4920213 ], [ 9.6625774, 47.4920199 ], [ 9.6628042, 47.4920092 ], [ 9.663016, 47.4919704 ], [ 9.6631306, 47.4919513 ], [ 9.6636715, 47.4918551 ], [ 9.6639695, 47.4917693 ], [ 9.6641392, 47.4917026 ], [ 9.6641736, 47.4916785 ], [ 9.6642204, 47.4916311 ], [ 9.6642542, 47.4915687 ], [ 9.6642687, 47.4915144 ], [ 9.66426, 47.491447 ], [ 9.6642324, 47.4914025 ], [ 9.6641869, 47.4913589 ], [ 9.6641124, 47.4913051 ], [ 9.6640319, 47.4912534 ], [ 9.6639448, 47.4912009 ], [ 9.6638539, 47.4911423 ], [ 9.6636953, 47.4910282 ], [ 9.663577, 47.4909048 ], [ 9.6635123, 47.4907844 ], [ 9.6635198, 47.490704 ], [ 9.6635174, 47.4906699 ], [ 9.6635227, 47.4906032 ], [ 9.6635985, 47.4904842 ], [ 9.663645, 47.4903684 ], [ 9.6647928, 47.4901388 ], [ 9.6654614, 47.4899604 ], [ 9.6660471, 47.4897704 ], [ 9.66636, 47.489589 ], [ 9.6664475, 47.4896457 ], [ 9.6665302, 47.4895943 ], [ 9.6664519, 47.4895357 ], [ 9.6665933, 47.4894537 ], [ 9.6668381, 47.4893108 ], [ 9.6670338, 47.4892042 ], [ 9.6669821, 47.4884031 ], [ 9.6670778, 47.488396 ], [ 9.6670582, 47.4881199 ], [ 9.6670435, 47.4879694 ], [ 9.6668649, 47.4880587 ], [ 9.6668722, 47.4881255 ], [ 9.6667691, 47.4881284 ], [ 9.6667746, 47.4881965 ], [ 9.6668795, 47.4881923 ], [ 9.6669217, 47.4889471 ], [ 9.6668175, 47.4889514 ], [ 9.6668251, 47.489021 ], [ 9.6669242, 47.4890167 ], [ 9.6669333, 47.489168 ], [ 9.66663, 47.4893351 ], [ 9.6665835, 47.4893136 ], [ 9.6665382, 47.488472 ], [ 9.6665517, 47.4884025 ], [ 9.6666169, 47.4883959 ], [ 9.6666137, 47.4883649 ], [ 9.6665642, 47.4883648 ], [ 9.666548, 47.4883485 ], [ 9.6665479, 47.4883213 ], [ 9.6665797, 47.4882996 ], [ 9.6665738, 47.4882307 ], [ 9.6664221, 47.4883018 ], [ 9.666461, 47.4889178 ], [ 9.6663445, 47.4889203 ], [ 9.6663458, 47.4889728 ], [ 9.6664839, 47.4889693 ], [ 9.6665126, 47.4894211 ], [ 9.666449, 47.4894542 ], [ 9.6661665, 47.489585 ], [ 9.6661113, 47.4884688 ], [ 9.6659988, 47.4885035 ], [ 9.6660575, 47.489641 ], [ 9.6659792, 47.4896734 ], [ 9.6659303, 47.4897385 ], [ 9.6657981, 47.4897799 ], [ 9.6657003, 47.4898014 ], [ 9.6656991, 47.4896258 ], [ 9.6657349, 47.4896053 ], [ 9.6658337, 47.4896047 ], [ 9.6658342, 47.4895266 ], [ 9.6656984, 47.4895279 ], [ 9.6656932, 47.4887757 ], [ 9.6655742, 47.4887757 ], [ 9.6655732, 47.4888427 ], [ 9.6656088, 47.488868 ], [ 9.6655633, 47.4897534 ], [ 9.6655608, 47.4897981 ], [ 9.6655314, 47.489846 ], [ 9.6654213, 47.4898873 ], [ 9.6652794, 47.4899402 ], [ 9.6651837, 47.4899312 ], [ 9.6652683, 47.4889556 ], [ 9.6651571, 47.4889879 ], [ 9.665097, 47.4895361 ], [ 9.6651057, 47.4895401 ], [ 9.6651035, 47.4895641 ], [ 9.6650871, 47.4897403 ], [ 9.6650746, 47.4897404 ], [ 9.6650718, 47.4897864 ], [ 9.6650873, 47.4897956 ], [ 9.665083, 47.4898824 ], [ 9.6650484, 47.4898938 ], [ 9.6649606, 47.4898949 ], [ 9.6649617, 47.4899109 ], [ 9.665062, 47.489916 ], [ 9.6650568, 47.4899667 ], [ 9.6649589, 47.4900064 ], [ 9.6647852, 47.490056 ], [ 9.6646776, 47.4900551 ], [ 9.6647354, 47.4891346 ], [ 9.6646357, 47.4891636 ], [ 9.6646164, 47.4891962 ], [ 9.6645936, 47.4897692 ], [ 9.6644787, 47.4897705 ], [ 9.6644776, 47.4898066 ], [ 9.6645919, 47.4898118 ], [ 9.6645825, 47.490047 ], [ 9.6645299, 47.4900871 ], [ 9.6645197, 47.4900845 ], [ 9.6645173, 47.4899994 ], [ 9.6644068, 47.4899999 ], [ 9.6644075, 47.490082 ], [ 9.6643559, 47.4901296 ], [ 9.6643327, 47.4901215 ], [ 9.6643244, 47.4901057 ], [ 9.66427, 47.4901168 ], [ 9.6642772, 47.4901307 ], [ 9.6642576, 47.4901562 ], [ 9.6639498, 47.4902164 ], [ 9.6638676, 47.4902378 ], [ 9.6637949, 47.4902331 ], [ 9.6637551, 47.4902097 ], [ 9.6637386, 47.4901806 ], [ 9.6638001, 47.4900561 ], [ 9.6637865, 47.4900377 ], [ 9.6637991, 47.4900172 ], [ 9.6638701, 47.4900279 ], [ 9.6639533, 47.4900229 ], [ 9.6639998, 47.4899535 ], [ 9.6640169, 47.4899055 ], [ 9.6639252, 47.4898849 ], [ 9.663957, 47.4897526 ], [ 9.6639658, 47.4895775 ], [ 9.6640703, 47.4895833 ], [ 9.6640736, 47.4895456 ], [ 9.6640769, 47.4895091 ], [ 9.6639655, 47.4895057 ], [ 9.6639445, 47.4892171 ], [ 9.6639766, 47.4889388 ], [ 9.6639358, 47.4889353 ], [ 9.6639584, 47.488773 ], [ 9.6641034, 47.4887907 ], [ 9.6643937, 47.4884026 ], [ 9.6642763, 47.4883398 ], [ 9.6640969, 47.4884858 ], [ 9.663948, 47.4884622 ], [ 9.6639117, 47.4884059 ], [ 9.6639793, 47.4883276 ], [ 9.6639826, 47.4882985 ], [ 9.6639459, 47.4882621 ], [ 9.6639578, 47.4882203 ], [ 9.664034, 47.4882538 ], [ 9.6641376, 47.4881718 ], [ 9.6640578, 47.4881292 ], [ 9.6643301, 47.4879628 ], [ 9.6643888, 47.4879761 ], [ 9.6645004, 47.4880348 ], [ 9.6645799, 47.4879883 ], [ 9.6644919, 47.4879265 ], [ 9.6649415, 47.4877303 ], [ 9.6649149, 47.4877099 ], [ 9.6650396, 47.4876272 ], [ 9.6652819, 47.487528 ], [ 9.6652452, 47.4874767 ], [ 9.6654409, 47.4873974 ], [ 9.665392, 47.4873329 ], [ 9.6655241, 47.4872717 ], [ 9.6656073, 47.4873329 ], [ 9.6660477, 47.4871675 ], [ 9.6664881, 47.4869923 ], [ 9.6665175, 47.4870204 ], [ 9.6666154, 47.4869873 ], [ 9.666723, 47.4870138 ], [ 9.6667671, 47.4870171 ], [ 9.6668111, 47.4869923 ], [ 9.6668258, 47.4869576 ], [ 9.6667793, 47.4869278 ], [ 9.6667817, 47.4868947 ], [ 9.6669236, 47.4868121 ], [ 9.6671145, 47.4867327 ], [ 9.6674392, 47.4866375 ], [ 9.6676503, 47.4865756 ], [ 9.6677015, 47.4865478 ], [ 9.6676112, 47.486407 ], [ 9.6675696, 47.4863937 ], [ 9.6673372, 47.4864648 ], [ 9.6670753, 47.4865343 ], [ 9.6668405, 47.4865872 ], [ 9.6668038, 47.4865277 ], [ 9.6666545, 47.4865607 ], [ 9.6664098, 47.4866368 ], [ 9.6659009, 47.4867641 ], [ 9.6655168, 47.4868749 ], [ 9.6650981, 47.4869925 ], [ 9.6649064, 47.4870686 ], [ 9.6647164, 47.487144 ], [ 9.664565, 47.4872089 ], [ 9.66422, 47.4873974 ], [ 9.6639704, 47.4875528 ], [ 9.6638848, 47.4875015 ], [ 9.6637159, 47.4876437 ], [ 9.663804, 47.487695 ], [ 9.6634933, 47.4879496 ], [ 9.6632535, 47.4881546 ], [ 9.6630847, 47.4882852 ], [ 9.6631067, 47.4883332 ], [ 9.6630698, 47.4883814 ], [ 9.6628733, 47.4883885 ], [ 9.6628767, 47.4887482 ], [ 9.6628718, 47.4892772 ], [ 9.6625342, 47.4892822 ], [ 9.6622921, 47.4892825 ], [ 9.6622819, 47.4886685 ], [ 9.6618551, 47.4886583 ], [ 9.6618525, 47.4885615 ], [ 9.6616484, 47.488563 ], [ 9.6615432, 47.488768 ], [ 9.6614845, 47.4889962 ], [ 9.661509, 47.4891665 ], [ 9.6615408, 47.4892475 ], [ 9.6616191, 47.4893302 ], [ 9.6616607, 47.4893913 ], [ 9.6617757, 47.4894624 ], [ 9.6619249, 47.4894922 ], [ 9.6622552, 47.4895897 ], [ 9.6625606, 47.4896825 ], [ 9.662617, 47.4897033 ], [ 9.6626167, 47.4897258 ], [ 9.6625951, 47.489772 ], [ 9.6625702, 47.489769 ], [ 9.6624336, 47.4898778 ], [ 9.6622075, 47.4898188 ], [ 9.6617385, 47.4905578 ], [ 9.6619537, 47.4906305 ], [ 9.6619391, 47.4906662 ], [ 9.660934, 47.4907289 ], [ 9.6608606, 47.4907322 ], [ 9.6607754, 47.4907717 ], [ 9.6607683, 47.4906978 ], [ 9.6606674, 47.4906964 ], [ 9.6606648, 47.4907768 ], [ 9.6605226, 47.4907898 ], [ 9.6604848, 47.4906971 ], [ 9.6600343, 47.4907625 ], [ 9.6600621, 47.4908606 ], [ 9.6599673, 47.4908806 ], [ 9.6599307, 47.4908054 ], [ 9.6598833, 47.4908064 ], [ 9.6598427, 47.4907983 ], [ 9.6598183, 47.4907404 ], [ 9.6597791, 47.490585 ], [ 9.6596372, 47.49059 ], [ 9.6596788, 47.4908099 ], [ 9.659581, 47.4908128 ], [ 9.6595211, 47.4904744 ], [ 9.659497, 47.4904571 ], [ 9.659163, 47.4905722 ], [ 9.659296, 47.490988 ], [ 9.6592654, 47.4909897 ], [ 9.6591323, 47.4905699 ], [ 9.6576664, 47.4910799 ], [ 9.6576068, 47.4911393 ], [ 9.6577674, 47.4913419 ], [ 9.6578205, 47.4913457 ], [ 9.6587484, 47.490992 ], [ 9.6588373, 47.4909378 ], [ 9.6589219, 47.4909087 ], [ 9.6589606, 47.4909571 ], [ 9.6589506, 47.4909891 ], [ 9.6589735, 47.4910269 ], [ 9.6588454, 47.491093 ], [ 9.6582091, 47.4913012 ], [ 9.6578965, 47.491402 ], [ 9.6577703, 47.4914301 ], [ 9.657568, 47.4913661 ], [ 9.6574177, 47.4913064 ], [ 9.6572949, 47.4913062 ], [ 9.6571525, 47.4913353 ], [ 9.6569877, 47.4914062 ], [ 9.6568228, 47.4914644 ], [ 9.6566449, 47.4915175 ], [ 9.6563901, 47.4916125 ], [ 9.6561935, 47.4916935 ], [ 9.6560099, 47.4917416 ], [ 9.6556877, 47.491858 ], [ 9.6553524, 47.4920023 ], [ 9.6551408, 47.4920719 ], [ 9.655049, 47.4921618 ], [ 9.6550696, 47.4922972 ], [ 9.6549329, 47.4924187 ], [ 9.6546687, 47.4924655 ], [ 9.6546219, 47.4925149 ], [ 9.6544646, 47.4925478 ], [ 9.6543942, 47.4925577 ], [ 9.6541405, 47.4925933 ], [ 9.6538901, 47.4926226 ], [ 9.6538224, 47.4926288 ], [ 9.6537885, 47.4925752 ], [ 9.6535944, 47.4924776 ], [ 9.6535047, 47.4923432 ], [ 9.6535092, 47.4922259 ], [ 9.6533592, 47.4921089 ], [ 9.6533212, 47.491957 ], [ 9.6525246, 47.4911196 ], [ 9.6526047, 47.4910308 ], [ 9.6524488, 47.4907329 ], [ 9.6517777, 47.4904242 ], [ 9.6516276, 47.4904163 ], [ 9.6514337, 47.4902351 ], [ 9.6505751, 47.4902916 ], [ 9.6505353, 47.4902541 ], [ 9.650035, 47.4903309 ], [ 9.6497546, 47.4902734 ], [ 9.6495723, 47.4903411 ], [ 9.6494374, 47.4903177 ], [ 9.6492473, 47.4903588 ], [ 9.6488789, 47.4902767 ], [ 9.6487029, 47.4901904 ], [ 9.6487487, 47.4901067 ], [ 9.6485295, 47.4898884 ], [ 9.6485433, 47.4897411 ], [ 9.6488964, 47.4894515 ], [ 9.6492198, 47.4892391 ], [ 9.6495321, 47.4891526 ], [ 9.6496097, 47.489051 ], [ 9.6500124, 47.4888521 ], [ 9.6511754, 47.4885607 ], [ 9.6509182, 47.4882197 ], [ 9.650931, 47.4881462 ], [ 9.6512478, 47.4878483 ], [ 9.6511675, 47.4877883 ], [ 9.6511802, 47.4876637 ], [ 9.6516343, 47.4874006 ], [ 9.6522052, 47.4871779 ], [ 9.6525029, 47.4871107 ], [ 9.6538786, 47.4872217 ], [ 9.6539056, 47.4871963 ], [ 9.6539492, 47.4871639 ], [ 9.6541058, 47.4870168 ], [ 9.6540082, 47.4869622 ], [ 9.6542839, 47.4868128 ], [ 9.6542197, 47.486761 ], [ 9.653637, 47.4871546 ], [ 9.6525567, 47.48706 ], [ 9.6530233, 47.4868412 ], [ 9.6534152, 47.4866575 ], [ 9.6534874, 47.4865864 ], [ 9.6534924, 47.4865534 ], [ 9.6534961, 47.4865293 ], [ 9.6533767, 47.4865229 ], [ 9.6533755, 47.4865511 ], [ 9.6532001, 47.4865447 ], [ 9.653206, 47.4865205 ], [ 9.6531616, 47.4865185 ], [ 9.6531153, 47.4865164 ], [ 9.6531118, 47.4865438 ], [ 9.6530592, 47.486543 ], [ 9.6530628, 47.4865172 ], [ 9.653026, 47.4865149 ], [ 9.653021, 47.4865438 ], [ 9.6529781, 47.486543 ], [ 9.6529644, 47.4865704 ], [ 9.6529963, 47.4866975 ], [ 9.6522988, 47.4870778 ], [ 9.6520049, 47.4871613 ], [ 9.6510709, 47.4875818 ], [ 9.6507213, 47.4876033 ], [ 9.6506209, 47.4874985 ], [ 9.6505773, 47.4873172 ], [ 9.6504003, 47.4872265 ], [ 9.6497775, 47.4875675 ], [ 9.6491922, 47.4876512 ], [ 9.6489304, 47.4877411 ], [ 9.6488551, 47.4878501 ], [ 9.6486621, 47.4878394 ], [ 9.6481311, 47.4881328 ], [ 9.6477772, 47.4881001 ], [ 9.6474074, 47.4882059 ], [ 9.6469985, 47.4882562 ], [ 9.6467462, 47.4887395 ], [ 9.6463769, 47.4892213 ], [ 9.6457925, 47.489793 ], [ 9.6448635, 47.4904239 ], [ 9.6447515, 47.4906306 ], [ 9.644371, 47.4908731 ], [ 9.6440423, 47.4912868 ], [ 9.6435927, 47.4916082 ], [ 9.6428794, 47.4918553 ], [ 9.6424131, 47.4920839 ], [ 9.6422842, 47.492051 ], [ 9.642327, 47.4919462 ], [ 9.642735, 47.4916921 ], [ 9.6427249, 47.4915534 ], [ 9.6425191, 47.4913735 ], [ 9.6422784, 47.4913114 ], [ 9.6418526, 47.4915381 ], [ 9.6417519, 47.4916305 ], [ 9.6417937, 47.4917062 ], [ 9.6414358, 47.4917761 ], [ 9.641372, 47.4918446 ], [ 9.6414956, 47.4918953 ], [ 9.6414584, 47.4920541 ], [ 9.6412679, 47.4919689 ], [ 9.6408652, 47.4922744 ], [ 9.6407441, 47.4923663 ], [ 9.6407281, 47.4924791 ], [ 9.6409098, 47.4925556 ], [ 9.6414206, 47.4922098 ], [ 9.6416564, 47.4923779 ], [ 9.6416189, 47.4927109 ], [ 9.6412858, 47.4928769 ], [ 9.6410654, 47.4930589 ], [ 9.6407818, 47.4931678 ], [ 9.6407395, 47.4932582 ], [ 9.6408081, 47.493378 ], [ 9.6400797, 47.4937233 ], [ 9.6395357, 47.4943906 ], [ 9.6392962, 47.4945976 ], [ 9.6392962, 47.4948278 ], [ 9.6390203, 47.4950142 ], [ 9.6387896, 47.4948917 ], [ 9.6381521, 47.496182 ], [ 9.6381008, 47.4968908 ], [ 9.6381439, 47.4971963 ], [ 9.6383062, 47.4974265 ], [ 9.6382359, 47.4975862 ], [ 9.6379089, 47.4980918 ], [ 9.637859, 47.4985983 ], [ 9.6379075, 47.4988663 ], [ 9.6379238, 47.4990987 ], [ 9.638164, 47.4993427 ], [ 9.6381888, 47.49951 ], [ 9.638317, 47.4996456 ], [ 9.6385874, 47.49979 ], [ 9.6391862, 47.5001801 ], [ 9.6391077, 47.5002165 ], [ 9.6389651, 47.5002621 ], [ 9.6389771, 47.5002734 ], [ 9.6389559, 47.5003005 ], [ 9.6389622, 47.5003121 ], [ 9.6390172, 47.5002691 ], [ 9.63922, 47.5002169 ], [ 9.639287, 47.5002266 ], [ 9.6397669, 47.5005102 ], [ 9.639763, 47.5005779 ], [ 9.6397171, 47.5006444 ], [ 9.6397607, 47.5006591 ], [ 9.6398374, 47.5006363 ], [ 9.6401219, 47.5006847 ], [ 9.6410308, 47.5004823 ], [ 9.641205, 47.50092 ], [ 9.6414646, 47.5012001 ], [ 9.6415476, 47.5016432 ], [ 9.6415394, 47.5018502 ], [ 9.6416284, 47.502025 ], [ 9.6416241, 47.5020744 ], [ 9.6415144, 47.5020722 ], [ 9.6414752, 47.50212 ], [ 9.6414291, 47.5021398 ], [ 9.6413509, 47.502168 ], [ 9.6412956, 47.502196 ], [ 9.6412541, 47.5022071 ], [ 9.6412223, 47.5022022 ], [ 9.6411756, 47.5022005 ], [ 9.6411381, 47.5022117 ], [ 9.641125, 47.5022324 ], [ 9.6409566, 47.5023261 ], [ 9.6410147, 47.5023166 ], [ 9.6411038, 47.5022672 ], [ 9.6412014, 47.5022384 ], [ 9.6412982, 47.5022295 ], [ 9.64144, 47.5021728 ], [ 9.6417578, 47.5021543 ], [ 9.6419091, 47.5022563 ], [ 9.6421119, 47.5026071 ], [ 9.6423391, 47.50264 ], [ 9.6425432, 47.5027297 ], [ 9.6428017, 47.5027167 ], [ 9.6431668, 47.5028099 ], [ 9.6437835, 47.5030347 ], [ 9.6452496, 47.5031189 ], [ 9.6453872, 47.5032411 ], [ 9.64539, 47.5033577 ], [ 9.6452768, 47.5034779 ], [ 9.6452249, 47.5037191 ], [ 9.6455124, 47.5044287 ], [ 9.645738, 47.5046597 ], [ 9.6459496, 47.5047994 ], [ 9.645869, 47.5048944 ], [ 9.6458982, 47.5049161 ], [ 9.6459498, 47.5049288 ], [ 9.6460311, 47.5049006 ], [ 9.6461039, 47.5049254 ], [ 9.646474, 47.5050491 ], [ 9.6467959, 47.5053416 ], [ 9.6470491, 47.5056004 ], [ 9.6471585, 47.5061194 ], [ 9.6468435, 47.5062078 ], [ 9.6465069, 47.5064127 ], [ 9.6457098, 47.5065929 ], [ 9.6453878, 47.5066134 ], [ 9.645274, 47.5067253 ], [ 9.6448805, 47.5069925 ], [ 9.6446092, 47.507085 ], [ 9.6445622, 47.5071121 ], [ 9.6442835, 47.5071235 ], [ 9.6438357, 47.5068194 ], [ 9.6429655, 47.506747 ], [ 9.642862, 47.5066177 ], [ 9.6421179, 47.5065036 ], [ 9.641708, 47.5066506 ], [ 9.6415259, 47.5067902 ], [ 9.641083, 47.5069366 ], [ 9.6409921, 47.5069712 ], [ 9.6409596, 47.5069773 ], [ 9.6409284, 47.5069721 ], [ 9.6407892, 47.5069335 ], [ 9.6406627, 47.5068276 ], [ 9.6406297, 47.5067429 ], [ 9.6405874, 47.5066872 ], [ 9.6403065, 47.5065298 ], [ 9.6402675, 47.5065123 ], [ 9.6402438, 47.5065135 ], [ 9.6402022, 47.5065377 ], [ 9.6401361, 47.5065685 ], [ 9.6401462, 47.5065803 ], [ 9.6400919, 47.5066129 ], [ 9.6400453, 47.5065859 ], [ 9.6398015, 47.5063583 ], [ 9.6398351, 47.5063407 ], [ 9.6398485, 47.5062967 ], [ 9.6398914, 47.5062464 ], [ 9.6398578, 47.5062277 ], [ 9.6398196, 47.5061581 ], [ 9.6398102, 47.5060666 ], [ 9.6397653, 47.5060594 ], [ 9.6397318, 47.506048 ], [ 9.6396875, 47.5059805 ], [ 9.639652, 47.5059199 ], [ 9.6395682, 47.5057074 ], [ 9.6395222, 47.5056058 ], [ 9.6395085, 47.5055253 ], [ 9.6394488, 47.5053795 ], [ 9.6394193, 47.5053604 ], [ 9.6393764, 47.5053111 ], [ 9.6392939, 47.505215 ], [ 9.6392684, 47.5051928 ], [ 9.6392778, 47.5051598 ], [ 9.639253, 47.505138 ], [ 9.639196, 47.5050828 ], [ 9.6391772, 47.5050162 ], [ 9.6392161, 47.5049781 ], [ 9.6392282, 47.5049559 ], [ 9.639186, 47.504895 ], [ 9.6389675, 47.5047869 ], [ 9.6389493, 47.5047097 ], [ 9.6388983, 47.504652 ], [ 9.6387749, 47.5046121 ], [ 9.6386167, 47.5044948 ], [ 9.6384313, 47.5043335 ], [ 9.6380994, 47.5042027 ], [ 9.6380179, 47.50416 ], [ 9.6378784, 47.5040858 ], [ 9.6376725, 47.5040332 ], [ 9.6373963, 47.5039793 ], [ 9.6371797, 47.5039893 ], [ 9.6371421, 47.5039992 ], [ 9.6370308, 47.5040323 ], [ 9.6369778, 47.5040472 ], [ 9.6369726, 47.5040248 ], [ 9.6369249, 47.5039802 ], [ 9.6368605, 47.5039644 ], [ 9.6368296, 47.5039576 ], [ 9.6368048, 47.503968 ], [ 9.6364673, 47.5038563 ], [ 9.6362816, 47.5039928 ], [ 9.6361953, 47.5040097 ], [ 9.6361246, 47.5040531 ], [ 9.6361028, 47.5040581 ], [ 9.63608, 47.5040608 ], [ 9.6360545, 47.5040586 ], [ 9.6359281, 47.5040117 ], [ 9.6359197, 47.5039976 ], [ 9.6359251, 47.5039836 ], [ 9.6360439, 47.5038762 ], [ 9.6359915, 47.5037945 ], [ 9.635929, 47.503748 ], [ 9.6357957, 47.5037149 ], [ 9.6357018, 47.5037161 ], [ 9.635675, 47.5036926 ], [ 9.6356434, 47.5036609 ], [ 9.635561, 47.5036441 ], [ 9.635427, 47.5035762 ], [ 9.6353317, 47.5035583 ], [ 9.6351786, 47.5034628 ], [ 9.635147, 47.503379 ], [ 9.6346633, 47.5030997 ], [ 9.6345741, 47.5030839 ], [ 9.6344349, 47.5030735 ], [ 9.6342849, 47.5030362 ], [ 9.6340953, 47.5030271 ], [ 9.6339847, 47.5030088 ], [ 9.6338713, 47.5029847 ], [ 9.6337594, 47.503027 ], [ 9.6336331, 47.5029963 ], [ 9.633563, 47.5029588 ], [ 9.6335535, 47.5029211 ], [ 9.633554, 47.5028595 ], [ 9.6336143, 47.5028206 ], [ 9.6336506, 47.5027834 ], [ 9.633607, 47.5026711 ], [ 9.6335285, 47.502532 ], [ 9.6335962, 47.5024839 ], [ 9.633609, 47.5024699 ], [ 9.6335681, 47.5024169 ], [ 9.6335071, 47.5023281 ], [ 9.6334346, 47.5022541 ], [ 9.6333569, 47.5021583 ], [ 9.6332055, 47.5020312 ], [ 9.6331631, 47.5020129 ], [ 9.633088, 47.5020029 ], [ 9.6330162, 47.5019571 ], [ 9.6329637, 47.5018362 ], [ 9.6329329, 47.50168 ], [ 9.6331741, 47.5015675 ], [ 9.6328758, 47.5011418 ], [ 9.6325929, 47.500907 ], [ 9.6324302, 47.5008323 ], [ 9.6322514, 47.500789 ], [ 9.6321726, 47.5008504 ], [ 9.6318968, 47.5008849 ], [ 9.631722, 47.5008304 ], [ 9.6313632, 47.5007738 ], [ 9.6312013, 47.500768 ], [ 9.6308626, 47.5007322 ], [ 9.6307257, 47.5006484 ], [ 9.6305719, 47.5004719 ], [ 9.6304303, 47.5003586 ], [ 9.6304444, 47.5002217 ], [ 9.6305475, 47.5000982 ], [ 9.6305531, 47.5000131 ], [ 9.6303772, 47.499876 ], [ 9.6302168, 47.4998068 ], [ 9.6301555, 47.4997804 ], [ 9.629948, 47.4997658 ], [ 9.6298086, 47.499839 ], [ 9.6297319, 47.4998322 ], [ 9.6297391, 47.4997683 ], [ 9.6296321, 47.4997808 ], [ 9.6295848, 47.4997863 ], [ 9.6292608, 47.4996591 ], [ 9.6291772, 47.4998469 ], [ 9.6290889, 47.5000492 ], [ 9.6290542, 47.5000288 ], [ 9.6290552, 47.4999463 ], [ 9.6287975, 47.4998707 ], [ 9.6288148, 47.4997119 ], [ 9.6286474, 47.4994659 ], [ 9.6283771, 47.4991234 ], [ 9.6281627, 47.4988879 ], [ 9.6279909, 47.4987585 ], [ 9.6278494, 47.4986973 ], [ 9.6277567, 47.4986614 ], [ 9.6276676, 47.49864 ], [ 9.6275932, 47.4986087 ], [ 9.6275336, 47.4985242 ], [ 9.6275428, 47.4984413 ], [ 9.6275236, 47.4984091 ], [ 9.6274462, 47.4983196 ], [ 9.6274279, 47.4981814 ], [ 9.627373, 47.49804 ], [ 9.6273417, 47.4978146 ], [ 9.6273597, 47.4975845 ], [ 9.6274237, 47.4973913 ], [ 9.627497, 47.4971777 ], [ 9.6274818, 47.4969644 ], [ 9.6273193, 47.4967285 ], [ 9.6270182, 47.4965264 ], [ 9.6268226, 47.4963981 ], [ 9.6265515, 47.4962299 ], [ 9.6260114, 47.4958886 ], [ 9.6257627, 47.4958065 ], [ 9.6256748, 47.4957189 ], [ 9.625673, 47.4956146 ], [ 9.6255856, 47.4955049 ], [ 9.62521, 47.4952018 ], [ 9.6248212, 47.4949756 ], [ 9.6243715, 47.4947149 ], [ 9.6240093, 47.494519 ], [ 9.6239515, 47.4945056 ], [ 9.6239256, 47.4945384 ], [ 9.6239531, 47.4945823 ], [ 9.623694, 47.4948293 ], [ 9.6235008, 47.4947444 ], [ 9.6235333, 47.4946558 ], [ 9.6234814, 47.4945903 ], [ 9.6235166, 47.4945277 ], [ 9.6233785, 47.4944834 ], [ 9.6233059, 47.4945618 ], [ 9.6231887, 47.4944859 ], [ 9.6231148, 47.4945823 ], [ 9.6229914, 47.4946162 ], [ 9.6227303, 47.4945328 ], [ 9.6223513, 47.494769 ], [ 9.6214722, 47.4949389 ], [ 9.621156, 47.4948679 ], [ 9.6207713, 47.4948947 ], [ 9.620168, 47.4947776 ], [ 9.6200234, 47.4946386 ], [ 9.6199929, 47.4946879 ], [ 9.6198384, 47.4946914 ], [ 9.6198676, 47.494463 ], [ 9.6197968, 47.4943083 ], [ 9.6196982, 47.4943027 ], [ 9.619688, 47.4943593 ], [ 9.619806, 47.4944825 ], [ 9.6197321, 47.4944788 ], [ 9.6196928, 47.4947253 ], [ 9.6191629, 47.4948995 ], [ 9.6186675, 47.4948624 ], [ 9.6185976, 47.4948009 ], [ 9.6186773, 47.4946873 ], [ 9.6186124, 47.4946739 ], [ 9.6185404, 47.4948232 ], [ 9.6177299, 47.4948742 ], [ 9.6170918, 47.4952408 ], [ 9.6166913, 47.495557 ], [ 9.6161826, 47.4956589 ], [ 9.6160449, 47.4955869 ], [ 9.6159412, 47.4956466 ], [ 9.6157172, 47.4956299 ], [ 9.6156999, 47.4952023 ], [ 9.6150014, 47.4945583 ], [ 9.6152956, 47.4943996 ], [ 9.6154516, 47.4941686 ], [ 9.6152381, 47.4937181 ], [ 9.6152363, 47.4935602 ], [ 9.6146919, 47.4930274 ], [ 9.6144479, 47.4929842 ], [ 9.6142597, 47.4928685 ], [ 9.6139427, 47.492765 ], [ 9.6139812, 47.4924997 ], [ 9.6139194, 47.4923318 ], [ 9.6135957, 47.492115 ], [ 9.6134141, 47.4921501 ], [ 9.6131761, 47.491048 ], [ 9.6131507, 47.4908452 ], [ 9.6131451, 47.4907927 ], [ 9.6132288, 47.4906962 ], [ 9.6132527, 47.4906611 ], [ 9.6132168, 47.4906467 ], [ 9.6132386, 47.4906233 ], [ 9.6132053, 47.4906099 ], [ 9.6131828, 47.4906329 ], [ 9.6131358, 47.4906124 ], [ 9.6131584, 47.4905886 ], [ 9.6131198, 47.490573 ], [ 9.6130833, 47.4905582 ], [ 9.6130608, 47.4905831 ], [ 9.6129945, 47.4905569 ], [ 9.6129253, 47.4906984 ], [ 9.6128799, 47.4907613 ], [ 9.6130993, 47.4915938 ], [ 9.6132136, 47.4920273 ], [ 9.6131829, 47.4921966 ], [ 9.612983, 47.4919947 ], [ 9.6127043, 47.4920078 ], [ 9.6124691, 47.4918102 ], [ 9.6122108, 47.491891 ], [ 9.612036, 47.4918479 ], [ 9.6116412, 47.4919337 ], [ 9.6116225, 47.491787 ], [ 9.6114252, 47.4917812 ], [ 9.6113604, 47.491557 ], [ 9.611313, 47.4915567 ], [ 9.6112102, 47.4917109 ], [ 9.6110885, 47.4918934 ], [ 9.6106787, 47.4920162 ], [ 9.6101911, 47.4918954 ], [ 9.610145, 47.4915421 ], [ 9.6102274, 47.4913891 ], [ 9.6102117, 47.4912387 ], [ 9.6100386, 47.4911137 ], [ 9.6100501, 47.4909851 ], [ 9.6094417, 47.4907265 ], [ 9.6090541, 47.4906618 ], [ 9.6089258, 47.4907154 ], [ 9.6087183, 47.4906605 ], [ 9.6085538, 47.4903103 ], [ 9.6082448, 47.4900893 ], [ 9.608178, 47.4898913 ], [ 9.6079615, 47.4897643 ], [ 9.6080632, 47.4893297 ], [ 9.6078758, 47.4891994 ], [ 9.6082207, 47.4888923 ], [ 9.6083218, 47.4889321 ], [ 9.608429, 47.4888306 ], [ 9.6085015, 47.4888578 ], [ 9.6093196, 47.4881056 ], [ 9.609341, 47.4879951 ], [ 9.6090782, 47.487899 ], [ 9.6082306, 47.4887146 ], [ 9.6080106, 47.4888379 ], [ 9.6078873, 47.4888524 ], [ 9.6075198, 47.4890898 ], [ 9.6071262, 47.4889412 ], [ 9.6068034, 47.4889939 ], [ 9.6066242, 47.4888951 ], [ 9.6065465, 47.4888523 ], [ 9.6063201, 47.4887276 ], [ 9.6059486, 47.4887382 ], [ 9.6057715, 47.4886657 ], [ 9.6054769, 47.4886614 ], [ 9.6048081, 47.4885098 ], [ 9.6044969, 47.4886639 ], [ 9.6041402, 47.4890155 ], [ 9.6039766, 47.4891007 ], [ 9.6028179, 47.4895157 ], [ 9.602555, 47.4893726 ], [ 9.6026757, 47.4891043 ], [ 9.6025416, 47.4887636 ], [ 9.6026301, 47.4884464 ], [ 9.6024129, 47.4883213 ], [ 9.6022063, 47.4882706 ], [ 9.6020159, 47.488296 ], [ 9.6015438, 47.4885153 ], [ 9.60145, 47.4886313 ], [ 9.6011522, 47.4887364 ], [ 9.6010181, 47.4887672 ], [ 9.6007016, 47.4885261 ], [ 9.6004173, 47.4884772 ], [ 9.6000981, 47.4887219 ], [ 9.6000713, 47.4889956 ], [ 9.5999882, 47.4890046 ], [ 9.5998192, 47.4890753 ], [ 9.5997065, 47.4890735 ], [ 9.5996207, 47.4892276 ], [ 9.5995215, 47.489204 ], [ 9.599618, 47.4889666 ], [ 9.5995214, 47.4887744 ], [ 9.5993632, 47.4887201 ], [ 9.599213, 47.4884011 ], [ 9.5990494, 47.4884283 ], [ 9.5987087, 47.4882108 ], [ 9.5986149, 47.4880495 ], [ 9.5983091, 47.4880476 ], [ 9.598293, 47.487861 ], [ 9.5982206, 47.4878555 ], [ 9.5982018, 47.4880223 ], [ 9.5976117, 47.4879806 ], [ 9.5974052, 47.4880603 ], [ 9.5971316, 47.4880168 ], [ 9.5963001, 47.4881365 ], [ 9.596166, 47.4882742 ], [ 9.5957208, 47.4882452 ], [ 9.5956725, 47.4881727 ], [ 9.5954901, 47.4882235 ], [ 9.595136, 47.4881908 ], [ 9.5950341, 47.4881256 ], [ 9.5946211, 47.4881655 ], [ 9.5939559, 47.4883068 ], [ 9.5937305, 47.4882488 ], [ 9.5932049, 47.4883467 ], [ 9.5930868, 47.4885533 ], [ 9.5930382, 47.4884411 ], [ 9.5927355, 47.4877431 ], [ 9.5926174, 47.4877504 ], [ 9.5929474, 47.4884609 ], [ 9.5925128, 47.488305 ], [ 9.5919791, 47.4883014 ], [ 9.5920407, 47.4881818 ], [ 9.5926603, 47.4882035 ], [ 9.5925397, 47.4878301 ], [ 9.5920032, 47.4878084 ], [ 9.5918718, 47.4882833 ], [ 9.5914561, 47.4882815 ], [ 9.589962, 47.4884138 ], [ 9.5898172, 47.4885225 ], [ 9.5898762, 47.4886874 ], [ 9.5896482, 47.4887799 ], [ 9.5894417, 47.4887201 ], [ 9.5892406, 47.4884845 ], [ 9.5883366, 47.488595 ], [ 9.587599, 47.4882361 ], [ 9.5874508, 47.4882163 ], [ 9.5872933, 47.488247 ], [ 9.587127, 47.4881673 ], [ 9.5869902, 47.4882525 ], [ 9.5869574, 47.4876721 ], [ 9.5868899, 47.4876804 ], [ 9.5867783, 47.4876942 ], [ 9.5868347, 47.4878159 ], [ 9.5868877, 47.488299 ], [ 9.5867714, 47.4883568 ], [ 9.586579, 47.4884523 ], [ 9.5863357, 47.4886276 ], [ 9.5861104, 47.4888633 ], [ 9.5861814, 47.4890026 ], [ 9.5863089, 47.4892529 ], [ 9.5864725, 47.4892602 ], [ 9.5865798, 47.489407 ], [ 9.5865771, 47.4895194 ], [ 9.5867863, 47.4897133 ], [ 9.5867863, 47.4900413 ], [ 9.586724, 47.4900984 ], [ 9.5866469, 47.4901392 ], [ 9.5862943, 47.4897953 ], [ 9.5859414, 47.489523 ], [ 9.5860551, 47.4893983 ], [ 9.5857719, 47.4891269 ], [ 9.5856812, 47.4889593 ], [ 9.5856565, 47.4887871 ], [ 9.585692, 47.4886186 ], [ 9.5857641, 47.4884262 ], [ 9.585861, 47.4882325 ], [ 9.5860773, 47.4880305 ], [ 9.586129, 47.4879151 ], [ 9.5861082, 47.4878224 ], [ 9.5860246, 47.4877522 ], [ 9.5856947, 47.4877921 ], [ 9.5854694, 47.4880621 ], [ 9.5853519, 47.4882534 ], [ 9.5850883, 47.488167 ], [ 9.5849776, 47.4885419 ], [ 9.5851519, 47.4886317 ], [ 9.5851105, 47.4889477 ], [ 9.585217, 47.4891805 ], [ 9.5853224, 47.4892492 ], [ 9.5855337, 47.4892402 ], [ 9.5856705, 47.4894088 ], [ 9.5856598, 47.489668 ], [ 9.5862472, 47.4903242 ], [ 9.5862794, 47.4906722 ], [ 9.5861587, 47.4906721 ], [ 9.5859737, 47.4904219 ], [ 9.5856169, 47.4902878 ], [ 9.5853768, 47.4901761 ], [ 9.5851618, 47.4899888 ], [ 9.5847049, 47.4898564 ], [ 9.5836508, 47.4902896 ], [ 9.5831988, 47.4906146 ], [ 9.5820093, 47.4908841 ], [ 9.5812261, 47.4911813 ], [ 9.5807433, 47.491754 ], [ 9.580569, 47.4918392 ], [ 9.5804563, 47.4918447 ], [ 9.5796904, 47.4912545 ], [ 9.5796356, 47.4912122 ], [ 9.5795819, 47.4912411 ], [ 9.5805368, 47.4919824 ], [ 9.5802632, 47.4919788 ], [ 9.5796758, 47.4921636 ], [ 9.5791501, 47.4920495 ], [ 9.5781097, 47.4924454 ], [ 9.5770271, 47.4932873 ], [ 9.5756946, 47.4935435 ], [ 9.5756805, 47.4936633 ], [ 9.5752944, 47.4938877 ], [ 9.5751705, 47.4938208 ], [ 9.5749881, 47.4937801 ], [ 9.5748224, 47.493857 ], [ 9.5745174, 47.4939184 ], [ 9.5744483, 47.4939324 ], [ 9.5744264, 47.4939368 ], [ 9.5742692, 47.4938881 ], [ 9.5742449, 47.4939344 ], [ 9.5742136, 47.4939941 ], [ 9.5740272, 47.4939718 ], [ 9.5739263, 47.4940375 ], [ 9.5739025, 47.4941238 ], [ 9.5738634, 47.494266 ], [ 9.5737184, 47.494263 ], [ 9.5733604, 47.4941493 ], [ 9.5733031, 47.4943054 ], [ 9.573183, 47.4943232 ], [ 9.5731049, 47.4942455 ], [ 9.5726086, 47.4943408 ], [ 9.5724739, 47.4944125 ], [ 9.5723726, 47.494597 ], [ 9.5720671, 47.494709 ], [ 9.5718794, 47.4948668 ], [ 9.5714912, 47.4950095 ], [ 9.5712598, 47.4951704 ], [ 9.5709419, 47.4953457 ], [ 9.570897, 47.4954466 ], [ 9.5709446, 47.4959685 ], [ 9.5708982, 47.4960613 ], [ 9.5705336, 47.4963154 ], [ 9.5701227, 47.496553 ], [ 9.5698881, 47.4968407 ], [ 9.5698271, 47.4969893 ], [ 9.5696912, 47.4971369 ], [ 9.5694574, 47.4974781 ], [ 9.5694472, 47.4976932 ], [ 9.5693951, 47.497845 ], [ 9.569169, 47.4980245 ], [ 9.5689996, 47.4982098 ], [ 9.5689149, 47.4983808 ], [ 9.5687477, 47.4985448 ], [ 9.5686849, 47.4987001 ], [ 9.5687126, 47.4989203 ], [ 9.568655, 47.4990789 ], [ 9.5685555, 47.4992889 ], [ 9.5684211, 47.4995293 ], [ 9.5683629, 47.4996947 ], [ 9.5683452, 47.4998282 ], [ 9.5683996, 47.4999255 ], [ 9.5687582, 47.4999276 ], [ 9.5687349, 47.5001008 ], [ 9.5686857, 47.5002187 ], [ 9.5687486, 47.5005155 ], [ 9.5685655, 47.5007869 ], [ 9.5685113, 47.5009726 ], [ 9.5685121, 47.501212 ], [ 9.568557, 47.5012943 ], [ 9.5682332, 47.5014117 ], [ 9.5680478, 47.5015168 ], [ 9.5679785, 47.5015721 ], [ 9.5679303, 47.5015955 ], [ 9.5677434, 47.5016375 ], [ 9.5674958, 47.5015127 ], [ 9.5673154, 47.5014114 ], [ 9.5670493, 47.5014482 ], [ 9.5668764, 47.5012907 ], [ 9.5666852, 47.5012267 ], [ 9.5664226, 47.5013154 ], [ 9.5661992, 47.5011399 ], [ 9.5659612, 47.5010803 ], [ 9.565706, 47.5010887 ], [ 9.5654431, 47.501129 ], [ 9.5650042, 47.5011163 ], [ 9.564739, 47.501024 ], [ 9.564471, 47.5007604 ], [ 9.5641921, 47.5004976 ], [ 9.5637756, 47.5002718 ], [ 9.5634107, 47.5000496 ], [ 9.5628084, 47.5000477 ], [ 9.5623652, 47.5002213 ], [ 9.5621693, 47.5003701 ], [ 9.5622283, 47.5006407 ], [ 9.5621127, 47.5008616 ], [ 9.5621735, 47.5012246 ], [ 9.562273, 47.501454 ], [ 9.5623068, 47.5016863 ], [ 9.5622085, 47.5018706 ], [ 9.5622165, 47.5021149 ], [ 9.5622965, 47.50238 ], [ 9.5623919, 47.5024988 ], [ 9.5623484, 47.5026802 ], [ 9.5624003, 47.5029804 ], [ 9.5624404, 47.5032914 ], [ 9.5625111, 47.5041168 ], [ 9.5624679, 47.5041672 ], [ 9.5624163, 47.5041855 ], [ 9.5623304, 47.5041513 ], [ 9.5622479, 47.5038939 ], [ 9.5622173, 47.5035094 ], [ 9.5621727, 47.5033284 ], [ 9.5621015, 47.5032752 ], [ 9.5621204, 47.5028017 ], [ 9.5620184, 47.5027474 ], [ 9.5620862, 47.5026417 ], [ 9.5620797, 47.5024794 ], [ 9.5618695, 47.5018636 ], [ 9.561814, 47.5018013 ], [ 9.561732, 47.501806 ], [ 9.5616954, 47.5015473 ], [ 9.5618446, 47.5015268 ], [ 9.5617207, 47.5005061 ], [ 9.5618398, 47.5003401 ], [ 9.5613409, 47.5000883 ], [ 9.5600137, 47.4991531 ], [ 9.5599663, 47.5001568 ], [ 9.5602667, 47.5004565 ], [ 9.5609478, 47.500672 ], [ 9.5611225, 47.5007779 ], [ 9.5612102, 47.5009271 ], [ 9.5612443, 47.5013391 ], [ 9.5608778, 47.5016487 ], [ 9.5610912, 47.5022967 ], [ 9.5611361, 47.5026624 ], [ 9.5612461, 47.5029411 ], [ 9.5612422, 47.5031216 ], [ 9.5613286, 47.5034109 ], [ 9.5613208, 47.503655 ], [ 9.5613561, 47.5038328 ], [ 9.5613758, 47.5039708 ], [ 9.5613561, 47.5041141 ], [ 9.5612828, 47.5041861 ], [ 9.561199, 47.504138 ], [ 9.5611597, 47.5040584 ], [ 9.5611754, 47.5038036 ], [ 9.5610968, 47.5036232 ], [ 9.5611126, 47.5033923 ], [ 9.5610379, 47.5031826 ], [ 9.5610497, 47.5029411 ], [ 9.5609598, 47.5024822 ], [ 9.5609431, 47.5023824 ], [ 9.5608041, 47.5022747 ], [ 9.5603445, 47.5020793 ], [ 9.559978, 47.5020205 ], [ 9.5598633, 47.5019512 ], [ 9.5599586, 47.5018349 ], [ 9.5601055, 47.5016672 ], [ 9.560205, 47.501459 ], [ 9.5602186, 47.5012544 ], [ 9.560057, 47.5010987 ], [ 9.5596272, 47.5011133 ], [ 9.5592074, 47.5007293 ], [ 9.5584666, 47.500675 ], [ 9.5582539, 47.5006132 ], [ 9.5584856, 47.5009066 ], [ 9.5586563, 47.5010737 ], [ 9.5587569, 47.5011517 ], [ 9.5587925, 47.5012901 ], [ 9.5588494, 47.5014901 ], [ 9.5589818, 47.501558 ], [ 9.5590273, 47.5016836 ], [ 9.5590654, 47.5017912 ], [ 9.5592485, 47.5018903 ], [ 9.5594078, 47.5019697 ], [ 9.5594041, 47.5020066 ], [ 9.5593231, 47.5020271 ], [ 9.5591808, 47.5020047 ], [ 9.5590539, 47.5019503 ], [ 9.5588606, 47.5017701 ], [ 9.5587201, 47.5015735 ], [ 9.5586816, 47.501458 ], [ 9.5586837, 47.5013412 ], [ 9.5586527, 47.5011854 ], [ 9.5585591, 47.5011305 ], [ 9.558256, 47.500821 ], [ 9.5576199, 47.5006006 ], [ 9.5573619, 47.5005838 ], [ 9.5570831, 47.5005866 ], [ 9.5570443, 47.5005819 ], [ 9.5569986, 47.5005457 ], [ 9.5569403, 47.5005688 ], [ 9.556994, 47.5006252 ], [ 9.5570009, 47.5006669 ], [ 9.557066, 47.5007327 ], [ 9.557194, 47.5009072 ], [ 9.5569612, 47.5008879 ], [ 9.5567679, 47.500971 ], [ 9.5556564, 47.5013333 ], [ 9.5550714, 47.5009933 ], [ 9.5550083, 47.5009566 ], [ 9.5552434, 47.5007653 ], [ 9.5551249, 47.5005914 ], [ 9.554945, 47.5002596 ], [ 9.5547798, 47.500049 ], [ 9.5547146, 47.4997195 ], [ 9.5550721, 47.4994787 ], [ 9.554931, 47.4992533 ], [ 9.5546611, 47.4989994 ], [ 9.55417, 47.4986197 ], [ 9.5537145, 47.4983153 ], [ 9.5544477, 47.4975471 ], [ 9.5551525, 47.497088 ], [ 9.555206, 47.4969906 ], [ 9.5550182, 47.4968267 ], [ 9.5548077, 47.4967025 ], [ 9.5548973, 47.4965145 ], [ 9.554915, 47.4962945 ], [ 9.5549416, 47.4960503 ], [ 9.5547442, 47.4959028 ], [ 9.5546461, 47.4957587 ], [ 9.5544129, 47.4957326 ], [ 9.5542502, 47.4953535 ], [ 9.5536522, 47.4953073 ], [ 9.5535786, 47.4952452 ], [ 9.553482, 47.4951636 ], [ 9.5531032, 47.4950884 ], [ 9.5528536, 47.4949855 ], [ 9.5526671, 47.494845 ], [ 9.5527872, 47.4945258 ], [ 9.5528431, 47.4943928 ], [ 9.5527597, 47.4942646 ], [ 9.552384, 47.4942446 ], [ 9.5522796, 47.4940542 ], [ 9.5520837, 47.4940101 ], [ 9.5520032, 47.4940935 ], [ 9.5520971, 47.4942091 ], [ 9.5515603, 47.4943719 ], [ 9.5513617, 47.4942265 ], [ 9.5511094, 47.4940293 ], [ 9.5506597, 47.4938811 ], [ 9.5504026, 47.4937005 ], [ 9.5498688, 47.4933347 ], [ 9.5496204, 47.4930922 ], [ 9.5496102, 47.4929148 ], [ 9.5497666, 47.4926528 ], [ 9.5499418, 47.4924474 ], [ 9.549768, 47.4923143 ], [ 9.54946, 47.4926458 ], [ 9.5493515, 47.4926888 ], [ 9.5492037, 47.4925131 ], [ 9.549084, 47.4922833 ], [ 9.5490495, 47.492217 ], [ 9.5485711, 47.4917498 ], [ 9.5483608, 47.4917428 ], [ 9.5480823, 47.4916 ], [ 9.5479462, 47.4915179 ], [ 9.5480148, 47.4913928 ], [ 9.5480959, 47.4912836 ], [ 9.5481072, 47.4911908 ], [ 9.5479015, 47.4910916 ], [ 9.5475987, 47.490997 ], [ 9.5473324, 47.4910037 ], [ 9.5471244, 47.4910279 ], [ 9.5466443, 47.4911394 ], [ 9.5465278, 47.4911714 ], [ 9.5464426, 47.4912535 ], [ 9.5463625, 47.491397 ], [ 9.5463523, 47.4913898 ], [ 9.5463508, 47.4913766 ], [ 9.5464064, 47.4912718 ], [ 9.5464904, 47.4911278 ], [ 9.5464609, 47.4910774 ], [ 9.5468911, 47.4907033 ], [ 9.5469603, 47.4905689 ], [ 9.5471235, 47.4905308 ], [ 9.5477862, 47.4908106 ], [ 9.5480541, 47.4904955 ], [ 9.5477179, 47.4903149 ], [ 9.5478506, 47.4902312 ], [ 9.5478259, 47.4902105 ], [ 9.5477993, 47.4901882 ], [ 9.547648, 47.4903005 ], [ 9.5475147, 47.4901859 ], [ 9.5482678, 47.4899452 ], [ 9.5480253, 47.4896858 ], [ 9.5475316, 47.4899046 ], [ 9.5469954, 47.490292 ], [ 9.5464563, 47.4908147 ], [ 9.5461146, 47.4910958 ], [ 9.5460059, 47.4910807 ], [ 9.5459439, 47.4910868 ], [ 9.5458328, 47.4911199 ], [ 9.5458135, 47.4911644 ], [ 9.5458225, 47.4912352 ], [ 9.5457773, 47.4911383 ], [ 9.5457463, 47.4910999 ], [ 9.5455796, 47.4910353 ], [ 9.5455745, 47.4910178 ], [ 9.5457424, 47.4910737 ], [ 9.5457786, 47.4910894 ], [ 9.5458496, 47.4910789 ], [ 9.5459194, 47.4910545 ], [ 9.5459478, 47.4910265 ], [ 9.5459731, 47.4909774 ], [ 9.5458528, 47.490629 ], [ 9.5451559, 47.4893727 ], [ 9.5451761, 47.4892833 ], [ 9.5453736, 47.4892774 ], [ 9.5455885, 47.4893342 ], [ 9.5457311, 47.4895949 ], [ 9.5459709, 47.4895233 ], [ 9.5457642, 47.4891859 ], [ 9.545529, 47.4890912 ], [ 9.5453364, 47.4890929 ], [ 9.5450711, 47.489022 ], [ 9.5449952, 47.4888673 ], [ 9.5447396, 47.4885979 ], [ 9.5443357, 47.4883261 ], [ 9.5440879, 47.4880028 ], [ 9.5445467, 47.4873856 ], [ 9.5441926, 47.4866155 ], [ 9.5443308, 47.4865898 ], [ 9.5442849, 47.4864574 ], [ 9.5441235, 47.486476 ], [ 9.5440461, 47.4862051 ], [ 9.5438954, 47.4858858 ], [ 9.5439387, 47.4858112 ], [ 9.5440357, 47.4857899 ], [ 9.5441722, 47.4857943 ], [ 9.5441821, 47.4857518 ], [ 9.5441828, 47.485706 ], [ 9.5440352, 47.4856393 ], [ 9.5439351, 47.4855083 ], [ 9.5432747, 47.4848805 ], [ 9.5434438, 47.4847676 ], [ 9.5433969, 47.4847057 ], [ 9.5432836, 47.4846625 ], [ 9.5433143, 47.4845683 ], [ 9.5432125, 47.4844368 ], [ 9.5431502, 47.4845802 ], [ 9.5431314, 47.4845878 ], [ 9.5427205, 47.4844906 ], [ 9.5425756, 47.4844579 ], [ 9.5426984, 47.4847499 ], [ 9.5428224, 47.4848353 ], [ 9.5430929, 47.4849325 ], [ 9.5433911, 47.4851188 ], [ 9.5437674, 47.4854586 ], [ 9.5437825, 47.4855822 ], [ 9.5436619, 47.4856712 ], [ 9.5436631, 47.4855272 ], [ 9.5435104, 47.485413 ], [ 9.5431923, 47.4851584 ], [ 9.5427072, 47.4848175 ], [ 9.5424638, 47.4847259 ], [ 9.5423208, 47.484619 ], [ 9.5423217, 47.4844635 ], [ 9.5424878, 47.4843459 ], [ 9.5423811, 47.48421 ], [ 9.5421024, 47.4841335 ], [ 9.5418802, 47.4842357 ], [ 9.5418423, 47.4842471 ], [ 9.5417934, 47.4842399 ], [ 9.541763, 47.4842121 ], [ 9.5417156, 47.4841192 ], [ 9.5416561, 47.484046 ], [ 9.5415708, 47.483983 ], [ 9.5410822, 47.4838779 ], [ 9.5410883, 47.4838624 ], [ 9.5406747, 47.4837809 ], [ 9.5404122, 47.4836964 ], [ 9.540313, 47.4836613 ], [ 9.5402367, 47.4836242 ], [ 9.5401558, 47.4835623 ], [ 9.5401251, 47.4834952 ], [ 9.5401253, 47.4834416 ], [ 9.5401619, 47.4833601 ], [ 9.5401589, 47.4833374 ], [ 9.5402428, 47.483232 ], [ 9.5402901, 47.4831466 ], [ 9.5403481, 47.4829414 ], [ 9.5403035, 47.4828196 ], [ 9.5402341, 47.4827056 ], [ 9.5402504, 47.4826899 ], [ 9.5402266, 47.4826654 ], [ 9.5402341, 47.4826339 ], [ 9.5396287, 47.4823362 ], [ 9.5389094, 47.4820487 ], [ 9.5385976, 47.4819854 ], [ 9.5385312, 47.481963 ], [ 9.5384799, 47.4819377 ], [ 9.5379903, 47.4818287 ], [ 9.5379142, 47.4819917 ], [ 9.5378414, 47.4821622 ], [ 9.5369808, 47.481967 ], [ 9.5334854, 47.4811762 ], [ 9.5334088, 47.4813447 ], [ 9.532975, 47.4812461 ], [ 9.5326613, 47.4815219 ], [ 9.5323352, 47.4821282 ], [ 9.5319806, 47.4828319 ], [ 9.5324741, 47.4829634 ], [ 9.5324824, 47.4829727 ], [ 9.5324771, 47.4829804 ], [ 9.5324648, 47.4829832 ], [ 9.5314161, 47.4827051 ], [ 9.5314051, 47.4827005 ], [ 9.5313953, 47.4826927 ], [ 9.5313882, 47.4826834 ], [ 9.5313854, 47.4826721 ], [ 9.5313887, 47.4826604 ], [ 9.5324079, 47.4813083 ], [ 9.5324175, 47.481285 ], [ 9.5324168, 47.4812607 ], [ 9.5324004, 47.4812382 ], [ 9.5323749, 47.4812177 ], [ 9.5322334, 47.4811225 ], [ 9.5320563, 47.4810255 ], [ 9.5318252, 47.4808957 ], [ 9.53165, 47.4808252 ], [ 9.5316351, 47.4807925 ], [ 9.5315028, 47.4807169 ], [ 9.5313332, 47.4806463 ], [ 9.5306715, 47.4804763 ], [ 9.530761, 47.4803352 ], [ 9.5305778, 47.4803287 ], [ 9.530358, 47.48078 ], [ 9.5302445, 47.4807722 ], [ 9.5302074, 47.480829 ], [ 9.5301291, 47.4808529 ], [ 9.5300287, 47.4808539 ], [ 9.5299048, 47.4810675 ], [ 9.5299096, 47.4811294 ], [ 9.5298807, 47.4811734 ], [ 9.5298229, 47.4812027 ], [ 9.5297215, 47.4812112 ], [ 9.5295916, 47.4811563 ], [ 9.5295097, 47.4810781 ], [ 9.5292759, 47.4809901 ], [ 9.5289327, 47.4809201 ], [ 9.5286291, 47.4808745 ], [ 9.5283316, 47.4808533 ], [ 9.5280449, 47.4807703 ], [ 9.5280049, 47.4807424 ], [ 9.527979, 47.480595 ], [ 9.5279489, 47.4804994 ], [ 9.5278646, 47.4803946 ], [ 9.5277728, 47.4803131 ], [ 9.5276614, 47.4802328 ], [ 9.5275063, 47.4801636 ], [ 9.5273467, 47.4801259 ], [ 9.527175, 47.4801107 ], [ 9.5269311, 47.4801259 ], [ 9.5266957, 47.4801456 ], [ 9.5265963, 47.4801771 ], [ 9.5265338, 47.4802333 ], [ 9.5264502, 47.4803085 ], [ 9.5263752, 47.4803759 ], [ 9.5263564, 47.4804745 ], [ 9.5263375, 47.4804792 ], [ 9.5263023, 47.4804045 ], [ 9.5261658, 47.4803727 ], [ 9.5261269, 47.4803496 ], [ 9.5258972, 47.4803496 ], [ 9.5257191, 47.480369 ], [ 9.525633, 47.4804039 ], [ 9.5255976, 47.4804681 ], [ 9.5255683, 47.480546 ], [ 9.5254965, 47.4807055 ], [ 9.5252304, 47.4806748 ], [ 9.5248001, 47.4806252 ], [ 9.5248346, 47.4805088 ], [ 9.5245876, 47.480369 ], [ 9.5240362, 47.4803186 ], [ 9.5240248, 47.4802681 ], [ 9.5236687, 47.4802137 ], [ 9.5217155, 47.4800975 ], [ 9.5190623, 47.4798062 ], [ 9.5175945, 47.4796197 ], [ 9.5173957, 47.4800859 ], [ 9.5163959, 47.4800114 ], [ 9.5159352, 47.47969 ], [ 9.5131564, 47.479487 ], [ 9.5113786, 47.4793486 ], [ 9.511207, 47.4794704 ], [ 9.5098567, 47.4793287 ], [ 9.5093079, 47.4792649 ], [ 9.5088571, 47.4792783 ], [ 9.5086722, 47.4792974 ], [ 9.5082767, 47.4793383 ], [ 9.5075941, 47.4794088 ], [ 9.5065908, 47.479388 ], [ 9.5060255, 47.4793262 ], [ 9.5059881, 47.4793223 ], [ 9.505958, 47.4793247 ], [ 9.5058282, 47.4793306 ], [ 9.5058069, 47.4793425 ], [ 9.5056357, 47.4793272 ], [ 9.5054795, 47.4792551 ], [ 9.5054806, 47.4792425 ], [ 9.5054177, 47.4792101 ], [ 9.5026563, 47.4786388 ], [ 9.5019995, 47.4786436 ], [ 9.502017, 47.4785851 ], [ 9.5020299, 47.4785422 ], [ 9.5020416, 47.4784726 ], [ 9.5021576, 47.4784702 ], [ 9.5021622, 47.4784357 ], [ 9.5021644, 47.4784011 ], [ 9.5020717, 47.4783691 ], [ 9.5020776, 47.4783045 ], [ 9.5013086, 47.4782143 ], [ 9.5003757, 47.4781398 ], [ 9.499902, 47.4781144 ], [ 9.4992964, 47.4780623 ], [ 9.499029, 47.4782189 ], [ 9.4990003, 47.4782051 ], [ 9.4989348, 47.4782479 ], [ 9.4989002, 47.4782705 ], [ 9.4985491, 47.4780509 ], [ 9.4975421, 47.4782853 ], [ 9.4975503, 47.4783007 ], [ 9.4974872, 47.478316 ], [ 9.497479, 47.4783005 ], [ 9.4966108, 47.4785082 ], [ 9.4966142, 47.4785283 ], [ 9.4966044, 47.4785475 ], [ 9.4965832, 47.4785618 ], [ 9.4965549, 47.4785685 ], [ 9.4965251, 47.4785663 ], [ 9.4964997, 47.4785555 ], [ 9.4964837, 47.4785384 ], [ 9.4953538, 47.4788157 ], [ 9.4953269, 47.4788388 ], [ 9.4944165, 47.4790581 ], [ 9.4945946, 47.4793806 ], [ 9.494614, 47.4793841 ], [ 9.4946282, 47.4793937 ], [ 9.4946333, 47.4794069 ], [ 9.4946281, 47.47942 ], [ 9.4946138, 47.4794295 ], [ 9.4945944, 47.479433 ], [ 9.494575, 47.4794295 ], [ 9.4945604, 47.479423 ], [ 9.4940495, 47.4793539 ], [ 9.4936589, 47.4792943 ], [ 9.4935504, 47.4792841 ], [ 9.4934386, 47.4792768 ], [ 9.493336, 47.4792824 ], [ 9.4932258, 47.4793055 ], [ 9.4930493, 47.4793472 ], [ 9.4930424, 47.4793397 ], [ 9.4927726, 47.4794154 ], [ 9.4926212, 47.4794906 ], [ 9.4925375, 47.4795302 ], [ 9.4922789, 47.479704 ], [ 9.4920494, 47.4797977 ], [ 9.4920119, 47.4798049 ], [ 9.491945, 47.4798097 ], [ 9.4918664, 47.4798133 ], [ 9.4917834, 47.4798139 ], [ 9.491684, 47.4798137 ], [ 9.4915874, 47.4798052 ], [ 9.4915088, 47.4797943 ], [ 9.4914285, 47.4797774 ], [ 9.4913472, 47.4797527 ], [ 9.4912687, 47.4797189 ], [ 9.4911601, 47.4796651 ], [ 9.4909557, 47.4796237 ], [ 9.4908083, 47.4796109 ], [ 9.4906733, 47.4796064 ], [ 9.4905292, 47.4796102 ], [ 9.4893222, 47.4797128 ], [ 9.4888575, 47.4797753 ], [ 9.4888592, 47.4798007 ], [ 9.48883, 47.4798054 ], [ 9.4888116, 47.479778 ], [ 9.4887878, 47.4796625 ], [ 9.4887469, 47.4796661 ], [ 9.4887429, 47.4796502 ], [ 9.4871106, 47.479821 ], [ 9.486781, 47.4798605 ], [ 9.4861968, 47.479938 ], [ 9.4852663, 47.4800926 ], [ 9.4852361, 47.4801005 ], [ 9.4852224, 47.4801124 ], [ 9.4852166, 47.4801315 ], [ 9.4853471, 47.4804643 ], [ 9.4853441, 47.4804768 ], [ 9.4853295, 47.4804847 ], [ 9.48531, 47.4804913 ], [ 9.4852427, 47.4805052 ], [ 9.4848783, 47.4806088 ], [ 9.4848676, 47.4805943 ], [ 9.4846053, 47.4806542 ], [ 9.4845987, 47.4806829 ], [ 9.4836638, 47.4808884 ], [ 9.4836699, 47.4809054 ], [ 9.4836206, 47.4809179 ], [ 9.4836313, 47.4809443 ], [ 9.4830269, 47.4810902 ], [ 9.4830247, 47.4811381 ], [ 9.482916, 47.481163 ], [ 9.4827213, 47.4809975 ], [ 9.4823004, 47.4810444 ], [ 9.4820756, 47.4810875 ], [ 9.4819661, 47.4811145 ], [ 9.4817339, 47.4811964 ], [ 9.48168, 47.4812214 ], [ 9.4816611, 47.4812028 ], [ 9.4815616, 47.4812444 ], [ 9.4815856, 47.4812712 ], [ 9.4815479, 47.4812869 ], [ 9.481573, 47.4813136 ], [ 9.4815057, 47.4813426 ], [ 9.4814879, 47.4813503 ], [ 9.4813388, 47.481419 ], [ 9.4808399, 47.4816951 ], [ 9.4802803, 47.482047 ], [ 9.4801857, 47.4820977 ], [ 9.479303, 47.4827594 ], [ 9.4792817, 47.4827872 ], [ 9.4792893, 47.4828139 ], [ 9.4793396, 47.4828531 ], [ 9.4793577, 47.4828871 ], [ 9.4793435, 47.4829186 ], [ 9.4792957, 47.4829601 ], [ 9.4792333, 47.4830082 ], [ 9.4791914, 47.4830154 ], [ 9.4791329, 47.4829963 ], [ 9.4789243, 47.4831927 ], [ 9.4789915, 47.4832236 ], [ 9.4790159, 47.483248 ], [ 9.4790159, 47.4832816 ], [ 9.4789837, 47.4833381 ], [ 9.4787831, 47.4836234 ], [ 9.4787393, 47.4836465 ], [ 9.4786601, 47.4836432 ], [ 9.4785032, 47.4835954 ], [ 9.4784802, 47.483617 ], [ 9.4784546, 47.4836409 ], [ 9.4785377, 47.4836776 ], [ 9.4786759, 47.4837157 ], [ 9.4786544, 47.483761 ], [ 9.4789173, 47.4838634 ], [ 9.4788697, 47.4839037 ], [ 9.4789314, 47.4839645 ], [ 9.4789126, 47.4840175 ], [ 9.4788616, 47.4841407 ], [ 9.4787416, 47.4843034 ], [ 9.4783104, 47.4847992 ], [ 9.4781703, 47.4849152 ], [ 9.4780784, 47.4849605 ], [ 9.4780299, 47.4849958 ], [ 9.4779169, 47.4850768 ], [ 9.4779004, 47.4850885 ], [ 9.4778789, 47.4850953 ], [ 9.477851, 47.4850962 ], [ 9.4778252, 47.4850891 ], [ 9.4776635, 47.4851766 ], [ 9.4776212, 47.485216 ], [ 9.4775073, 47.4852769 ], [ 9.4774567, 47.4853126 ], [ 9.477389, 47.4853554 ], [ 9.4773474, 47.4854037 ], [ 9.477309, 47.4854709 ], [ 9.4772673, 47.4855698 ], [ 9.4772247, 47.4856699 ], [ 9.477202, 47.4857263 ], [ 9.4771574, 47.4857476 ], [ 9.4771348, 47.485756 ], [ 9.477113, 47.4857968 ], [ 9.4770483, 47.4858059 ], [ 9.477035, 47.4858204 ], [ 9.4770355, 47.4858618 ], [ 9.4770392, 47.4859772 ], [ 9.4770371, 47.4860162 ], [ 9.4770365, 47.4861574 ], [ 9.476915, 47.4861943 ], [ 9.4768815, 47.4863377 ], [ 9.476858, 47.4864384 ], [ 9.476858, 47.4864809 ], [ 9.476848, 47.4865403 ], [ 9.4768793, 47.4865806 ], [ 9.4768992, 47.4866412 ], [ 9.476858, 47.4868291 ], [ 9.4768603, 47.4870288 ], [ 9.4769607, 47.4872048 ], [ 9.4770962, 47.4873617 ], [ 9.4770752, 47.4875433 ], [ 9.4770841, 47.4876167 ], [ 9.4771483, 47.4876673 ], [ 9.4770544, 47.4883342 ], [ 9.4770139, 47.4884689 ], [ 9.4769646, 47.4886326 ], [ 9.4769423, 47.4886464 ], [ 9.4769412, 47.4886559 ], [ 9.4769225, 47.4888149 ], [ 9.4771541, 47.4888767 ], [ 9.4771464, 47.4889786 ], [ 9.4771578, 47.488986 ], [ 9.477247, 47.4890435 ], [ 9.4772835, 47.4893203 ], [ 9.4772698, 47.4894305 ], [ 9.477282, 47.4894634 ], [ 9.4773231, 47.4894902 ], [ 9.4773902, 47.489521 ], [ 9.4774374, 47.4895468 ], [ 9.4774709, 47.4895849 ], [ 9.4774709, 47.4896178 ], [ 9.4774557, 47.4896477 ], [ 9.4774343, 47.4896641 ], [ 9.4773886, 47.4896806 ], [ 9.4773247, 47.4896878 ], [ 9.4772713, 47.4896734 ], [ 9.4772165, 47.4896435 ], [ 9.477183, 47.4896631 ], [ 9.47669, 47.48948 ], [ 9.4765943, 47.4894818 ], [ 9.4765779, 47.4895906 ], [ 9.4769499, 47.4898523 ], [ 9.4769408, 47.4899007 ], [ 9.4768585, 47.4899593 ], [ 9.4765569, 47.4900026 ], [ 9.4758349, 47.4902105 ], [ 9.4756049, 47.4902496 ], [ 9.475314, 47.4903361 ], [ 9.4746559, 47.4905687 ], [ 9.4743041, 47.4906726 ], [ 9.4738913, 47.4908105 ], [ 9.4736171, 47.4909145 ], [ 9.4735485, 47.4909588 ], [ 9.4734122, 47.491051 ], [ 9.4733335, 47.4910955 ], [ 9.4732449, 47.4911499 ], [ 9.4732759, 47.4911842 ], [ 9.4731736, 47.4912158 ], [ 9.473182, 47.4912309 ], [ 9.4731792, 47.491247 ], [ 9.4731659, 47.4912604 ], [ 9.4731434, 47.4912685 ], [ 9.473118, 47.4912682 ], [ 9.4730959, 47.4912596 ], [ 9.4729667, 47.4913368 ], [ 9.4729851, 47.4913663 ], [ 9.4729378, 47.491391 ], [ 9.4729041, 47.4913743 ], [ 9.47263, 47.4915382 ], [ 9.472416, 47.4917448 ], [ 9.4722745, 47.4917026 ], [ 9.4722288, 47.4917505 ], [ 9.4721975, 47.4917829 ], [ 9.4722414, 47.4917997 ], [ 9.4722804, 47.4918082 ], [ 9.4723217, 47.4918139 ], [ 9.4723561, 47.4918155 ], [ 9.4723935, 47.4918103 ], [ 9.4724239, 47.4917976 ], [ 9.4724426, 47.4917823 ], [ 9.4724551, 47.4917681 ], [ 9.4724684, 47.4917528 ], [ 9.4724785, 47.491746 ], [ 9.472491, 47.4917454 ], [ 9.4724996, 47.4917512 ], [ 9.4724972, 47.4917576 ], [ 9.4724886, 47.4917623 ], [ 9.4724769, 47.4917602 ], [ 9.4724551, 47.491785 ], [ 9.4724286, 47.4918055 ], [ 9.472399, 47.4918166 ], [ 9.4723607, 47.4918229 ], [ 9.4723264, 47.4918213 ], [ 9.4722898, 47.4918182 ], [ 9.4721893, 47.4918856 ], [ 9.4718688, 47.4919895 ], [ 9.4717416, 47.4920427 ], [ 9.4715108, 47.492176 ], [ 9.4714188, 47.4922176 ], [ 9.4713712, 47.4922466 ], [ 9.4713548, 47.4922666 ], [ 9.4713205, 47.4922788 ], [ 9.4712792, 47.492274 ], [ 9.4710678, 47.4924195 ], [ 9.4709984, 47.492488 ], [ 9.4710179, 47.4925085 ], [ 9.4709836, 47.4925317 ], [ 9.4709631, 47.4925562 ], [ 9.4709173, 47.4925957 ], [ 9.4709152, 47.4926186 ], [ 9.4709757, 47.4926572 ], [ 9.4709601, 47.4926988 ], [ 9.4709358, 47.4927349 ], [ 9.4708232, 47.4928285 ], [ 9.4707127, 47.4929219 ], [ 9.4705192, 47.4930475 ], [ 9.4703933, 47.4931859 ], [ 9.4699837, 47.4934344 ], [ 9.4698288, 47.49357 ], [ 9.4697579, 47.49363 ], [ 9.4697037, 47.4936939 ], [ 9.4696876, 47.4937413 ], [ 9.4697393, 47.4937887 ], [ 9.46989, 47.4938353 ], [ 9.4698038, 47.4939371 ], [ 9.4697574, 47.4939632 ], [ 9.4696849, 47.4938915 ], [ 9.4696017, 47.4938596 ], [ 9.4694844, 47.4938421 ], [ 9.4692377, 47.4937875 ], [ 9.4689375, 47.4939854 ], [ 9.4688979, 47.4939761 ], [ 9.468869, 47.494009 ], [ 9.4688827, 47.4940183 ], [ 9.468773, 47.4941686 ], [ 9.4688964, 47.4942128 ], [ 9.4687261, 47.4945207 ], [ 9.4687413, 47.4945506 ], [ 9.4687671, 47.4945807 ], [ 9.4688188, 47.4946018 ], [ 9.4689204, 47.4946122 ], [ 9.4691028, 47.4946157 ], [ 9.4691012, 47.4946239 ], [ 9.4692141, 47.494622 ], [ 9.4693079, 47.4946218 ], [ 9.46933, 47.4944876 ], [ 9.4693489, 47.4944891 ], [ 9.4693642, 47.4944902 ], [ 9.4693569, 47.4946255 ], [ 9.4693496, 47.4946419 ], [ 9.469332, 47.4946505 ], [ 9.4692025, 47.4946619 ], [ 9.4690392, 47.4946692 ], [ 9.4689395, 47.4946917 ], [ 9.4680041, 47.4951454 ], [ 9.4679614, 47.4951465 ], [ 9.4679249, 47.4951321 ], [ 9.46787, 47.4951063 ], [ 9.4678502, 47.4950878 ], [ 9.467477, 47.4952154 ], [ 9.4674192, 47.4951393 ], [ 9.4672196, 47.4952113 ], [ 9.4672454, 47.4952669 ], [ 9.4672501, 47.4952772 ], [ 9.4672714, 47.4953688 ], [ 9.4672729, 47.4954635 ], [ 9.4672303, 47.4955726 ], [ 9.4671906, 47.4956739 ], [ 9.4671133, 47.4957684 ], [ 9.4669467, 47.495883 ], [ 9.4664361, 47.4961441 ], [ 9.465881, 47.4963923 ], [ 9.4652164, 47.4966614 ], [ 9.4650885, 47.4966604 ], [ 9.4649773, 47.4966377 ], [ 9.4649498, 47.4966562 ], [ 9.464863, 47.4966315 ], [ 9.4647914, 47.4965873 ], [ 9.4647488, 47.4965564 ], [ 9.4647518, 47.4965266 ], [ 9.4647808, 47.496508 ], [ 9.464831, 47.4964947 ], [ 9.4648722, 47.4964957 ], [ 9.4649255, 47.4965657 ], [ 9.4651155, 47.4965143 ], [ 9.4651692, 47.4964998 ], [ 9.4651799, 47.4964864 ], [ 9.4649894, 47.4960408 ], [ 9.4648691, 47.4960542 ], [ 9.4648145, 47.4959367 ], [ 9.4647914, 47.4958895 ], [ 9.4630138, 47.4962333 ], [ 9.4630203, 47.4962755 ], [ 9.4630678, 47.4965448 ], [ 9.4630798, 47.4966124 ], [ 9.4638914, 47.4965609 ], [ 9.4640424, 47.4965809 ], [ 9.4643897, 47.4966392 ], [ 9.4645557, 47.4966849 ], [ 9.4646258, 47.4967332 ], [ 9.4646593, 47.4967682 ], [ 9.4646654, 47.4968022 ], [ 9.4646517, 47.4968176 ], [ 9.4646151, 47.4968248 ], [ 9.4644948, 47.4967744 ], [ 9.4639952, 47.4966828 ], [ 9.463464, 47.496678 ], [ 9.4631175, 47.496696 ], [ 9.4629401, 47.4967743 ], [ 9.4625425, 47.4969777 ], [ 9.4624511, 47.4970446 ], [ 9.4623863, 47.4970742 ], [ 9.4623349, 47.4970807 ], [ 9.4622645, 47.4970395 ], [ 9.4621864, 47.4969726 ], [ 9.4620874, 47.4969276 ], [ 9.4620455, 47.496907 ], [ 9.4621717, 47.4968502 ], [ 9.4622095, 47.496851 ], [ 9.4623691, 47.4969589 ], [ 9.4627899, 47.4967664 ], [ 9.4628857, 47.4967115 ], [ 9.4627159, 47.4964786 ], [ 9.4625753, 47.4962834 ], [ 9.461839, 47.4964774 ], [ 9.4619414, 47.4966609 ], [ 9.4620803, 47.4967555 ], [ 9.4620633, 47.4967712 ], [ 9.4619487, 47.4966987 ], [ 9.4618792, 47.4966971 ], [ 9.4618171, 47.4967086 ], [ 9.4617233, 47.4967276 ], [ 9.4616099, 47.4967366 ], [ 9.461521, 47.4967506 ], [ 9.4613577, 47.4968091 ], [ 9.4613077, 47.4968305 ], [ 9.4612882, 47.4968543 ], [ 9.461303, 47.4969206 ], [ 9.4612771, 47.4969266 ], [ 9.4612163, 47.4968634 ], [ 9.4604194, 47.4971227 ], [ 9.460066, 47.4971935 ], [ 9.4599344, 47.4972026 ], [ 9.4598978, 47.4972429 ], [ 9.4598247, 47.4972701 ], [ 9.4597431, 47.4972454 ], [ 9.4596273, 47.4972701 ], [ 9.4595664, 47.4972989 ], [ 9.4595188, 47.4973492 ], [ 9.4590448, 47.4975097 ], [ 9.4590155, 47.4975278 ], [ 9.4589119, 47.4975581 ], [ 9.4587341, 47.4976101 ], [ 9.4586329, 47.4976011 ], [ 9.4585951, 47.4976151 ], [ 9.4585622, 47.4976587 ], [ 9.4583429, 47.4977575 ], [ 9.4581465, 47.4978406 ], [ 9.4581284, 47.497853 ], [ 9.4576836, 47.4980704 ], [ 9.4575471, 47.4981148 ], [ 9.4575045, 47.4981445 ], [ 9.4573038, 47.4981914 ], [ 9.457161, 47.4981874 ], [ 9.4569777, 47.4980564 ], [ 9.4569479, 47.4980106 ], [ 9.4567913, 47.4976243 ], [ 9.4567343, 47.4975278 ], [ 9.4567428, 47.4976442 ], [ 9.456932, 47.4982155 ], [ 9.4567892, 47.4983663 ], [ 9.4566612, 47.4984507 ], [ 9.4564143, 47.4985271 ], [ 9.4561346, 47.4986115 ], [ 9.4551082, 47.4990396 ], [ 9.4547631, 47.4992044 ], [ 9.4546239, 47.4992515 ], [ 9.4545668, 47.4992708 ], [ 9.4543198, 47.499317 ], [ 9.4542498, 47.4993536 ], [ 9.4541562, 47.4993833 ], [ 9.4540045, 47.4994014 ], [ 9.4538587, 47.4993652 ], [ 9.4537333, 47.4993117 ], [ 9.4536767, 47.4993302 ], [ 9.4536504, 47.4993407 ], [ 9.4537552, 47.4994366 ], [ 9.4538133, 47.4995878 ], [ 9.4542091, 47.499806 ], [ 9.4541867, 47.4998292 ], [ 9.4538533, 47.4996721 ], [ 9.4537819, 47.4996599 ], [ 9.4536152, 47.4996698 ], [ 9.4535304, 47.4996844 ], [ 9.4533363, 47.4997521 ], [ 9.4533268, 47.4997772 ], [ 9.453304, 47.4997984 ], [ 9.4532639, 47.4998139 ], [ 9.453222, 47.4998145 ], [ 9.4531811, 47.4998049 ], [ 9.4531515, 47.4997746 ], [ 9.4531439, 47.4997379 ], [ 9.4531658, 47.4997109 ], [ 9.4532157, 47.4996847 ], [ 9.4532217, 47.4996638 ], [ 9.4532198, 47.4996432 ], [ 9.4533198, 47.4994951 ], [ 9.4532423, 47.4994734 ], [ 9.4532135, 47.4995131 ], [ 9.453015, 47.4992126 ], [ 9.4529531, 47.4991579 ], [ 9.4527825, 47.4991064 ], [ 9.4526311, 47.4991012 ], [ 9.4524939, 47.4991051 ], [ 9.4523414, 47.4991328 ], [ 9.4521471, 47.499181 ], [ 9.4517736, 47.4993348 ], [ 9.4516761, 47.4993888 ], [ 9.4511897, 47.499658 ], [ 9.451103, 47.4997217 ], [ 9.4510011, 47.499759 ], [ 9.4510077, 47.4997802 ], [ 9.4510697, 47.4997635 ], [ 9.451103, 47.4997635 ], [ 9.4511259, 47.4997828 ], [ 9.451184, 47.4999418 ], [ 9.4512383, 47.5000107 ], [ 9.4513354, 47.5001066 ], [ 9.4514336, 47.5001503 ], [ 9.4515507, 47.5001555 ], [ 9.4519175, 47.5001033 ], [ 9.4521795, 47.500019 ], [ 9.4524158, 47.499983 ], [ 9.4527559, 47.4999875 ], [ 9.4529864, 47.5000197 ], [ 9.4530731, 47.4999997 ], [ 9.453195, 47.4999849 ], [ 9.4533044, 47.4999593 ], [ 9.4533282, 47.4999349 ], [ 9.4533663, 47.4999149 ], [ 9.4534158, 47.499913 ], [ 9.4534615, 47.4999226 ], [ 9.4534892, 47.4999574 ], [ 9.4534882, 47.4999819 ], [ 9.4534558, 47.5000192 ], [ 9.4535161, 47.5001149 ], [ 9.4534951, 47.5001819 ], [ 9.4534494, 47.5001922 ], [ 9.4533913, 47.5001529 ], [ 9.4533351, 47.500169 ], [ 9.4532465, 47.5002102 ], [ 9.4530769, 47.5002578 ], [ 9.4528673, 47.5002932 ], [ 9.452611, 47.5003209 ], [ 9.4523243, 47.5003505 ], [ 9.4520728, 47.5003769 ], [ 9.4517166, 47.5004263 ], [ 9.4515073, 47.5004911 ], [ 9.451234, 47.5005009 ], [ 9.4510451, 47.5005716 ], [ 9.4506119, 47.5007739 ], [ 9.450295, 47.500933 ], [ 9.449949, 47.500988 ], [ 9.4497455, 47.5010312 ], [ 9.4496292, 47.5011157 ], [ 9.4494751, 47.5013416 ], [ 9.4493995, 47.5014496 ], [ 9.4493374, 47.5015243 ], [ 9.4492972, 47.5015444 ], [ 9.4492585, 47.5015947 ], [ 9.4492227, 47.5016248 ], [ 9.4491796, 47.5016319 ], [ 9.4491275, 47.5016218 ], [ 9.4491022, 47.5015987 ], [ 9.4490977, 47.5015695 ], [ 9.4491081, 47.5015353 ], [ 9.4491394, 47.5015182 ], [ 9.4491766, 47.5015042 ], [ 9.4492034, 47.5014871 ], [ 9.4492242, 47.5014458 ], [ 9.4492391, 47.5013895 ], [ 9.4492346, 47.5013362 ], [ 9.4491275, 47.5012487 ], [ 9.4490397, 47.5011864 ], [ 9.4489563, 47.5011381 ], [ 9.448713, 47.5010433 ], [ 9.4486313, 47.5011367 ], [ 9.4485257, 47.5010945 ], [ 9.4481986, 47.501304 ], [ 9.4482143, 47.5013227 ], [ 9.4482329, 47.5013433 ], [ 9.4480989, 47.5014086 ], [ 9.4480126, 47.501484 ], [ 9.4479694, 47.5015494 ], [ 9.4478741, 47.5017596 ], [ 9.4477506, 47.5018028 ], [ 9.447639, 47.5019597 ], [ 9.4474901, 47.5022684 ], [ 9.4474827, 47.5023106 ], [ 9.4474975, 47.5023458 ], [ 9.4475601, 47.502372 ], [ 9.4479247, 47.5024896 ], [ 9.4481361, 47.5025379 ], [ 9.4482597, 47.5025309 ], [ 9.4483445, 47.5024957 ], [ 9.4484755, 47.5024554 ], [ 9.4486407, 47.5023981 ], [ 9.4487539, 47.5023458 ], [ 9.4487713, 47.5023344 ], [ 9.4488476, 47.5022845 ], [ 9.4489503, 47.502199 ], [ 9.4490932, 47.5020723 ], [ 9.4493254, 47.5018511 ], [ 9.4493433, 47.5018209 ], [ 9.4493403, 47.5017797 ], [ 9.4493582, 47.5017465 ], [ 9.4494103, 47.5017173 ], [ 9.4494713, 47.5017133 ], [ 9.4495309, 47.5017375 ], [ 9.4495472, 47.5017626 ], [ 9.4495443, 47.5018008 ], [ 9.4495085, 47.5018511 ], [ 9.4495085, 47.5018933 ], [ 9.4494535, 47.5019828 ], [ 9.4494103, 47.5021025 ], [ 9.4491513, 47.5023368 ], [ 9.4490084, 47.5024564 ], [ 9.4488119, 47.5025691 ], [ 9.4486095, 47.5026525 ], [ 9.4479798, 47.502822 ], [ 9.4477174, 47.5029613 ], [ 9.4473399, 47.5027829 ], [ 9.4471076, 47.5027782 ], [ 9.4467945, 47.5027234 ], [ 9.4467622, 47.5027387 ], [ 9.4467489, 47.5027466 ], [ 9.4472772, 47.5031707 ], [ 9.4474548, 47.5033517 ], [ 9.4474565, 47.5034583 ], [ 9.4473926, 47.5035133 ], [ 9.4471658, 47.5035251 ], [ 9.4470437, 47.5036037 ], [ 9.4469623, 47.5037411 ], [ 9.4468344, 47.5038059 ], [ 9.4467821, 47.5038374 ], [ 9.4467414, 47.5039591 ], [ 9.446721, 47.5045915 ], [ 9.4466716, 47.5046291 ], [ 9.4466158, 47.5046567 ], [ 9.4466213, 47.5046731 ], [ 9.4466586, 47.5046882 ], [ 9.4466586, 47.5047246 ], [ 9.4466753, 47.504741 ], [ 9.4466232, 47.5047774 ], [ 9.4467888, 47.5052123 ], [ 9.4467776, 47.5052425 ], [ 9.446746, 47.5052651 ], [ 9.4466939, 47.5052726 ], [ 9.4466418, 47.5052588 ], [ 9.4460706, 47.5055881 ], [ 9.4460129, 47.505612 ], [ 9.4458454, 47.5056912 ], [ 9.4458641, 47.5057314 ], [ 9.4458399, 47.5057578 ], [ 9.4457859, 47.5057729 ], [ 9.4457599, 47.5057653 ], [ 9.4457319, 47.5057465 ], [ 9.445624, 47.5057766 ], [ 9.4455695, 47.5057878 ], [ 9.4454895, 47.5057949 ], [ 9.4453673, 47.5057905 ], [ 9.4452575, 47.5057653 ], [ 9.445199, 47.5057499 ], [ 9.4451323, 47.5057402 ], [ 9.4450913, 47.5057396 ], [ 9.4450084, 47.5057563 ], [ 9.444956, 47.5057743 ], [ 9.4449055, 47.5058213 ], [ 9.4449055, 47.5058496 ], [ 9.4448912, 47.5058535 ], [ 9.4448741, 47.5058445 ], [ 9.4448598, 47.5058284 ], [ 9.4448751, 47.5058071 ], [ 9.444896, 47.5057885 ], [ 9.4449302, 47.5057603 ], [ 9.4449577, 47.5057578 ], [ 9.4450224, 47.5057408 ], [ 9.4450849, 47.5057294 ], [ 9.4451269, 47.5057294 ], [ 9.4451756, 47.5057351 ], [ 9.4452282, 47.5057475 ], [ 9.445277, 47.5056641 ], [ 9.4449782, 47.5055951 ], [ 9.4449478, 47.5056435 ], [ 9.4449843, 47.5056584 ], [ 9.4449655, 47.5056881 ], [ 9.4447393, 47.5056308 ], [ 9.4446842, 47.5055483 ], [ 9.4440367, 47.50549 ], [ 9.4440188, 47.5055232 ], [ 9.4439474, 47.5055393 ], [ 9.4438834, 47.5055302 ], [ 9.4438655, 47.5055151 ], [ 9.4438283, 47.5055171 ], [ 9.443736, 47.5054286 ], [ 9.4434651, 47.5053975 ], [ 9.4433475, 47.5054307 ], [ 9.4433482, 47.5054428 ], [ 9.443067, 47.5054396 ], [ 9.4428218, 47.5053679 ], [ 9.4425741, 47.5051636 ], [ 9.4425741, 47.5050775 ], [ 9.442523, 47.5050249 ], [ 9.4424951, 47.5049604 ], [ 9.4422155, 47.504991 ], [ 9.4421488, 47.5048481 ], [ 9.4420078, 47.5048456 ], [ 9.442004, 47.50487 ], [ 9.4414715, 47.5049408 ], [ 9.4413772, 47.5049691 ], [ 9.4413829, 47.5049871 ], [ 9.4413686, 47.5050187 ], [ 9.4410217, 47.5051196 ], [ 9.4406436, 47.5051449 ], [ 9.4406079, 47.5051127 ], [ 9.4405376, 47.50512 ], [ 9.4405388, 47.5051449 ], [ 9.4401449, 47.5051709 ], [ 9.4397064, 47.505042 ], [ 9.4397195, 47.5050066 ], [ 9.4392563, 47.5049615 ], [ 9.4385275, 47.5049036 ], [ 9.4376141, 47.5053388 ], [ 9.4374832, 47.5054152 ], [ 9.4374581, 47.5054643 ], [ 9.4374248, 47.5054755 ], [ 9.4373819, 47.5054779 ], [ 9.437351, 47.5054779 ], [ 9.4370402, 47.5056388 ], [ 9.43644, 47.5060169 ], [ 9.4362888, 47.5061271 ], [ 9.4359626, 47.5063816 ], [ 9.4358535, 47.5064736 ], [ 9.4357447, 47.5065963 ], [ 9.4357074, 47.5066424 ], [ 9.4357349, 47.5068014 ], [ 9.4355745, 47.5070949 ], [ 9.4353913, 47.5074153 ], [ 9.4350262, 47.5082015 ], [ 9.4349156, 47.5085332 ], [ 9.4348141, 47.5089279 ], [ 9.4347839, 47.5093586 ], [ 9.4347423, 47.5100654 ], [ 9.4346753, 47.5107498 ], [ 9.434695, 47.5109397 ], [ 9.4347336, 47.5111904 ], [ 9.4347778, 47.5113261 ], [ 9.4348415, 47.5114283 ], [ 9.4350528, 47.5117304 ], [ 9.4353158, 47.5119629 ], [ 9.4354063, 47.5120447 ], [ 9.4354971, 47.5120889 ], [ 9.4356116, 47.512134 ], [ 9.4356732, 47.5121715 ], [ 9.4357885, 47.5122381 ], [ 9.4356743, 47.5122657 ], [ 9.4356933, 47.5122842 ], [ 9.4358249, 47.5122566 ], [ 9.4358532, 47.512276 ], [ 9.4358603, 47.5123026 ], [ 9.435924, 47.5123258 ], [ 9.4361252, 47.5124004 ], [ 9.4362666, 47.5124511 ], [ 9.4363893, 47.5125053 ], [ 9.4363855, 47.5125459 ], [ 9.4364059, 47.5125569 ], [ 9.43644, 47.5125321 ], [ 9.4364724, 47.5125314 ], [ 9.4365985, 47.5126135 ], [ 9.4367113, 47.5127224 ], [ 9.4369774, 47.5129142 ], [ 9.437162, 47.5127986 ], [ 9.436984, 47.5126653 ], [ 9.4369854, 47.5126447 ], [ 9.436997, 47.5126343 ], [ 9.4370152, 47.512627 ], [ 9.4370418, 47.5126266 ], [ 9.4370619, 47.512638 ], [ 9.4370674, 47.5126507 ], [ 9.437064, 47.5126695 ], [ 9.4371001, 47.5126891 ], [ 9.4371555, 47.5127037 ], [ 9.437208, 47.5127074 ], [ 9.4372724, 47.5127041 ], [ 9.4373201, 47.5126969 ], [ 9.4373609, 47.5126823 ], [ 9.4374449, 47.5126355 ], [ 9.4376053, 47.5125371 ], [ 9.437866, 47.5123782 ], [ 9.4379345, 47.5123458 ], [ 9.4380082, 47.5123187 ], [ 9.4381003, 47.5122948 ], [ 9.4381972, 47.5122768 ], [ 9.4382887, 47.512268 ], [ 9.4383791, 47.5122671 ], [ 9.4384763, 47.5122711 ], [ 9.4385785, 47.5122828 ], [ 9.4386717, 47.5123069 ], [ 9.4387675, 47.5123396 ], [ 9.4388188, 47.5123615 ], [ 9.4388709, 47.5123884 ], [ 9.4389551, 47.5124456 ], [ 9.4390011, 47.5124866 ], [ 9.4390611, 47.5125534 ], [ 9.4390782, 47.5125863 ], [ 9.439081, 47.5125986 ], [ 9.4390794, 47.5126092 ], [ 9.4390732, 47.5126178 ], [ 9.4390657, 47.5126223 ], [ 9.4390614, 47.5126246 ], [ 9.4390503, 47.5126278 ], [ 9.4390329, 47.5126278 ], [ 9.4390207, 47.5126251 ], [ 9.439008, 47.5126195 ], [ 9.438998, 47.5126099 ], [ 9.4389952, 47.5125993 ], [ 9.438996, 47.5125895 ], [ 9.439003, 47.5125793 ], [ 9.4390282, 47.512569 ], [ 9.4389962, 47.5125315 ], [ 9.4389268, 47.5124633 ], [ 9.4388398, 47.5124089 ], [ 9.4387346, 47.512362 ], [ 9.438639, 47.5123342 ], [ 9.4385429, 47.5123119 ], [ 9.4384662, 47.5123021 ], [ 9.4383612, 47.5122971 ], [ 9.4382802, 47.5123 ], [ 9.4382013, 47.5123072 ], [ 9.4381151, 47.5123253 ], [ 9.4380333, 47.5123477 ], [ 9.4379676, 47.5123681 ], [ 9.4378885, 47.512403 ], [ 9.437561, 47.5126046 ], [ 9.4372031, 47.5128247 ], [ 9.4371896, 47.5128176 ], [ 9.436979, 47.5129452 ], [ 9.4369322, 47.5129761 ], [ 9.4369262, 47.5130232 ], [ 9.436947, 47.5130816 ], [ 9.4371052, 47.5132073 ], [ 9.4371238, 47.5132023 ], [ 9.4371554, 47.5132262 ], [ 9.4371703, 47.5132199 ], [ 9.4374401, 47.5134298 ], [ 9.4374399, 47.5134458 ], [ 9.4377545, 47.5136543 ], [ 9.4378833, 47.5137397 ], [ 9.4393865, 47.5128968 ], [ 9.4401679, 47.5124871 ], [ 9.4405147, 47.5127799 ], [ 9.4405011, 47.5127867 ], [ 9.4401289, 47.5129906 ], [ 9.4399959, 47.513068 ], [ 9.4400044, 47.5130747 ], [ 9.439731, 47.5132294 ], [ 9.4395276, 47.5133445 ], [ 9.4395015, 47.5133207 ], [ 9.4392342, 47.5134661 ], [ 9.4388933, 47.5136515 ], [ 9.4388692, 47.5136646 ], [ 9.4387461, 47.5137716 ], [ 9.4386736, 47.5138661 ], [ 9.4386223, 47.5140047 ], [ 9.4386526, 47.5141429 ], [ 9.4386959, 47.514231 ], [ 9.4387712, 47.5142796 ], [ 9.4388282, 47.5143326 ], [ 9.4391127, 47.5144981 ], [ 9.4392654, 47.5146419 ], [ 9.4394448, 47.514551 ], [ 9.4394953, 47.5145964 ], [ 9.4393383, 47.5146911 ], [ 9.4394853, 47.5148557 ], [ 9.4395611, 47.5148136 ], [ 9.4412305, 47.5138885 ], [ 9.441296, 47.5138434 ], [ 9.4413741, 47.513773 ], [ 9.4414199, 47.5137241 ], [ 9.4414645, 47.5136604 ], [ 9.4414921, 47.5136059 ], [ 9.4415117, 47.5135576 ], [ 9.4415285, 47.5134955 ], [ 9.4415356, 47.5134173 ], [ 9.4415337, 47.5133764 ], [ 9.4415277, 47.5133332 ], [ 9.4415042, 47.5132605 ], [ 9.4414854, 47.5132181 ], [ 9.4414598, 47.5131719 ], [ 9.4414349, 47.5131345 ], [ 9.4413979, 47.5130923 ], [ 9.4413224, 47.5130235 ], [ 9.4409055, 47.5126697 ], [ 9.4408774, 47.5126466 ], [ 9.4408705, 47.5126502 ], [ 9.4408559, 47.5126545 ], [ 9.4408407, 47.5126547 ], [ 9.4408262, 47.5126515 ], [ 9.4408142, 47.5126451 ], [ 9.4408061, 47.5126364 ], [ 9.4408027, 47.5126264 ], [ 9.4408046, 47.5126162 ], [ 9.4408109, 47.5126074 ], [ 9.4408211, 47.5126005 ], [ 9.440834, 47.5125961 ], [ 9.4408483, 47.5125947 ], [ 9.4408625, 47.5125965 ], [ 9.4408751, 47.5126013 ], [ 9.4408848, 47.5126085 ], [ 9.4413583, 47.5130076 ], [ 9.4413953, 47.513041 ], [ 9.4414462, 47.5130939 ], [ 9.44148, 47.5131375 ], [ 9.441512, 47.5131864 ], [ 9.4415366, 47.5132394 ], [ 9.441555, 47.5132841 ], [ 9.4415682, 47.5133472 ], [ 9.441574, 47.5134091 ], [ 9.4415715, 47.5134604 ], [ 9.4415551, 47.5135445 ], [ 9.4415365, 47.5136004 ], [ 9.4415066, 47.5136607 ], [ 9.4414674, 47.51372 ], [ 9.4414331, 47.5137613 ], [ 9.4413827, 47.5138111 ], [ 9.4413136, 47.5138686 ], [ 9.4412554, 47.5139082 ], [ 9.4411954, 47.5139414 ], [ 9.4395058, 47.514877 ], [ 9.4394732, 47.5149018 ], [ 9.4395033, 47.514986 ], [ 9.4395596, 47.515131 ], [ 9.4396015, 47.5152629 ], [ 9.4396504, 47.5153336 ], [ 9.4397294, 47.5153839 ], [ 9.4399039, 47.5154263 ], [ 9.4399039, 47.5154389 ], [ 9.440362, 47.51553 ], [ 9.4403783, 47.5155692 ], [ 9.4405062, 47.5156007 ], [ 9.4405318, 47.5156274 ], [ 9.4405295, 47.5156541 ], [ 9.440362, 47.5160185 ], [ 9.4403318, 47.5160248 ], [ 9.4402016, 47.5160012 ], [ 9.440169, 47.5160421 ], [ 9.4400736, 47.5160483 ], [ 9.4399783, 47.5162573 ], [ 9.4397108, 47.5167285 ], [ 9.4394093, 47.5171267 ], [ 9.439341, 47.517217 ], [ 9.438709, 47.5178387 ], [ 9.4380694, 47.5183051 ], [ 9.437924, 47.5182363 ], [ 9.4377798, 47.5183375 ], [ 9.4376406, 47.5184351 ], [ 9.4377859, 47.5185775 ], [ 9.4377787, 47.5186192 ], [ 9.4375469, 47.5187473 ], [ 9.437394, 47.5188135 ], [ 9.4372553, 47.5189211 ], [ 9.4370882, 47.5190144 ], [ 9.4369028, 47.5190831 ], [ 9.4366594, 47.5192598 ], [ 9.4364704, 47.5193678 ], [ 9.4362789, 47.5193585 ], [ 9.4362669, 47.5193579 ], [ 9.4359521, 47.5194878 ], [ 9.4359398, 47.5194929 ], [ 9.4356273, 47.5195788 ], [ 9.4353366, 47.5196451 ], [ 9.4349332, 47.5198979 ], [ 9.4348381, 47.5199813 ], [ 9.4345552, 47.5202292 ], [ 9.4342245, 47.5205016 ], [ 9.4338102, 47.5207814 ], [ 9.4335559, 47.5208771 ], [ 9.433356, 47.5209311 ], [ 9.4326909, 47.5210906 ], [ 9.4324759, 47.5211017 ], [ 9.4321676, 47.5211176 ], [ 9.4309648, 47.5208452 ], [ 9.4305614, 47.5206513 ], [ 9.4305173, 47.5206339 ], [ 9.4302338, 47.5205337 ], [ 9.4298936, 47.5204788 ], [ 9.4292188, 47.5205169 ], [ 9.4287878, 47.5205971 ], [ 9.4283559, 47.5207515 ], [ 9.4281906, 47.5207761 ], [ 9.4280673, 47.5207666 ], [ 9.4279272, 47.5207439 ], [ 9.4277955, 47.5208045 ], [ 9.4278236, 47.520865 ], [ 9.4277219, 47.5210246 ], [ 9.4273652, 47.521117 ], [ 9.4268658, 47.5212733 ], [ 9.4263016, 47.5214331 ], [ 9.425143, 47.5218688 ], [ 9.4247134, 47.5222367 ], [ 9.4248278, 47.5223478 ], [ 9.4248901, 47.5224829 ], [ 9.4247822, 47.5225832 ], [ 9.4245945, 47.5226376 ], [ 9.4243873, 47.5226118 ], [ 9.4233018, 47.523139 ], [ 9.4230752, 47.5229798 ], [ 9.4221744, 47.5234678 ], [ 9.4220951, 47.5237587 ], [ 9.4220167, 47.5238103 ], [ 9.4216606, 47.5243579 ], [ 9.4217727, 47.5243532 ], [ 9.4219758, 47.5245503 ], [ 9.421852, 47.524812 ], [ 9.4215695, 47.5248404 ], [ 9.4215625, 47.5248571 ], [ 9.4215485, 47.5248908 ], [ 9.4218404, 47.5249366 ], [ 9.4218077, 47.5250706 ], [ 9.4215882, 47.5250517 ], [ 9.4215578, 47.5250674 ], [ 9.4216185, 47.5251384 ], [ 9.4215882, 47.5251589 ], [ 9.4214458, 47.5251494 ], [ 9.4214201, 47.5252314 ], [ 9.4213524, 47.5252645 ], [ 9.4212356, 47.5252251 ], [ 9.4212076, 47.5252456 ], [ 9.4211165, 47.5251841 ], [ 9.4211754, 47.5250742 ], [ 9.4211083, 47.5250915 ], [ 9.4210321, 47.5251405 ], [ 9.4206627, 47.5254724 ], [ 9.420235, 47.5258565 ], [ 9.4197188, 47.5262609 ], [ 9.4189344, 47.5266848 ], [ 9.418597, 47.5268737 ], [ 9.4179201, 47.5271895 ], [ 9.4170688, 47.5274875 ], [ 9.4170217, 47.5274518 ], [ 9.4166899, 47.5276025 ], [ 9.4167012, 47.527616 ], [ 9.4167035, 47.5276326 ], [ 9.4166899, 47.5276475 ], [ 9.416674, 47.5276527 ], [ 9.4166553, 47.5276556 ], [ 9.4166356, 47.52765 ], [ 9.4166159, 47.5276391 ], [ 9.416311, 47.5277888 ], [ 9.4163262, 47.5278008 ], [ 9.4168034, 47.5281768 ], [ 9.4168388, 47.5282724 ], [ 9.4167716, 47.5283154 ], [ 9.4166973, 47.5282867 ], [ 9.4166583, 47.5282819 ], [ 9.4166336, 47.5283966 ], [ 9.4162053, 47.5286237 ], [ 9.4158903, 47.5287264 ], [ 9.4158266, 47.5287886 ], [ 9.415586, 47.528834 ], [ 9.4153979, 47.5289216 ], [ 9.4151912, 47.5289165 ], [ 9.4151049, 47.5289935 ], [ 9.4149419, 47.5289745 ], [ 9.4148532, 47.5291873 ], [ 9.4147317, 47.5292472 ], [ 9.4147131, 47.5293056 ], [ 9.414664, 47.5293339 ], [ 9.4146033, 47.5293371 ], [ 9.414622, 47.5294238 ], [ 9.4142601, 47.5297502 ], [ 9.4140709, 47.529788 ], [ 9.4139168, 47.5297454 ], [ 9.4138211, 47.5297959 ], [ 9.4136436, 47.5297864 ], [ 9.4135152, 47.5298795 ], [ 9.4133739, 47.5298806 ], [ 9.413213, 47.5298167 ], [ 9.4132256, 47.5300339 ], [ 9.4131252, 47.5300875 ], [ 9.4130568, 47.5300905 ], [ 9.4129932, 47.530139 ], [ 9.4123207, 47.5305115 ], [ 9.4123889, 47.5306056 ], [ 9.4124136, 47.530706 ], [ 9.4124136, 47.5307585 ], [ 9.4123853, 47.5307777 ], [ 9.4123004, 47.5307609 ], [ 9.4122721, 47.5307777 ], [ 9.4122685, 47.5308231 ], [ 9.4122084, 47.5308446 ], [ 9.4120668, 47.5307255 ], [ 9.4117953, 47.5308618 ], [ 9.4116276, 47.5309807 ], [ 9.411324, 47.5311032 ], [ 9.4109544, 47.5312 ], [ 9.410645, 47.5313782 ], [ 9.4102361, 47.5316338 ], [ 9.4099356, 47.5318089 ], [ 9.4099879, 47.5318893 ], [ 9.4099318, 47.531935 ], [ 9.4098104, 47.5319744 ], [ 9.4097754, 47.5319129 ], [ 9.4096657, 47.5319255 ], [ 9.4095629, 47.5320548 ], [ 9.4095618, 47.5321782 ], [ 9.4094979, 47.5322884 ], [ 9.4094648, 47.5323291 ], [ 9.4093901, 47.5323544 ], [ 9.4092599, 47.5323387 ], [ 9.4091851, 47.532304 ], [ 9.4089384, 47.5325411 ], [ 9.4088893, 47.5327054 ], [ 9.4085359, 47.5330234 ], [ 9.4081591, 47.5333957 ], [ 9.4082318, 47.5334144 ], [ 9.4085401, 47.5337032 ], [ 9.4085585, 47.5338042 ], [ 9.4084256, 47.5339583 ], [ 9.40808, 47.5340592 ], [ 9.4081221, 47.534127 ], [ 9.408052, 47.5341822 ], [ 9.4078255, 47.5342216 ], [ 9.4075126, 47.5342027 ], [ 9.4074542, 47.534272 ], [ 9.4072348, 47.5342563 ], [ 9.4071927, 47.5343304 ], [ 9.4070923, 47.5343241 ], [ 9.4069242, 47.5345069 ], [ 9.4068518, 47.5344849 ], [ 9.4067958, 47.5346157 ], [ 9.4067164, 47.5346425 ], [ 9.4066393, 47.5346677 ], [ 9.406651, 47.534693 ], [ 9.4067584, 47.5347119 ], [ 9.4068121, 47.5350461 ], [ 9.406644, 47.535188 ], [ 9.4063194, 47.5351864 ], [ 9.4062237, 47.5352825 ], [ 9.4061863, 47.5352794 ], [ 9.406156, 47.5352305 ], [ 9.406128, 47.5352321 ], [ 9.4060756, 47.5352783 ], [ 9.4060206, 47.5352794 ], [ 9.4057544, 47.5349657 ], [ 9.4056983, 47.5348506 ], [ 9.4056082, 47.5350473 ], [ 9.4055551, 47.535142 ], [ 9.405567, 47.5352759 ], [ 9.4053142, 47.535437 ], [ 9.4052006, 47.5355026 ], [ 9.405604, 47.5356316 ], [ 9.4056536, 47.5356782 ], [ 9.405621, 47.5357251 ], [ 9.4052894, 47.5359517 ], [ 9.4051754, 47.536044 ], [ 9.405327, 47.5361201 ], [ 9.4053088, 47.5361477 ], [ 9.4054108, 47.5361762 ], [ 9.405333, 47.5362509 ], [ 9.4052336, 47.5362856 ], [ 9.4051084, 47.5362072 ], [ 9.404893, 47.5363351 ], [ 9.4044609, 47.5365245 ], [ 9.4034589, 47.5366877 ], [ 9.4033237, 47.5368491 ], [ 9.4031646, 47.5369083 ], [ 9.4032863, 47.5371041 ], [ 9.403179, 47.5372417 ], [ 9.4028357, 47.5372707 ], [ 9.4027445, 47.5371946 ], [ 9.4027016, 47.5372815 ], [ 9.4023797, 47.5373829 ], [ 9.4022671, 47.5373214 ], [ 9.4022724, 47.5373902 ], [ 9.4022057, 47.5374183 ], [ 9.4015934, 47.5372466 ], [ 9.40145, 47.5373648 ], [ 9.4013869, 47.5375006 ], [ 9.4013631, 47.5376115 ], [ 9.401145, 47.5378585 ], [ 9.40084, 47.537995 ], [ 9.4004629, 47.5380596 ], [ 9.3999825, 47.5380708 ], [ 9.3999347, 47.5380855 ], [ 9.4000096, 47.5382027 ], [ 9.4000686, 47.5383026 ], [ 9.3999719, 47.5383402 ], [ 9.3998397, 47.5384541 ], [ 9.3997279, 47.5384582 ], [ 9.3997056, 47.5384129 ], [ 9.3996791, 47.5385213 ], [ 9.399608, 47.5385309 ], [ 9.3996263, 47.5386311 ], [ 9.3995856, 47.5386613 ], [ 9.3995206, 47.5386434 ], [ 9.3994677, 47.5384499 ], [ 9.3991547, 47.538501 ], [ 9.3984225, 47.5388395 ], [ 9.3977706, 47.5392709 ], [ 9.3965577, 47.5399748 ], [ 9.3952763, 47.5405908 ], [ 9.3952024, 47.5406354 ], [ 9.3915804, 47.5428194 ], [ 9.3905773, 47.5433198 ], [ 9.3901854, 47.5436479 ], [ 9.3898266, 47.5440712 ], [ 9.3873033, 47.5459778 ], [ 9.3869805, 47.5463622 ], [ 9.3864386, 47.5470077 ], [ 9.3863524, 47.5472881 ], [ 9.3860624, 47.5474891 ], [ 9.3858509, 47.5480691 ], [ 9.3862525, 47.5485829 ], [ 9.386618, 47.5490505 ], [ 9.3867894, 47.5491601 ], [ 9.3868061, 47.5492151 ], [ 9.386839, 47.5494321 ], [ 9.3867876, 47.5496458 ], [ 9.3868125, 47.5499331 ], [ 9.3868451, 47.5500722 ], [ 9.3868527, 47.5502023 ], [ 9.3867856, 47.5503168 ], [ 9.386685, 47.5504367 ], [ 9.3858561, 47.5499558 ], [ 9.3858062, 47.549926 ], [ 9.3857699, 47.5499337 ], [ 9.3841621, 47.5490197 ], [ 9.3842893, 47.5486394 ], [ 9.3842612, 47.5486331 ], [ 9.3842985, 47.5485323 ], [ 9.3843342, 47.54852 ], [ 9.3843625, 47.5484302 ], [ 9.3843704, 47.5484053 ], [ 9.3842794, 47.5484078 ], [ 9.3839281, 47.5484445 ], [ 9.3838422, 47.548847 ], [ 9.3831567, 47.5485831 ], [ 9.3829036, 47.5484549 ], [ 9.3826751, 47.5482177 ], [ 9.3824431, 47.5479875 ], [ 9.3821829, 47.5478095 ], [ 9.3821232, 47.5477478 ], [ 9.3818384, 47.5475912 ], [ 9.3816563, 47.5477335 ], [ 9.381638, 47.5477478 ], [ 9.381622, 47.5477961 ], [ 9.3816064, 47.5478428 ], [ 9.3820036, 47.5479021 ], [ 9.3822532, 47.5479614 ], [ 9.3824431, 47.5480872 ], [ 9.3827805, 47.5484668 ], [ 9.3827243, 47.5484834 ], [ 9.382531, 47.5482556 ], [ 9.3823025, 47.5483292 ], [ 9.3823473, 47.548395 ], [ 9.3825129, 47.5486336 ], [ 9.382694, 47.5485648 ], [ 9.3829071, 47.5485546 ], [ 9.3833109, 47.5487676 ], [ 9.3837369, 47.5489294 ], [ 9.3865846, 47.5505437 ], [ 9.3865544, 47.5505708 ], [ 9.3860438, 47.5502996 ], [ 9.3855785, 47.5500445 ], [ 9.3849895, 47.5503531 ], [ 9.3838498, 47.5514982 ], [ 9.3827295, 47.5518363 ], [ 9.3826578, 47.5518691 ], [ 9.3820749, 47.5521356 ], [ 9.3816359, 47.5525178 ], [ 9.3814936, 47.5526416 ], [ 9.3811276, 47.5530233 ], [ 9.3809232, 47.5532992 ], [ 9.3807969, 47.5535298 ], [ 9.380676, 47.553681 ], [ 9.3805952, 47.5538671 ], [ 9.3803337, 47.5540211 ], [ 9.3801674, 47.5543227 ], [ 9.380216, 47.5545763 ], [ 9.3804815, 47.554694 ], [ 9.380511, 47.5549329 ], [ 9.3806807, 47.5549386 ], [ 9.3806902, 47.555099 ], [ 9.3806143, 47.5552769 ], [ 9.3805217, 47.5554351 ], [ 9.3805419, 47.5555765 ], [ 9.3806532, 47.5556624 ], [ 9.380624, 47.5557854 ], [ 9.3806706, 47.5558317 ], [ 9.380668, 47.5560408 ], [ 9.3806207, 47.5561258 ], [ 9.3806563, 47.5562274 ], [ 9.3806948, 47.5563322 ], [ 9.3811513, 47.5563341 ], [ 9.3811644, 47.5563558 ], [ 9.3811418, 47.5563726 ], [ 9.3810468, 47.5563726 ], [ 9.3809674, 47.5564395 ], [ 9.3809327, 47.5565218 ], [ 9.3809268, 47.5566164 ], [ 9.3809436, 47.5566639 ], [ 9.3809422, 47.5567078 ], [ 9.3809335, 47.5567431 ], [ 9.3809339, 47.5568811 ], [ 9.3809683, 47.556914 ], [ 9.3809517, 47.5570455 ], [ 9.3809517, 47.5572676 ], [ 9.3810147, 47.5576309 ], [ 9.3810361, 47.5576767 ], [ 9.381067, 47.55772 ], [ 9.3810693, 47.5578563 ], [ 9.3810873, 47.5580029 ], [ 9.3811014, 47.5581057 ], [ 9.3811418, 47.5581522 ], [ 9.3811727, 47.5582292 ], [ 9.3811953, 47.5583102 ], [ 9.3812036, 47.5584081 ], [ 9.3812464, 47.5586478 ], [ 9.3813153, 47.5589037 ], [ 9.3814178, 47.5591231 ], [ 9.3814089, 47.5591641 ], [ 9.3813895, 47.5591975 ], [ 9.3813828, 47.5592374 ], [ 9.3813955, 47.5592632 ], [ 9.3814536, 47.5592089 ], [ 9.3814936, 47.5591715 ], [ 9.3816362, 47.559206 ], [ 9.3817568, 47.55927 ], [ 9.3819202, 47.55936 ], [ 9.3820261, 47.5594608 ], [ 9.3820248, 47.5595954 ], [ 9.3817068, 47.5597856 ], [ 9.3817146, 47.5598364 ], [ 9.3817513, 47.55988 ], [ 9.3818014, 47.5598821 ], [ 9.3818751, 47.5598724 ], [ 9.3819107, 47.5598997 ], [ 9.3819095, 47.559931 ], [ 9.381887, 47.5599639 ], [ 9.3820106, 47.5600192 ], [ 9.3820795, 47.5600577 ], [ 9.3821045, 47.5601153 ], [ 9.3821543, 47.5601756 ], [ 9.3821805, 47.5602093 ], [ 9.3822898, 47.5602975 ], [ 9.3823504, 47.560352 ], [ 9.3823708, 47.5604594 ], [ 9.3823885, 47.5605284 ], [ 9.382354, 47.5606126 ], [ 9.3823837, 47.5606968 ], [ 9.3824131, 47.5607854 ], [ 9.3823926, 47.5608141 ], [ 9.3823296, 47.560803 ], [ 9.3822645, 47.5608134 ], [ 9.382172, 47.5608299 ], [ 9.3821683, 47.5608446 ], [ 9.3822592, 47.5608401 ], [ 9.3823409, 47.5608628 ], [ 9.3824075, 47.5610345 ], [ 9.3824895, 47.5611604 ], [ 9.3825227, 47.5612798 ], [ 9.3824959, 47.5614089 ], [ 9.383458, 47.5614222 ], [ 9.3834702, 47.5614112 ], [ 9.3834875, 47.5614038 ], [ 9.3835076, 47.5614012 ], [ 9.3835278, 47.5614037 ], [ 9.3835452, 47.5614109 ], [ 9.3835577, 47.5614218 ], [ 9.3835634, 47.5614351 ], [ 9.3835618, 47.5614485 ], [ 9.3835534, 47.5614606 ], [ 9.3835392, 47.5614699 ], [ 9.3835211, 47.5614754 ], [ 9.3835013, 47.5614762 ], [ 9.3834823, 47.5614722 ], [ 9.3834666, 47.561464 ], [ 9.3834561, 47.5614526 ], [ 9.3824484, 47.5614414 ], [ 9.3824293, 47.562035 ], [ 9.3836997, 47.5620445 ], [ 9.3837879, 47.5620367 ], [ 9.3838065, 47.5620332 ], [ 9.3838753, 47.5620203 ], [ 9.3840687, 47.5619499 ], [ 9.3841161, 47.5619206 ], [ 9.3841123, 47.5619027 ], [ 9.3841199, 47.5618878 ], [ 9.3841353, 47.5618759 ], [ 9.3841562, 47.5618688 ], [ 9.3841795, 47.5618677 ], [ 9.3842018, 47.5618726 ], [ 9.3842196, 47.5618828 ], [ 9.3842292, 47.5618946 ], [ 9.3842327, 47.5619078 ], [ 9.3842294, 47.5619214 ], [ 9.3842167, 47.5619358 ], [ 9.3841882, 47.5619456 ], [ 9.3841502, 47.5619474 ], [ 9.3840618, 47.5619905 ], [ 9.3839285, 47.5620412 ], [ 9.3838321, 47.5620619 ], [ 9.3837369, 47.5620765 ], [ 9.383697, 47.5620786 ], [ 9.3830638, 47.5620777 ], [ 9.3830631, 47.5620922 ], [ 9.3826031, 47.5620902 ], [ 9.3826008, 47.5621368 ], [ 9.3825979, 47.5621969 ], [ 9.3824544, 47.562197 ], [ 9.3824521, 47.56226 ], [ 9.3823724, 47.5644784 ], [ 9.3832656, 47.5644962 ], [ 9.3839725, 47.5637391 ], [ 9.3841325, 47.5633436 ], [ 9.3841931, 47.5623694 ], [ 9.3843423, 47.562182 ], [ 9.3845136, 47.5620028 ], [ 9.3845203, 47.5619867 ], [ 9.3845411, 47.5619738 ], [ 9.3845575, 47.56196 ], [ 9.3845575, 47.5619494 ], [ 9.3845521, 47.5619365 ], [ 9.384544, 47.5619162 ], [ 9.3845454, 47.5618951 ], [ 9.3845531, 47.5618794 ], [ 9.3845661, 47.5618655 ], [ 9.3845837, 47.561854 ], [ 9.3846128, 47.5618437 ], [ 9.3846451, 47.5618401 ], [ 9.3846775, 47.5618437 ], [ 9.3847078, 47.5618548 ], [ 9.3847309, 47.5618721 ], [ 9.3847441, 47.5618936 ], [ 9.3847459, 47.5619168 ], [ 9.3847434, 47.5619655 ], [ 9.3847184, 47.5620619 ], [ 9.3845253, 47.5622751 ], [ 9.38441, 47.5624087 ], [ 9.3843879, 47.5625557 ], [ 9.3843579, 47.5634536 ], [ 9.3840595, 47.5639351 ], [ 9.3835709, 47.5644936 ], [ 9.3833291, 47.5647864 ], [ 9.3831478, 47.5651313 ], [ 9.3830904, 47.5654525 ], [ 9.3830815, 47.5656682 ], [ 9.3830916, 47.5658385 ], [ 9.3831842, 47.5659028 ], [ 9.3831906, 47.5658986 ], [ 9.3832343, 47.5658992 ], [ 9.3832646, 47.5659225 ], [ 9.3832646, 47.5659506 ], [ 9.3836242, 47.5662385 ], [ 9.3836896, 47.5662349 ], [ 9.3837646, 47.5662497 ], [ 9.3840233, 47.5663201 ], [ 9.384412, 47.5665104 ], [ 9.3855119, 47.5669055 ], [ 9.3856354, 47.567003 ], [ 9.3856253, 47.5672749 ], [ 9.3855654, 47.5673967 ], [ 9.3852525, 47.5675405 ], [ 9.3852801, 47.5682163 ], [ 9.3854306, 47.5683982 ], [ 9.3854984, 47.5684857 ], [ 9.3855336, 47.5685953 ], [ 9.3855233, 47.5686962 ], [ 9.3854496, 47.5688509 ], [ 9.3853524, 47.5689941 ], [ 9.3852814, 47.5691352 ], [ 9.3852192, 47.5692278 ], [ 9.3852066, 47.5693724 ], [ 9.3852486, 47.5698701 ], [ 9.3852539, 47.5699686 ], [ 9.3851925, 47.5700241 ], [ 9.384644, 47.5703773 ], [ 9.3842779, 47.5706743 ], [ 9.3841546, 47.5706153 ], [ 9.3839581, 47.5704477 ], [ 9.3833737, 47.5705072 ], [ 9.3832584, 47.5706284 ], [ 9.3831993, 47.5706387 ], [ 9.3830388, 47.5706316 ], [ 9.3830209, 47.5706325 ], [ 9.3830048, 47.5706255 ], [ 9.3829871, 47.5706248 ], [ 9.3828794, 47.5706348 ], [ 9.3828166, 47.5706538 ], [ 9.3826273, 47.5707465 ], [ 9.3825053, 47.5707863 ], [ 9.382404, 47.5708044 ], [ 9.3824076, 47.5708235 ], [ 9.382394, 47.5708367 ], [ 9.3823667, 47.5708507 ], [ 9.3823231, 47.5708603 ], [ 9.3822723, 47.570857 ], [ 9.3822262, 47.5708251 ], [ 9.3821643, 47.5708152 ], [ 9.3820526, 47.5707999 ], [ 9.381683, 47.5710732 ], [ 9.381788, 47.5711336 ], [ 9.3817222, 47.5711866 ], [ 9.3817175, 47.5712112 ], [ 9.3817486, 47.571543 ], [ 9.3817302, 47.5720494 ], [ 9.3813932, 47.5721587 ], [ 9.379921, 47.5726361 ], [ 9.3798442, 47.5725467 ], [ 9.3797991, 47.5724959 ], [ 9.3795835, 47.5725536 ], [ 9.3794811, 47.5725498 ], [ 9.3790927, 47.5726077 ], [ 9.3786495, 47.5727023 ], [ 9.3781465, 47.5729115 ], [ 9.3777626, 47.5730927 ], [ 9.3772806, 47.5733202 ], [ 9.3772125, 47.5733717 ], [ 9.3772202, 47.5734261 ], [ 9.3772833, 47.5734997 ], [ 9.3772327, 47.5735179 ], [ 9.3772483, 47.573538 ], [ 9.3770538, 47.5737506 ], [ 9.3768296, 47.5737717 ], [ 9.3767682, 47.5737904 ], [ 9.376515, 47.5738755 ], [ 9.3759914, 47.5740515 ], [ 9.3750785, 47.5743735 ], [ 9.3743059, 47.5744371 ], [ 9.3734443, 47.5745563 ], [ 9.3733219, 47.5745754 ], [ 9.373306, 47.5745777 ], [ 9.3732924, 47.5745796 ], [ 9.3731283, 47.5746018 ], [ 9.3724789, 47.5746889 ], [ 9.3722885, 47.5746996 ], [ 9.3714725, 47.5750381 ], [ 9.3713258, 47.5750723 ], [ 9.3711708, 47.5750823 ], [ 9.3709853, 47.575119 ], [ 9.3705726, 47.5752978 ], [ 9.3699761, 47.5756412 ], [ 9.3697185, 47.5757227 ], [ 9.369787, 47.5758461 ], [ 9.3697937, 47.5759861 ], [ 9.3698336, 47.5760098 ], [ 9.3698057, 47.5760647 ], [ 9.3697006, 47.5760435 ], [ 9.3697061, 47.5760094 ], [ 9.3696369, 47.5759121 ], [ 9.3694246, 47.5758091 ], [ 9.3692647, 47.5758692 ], [ 9.3691555, 47.5759232 ], [ 9.3690432, 47.5760021 ], [ 9.3676917, 47.5767964 ], [ 9.3673429, 47.5769358 ], [ 9.3673583, 47.5770235 ], [ 9.3672368, 47.5770622 ], [ 9.3671496, 47.5770131 ], [ 9.3668359, 47.577172 ], [ 9.3666622, 47.5771732 ], [ 9.3665651, 47.5771895 ], [ 9.3664369, 47.5772408 ], [ 9.3663541, 47.5772804 ], [ 9.3662676, 47.5773216 ], [ 9.3658341, 47.5775221 ], [ 9.365491, 47.5778057 ], [ 9.364496, 47.5782267 ], [ 9.359027, 47.5804268 ], [ 9.3575361, 47.5808765 ], [ 9.3574894, 47.5808901 ], [ 9.3564518, 47.5811923 ], [ 9.356265, 47.5812394 ], [ 9.3561548, 47.5810851 ], [ 9.3547932, 47.5815434 ], [ 9.3535817, 47.5820912 ], [ 9.3510242, 47.5830935 ], [ 9.3509167, 47.5831358 ], [ 9.3502048, 47.5834156 ], [ 9.3501572, 47.5834748 ], [ 9.3502081, 47.5835391 ], [ 9.3501934, 47.5835445 ], [ 9.3500552, 47.5833939 ], [ 9.3500002, 47.5834138 ], [ 9.3501578, 47.5835608 ], [ 9.3501451, 47.5835675 ], [ 9.3499768, 47.5834264 ], [ 9.3495972, 47.5835743 ], [ 9.3484327, 47.5839496 ], [ 9.3483266, 47.5840017 ], [ 9.3474672, 47.5844241 ], [ 9.3474213, 47.5845767 ], [ 9.3470209, 47.584825 ], [ 9.3465724, 47.5850573 ], [ 9.3465872, 47.5851821 ], [ 9.3465689, 47.5851812 ], [ 9.3465295, 47.5848433 ], [ 9.3459838, 47.5851565 ], [ 9.3462089, 47.5853211 ], [ 9.3462499, 47.5853306 ], [ 9.3462908, 47.5853297 ], [ 9.346566, 47.5852485 ], [ 9.3465748, 47.5852385 ], [ 9.3465877, 47.5852376 ], [ 9.346598, 47.585243 ], [ 9.3466003, 47.5852507 ], [ 9.346595, 47.5852577 ], [ 9.3465844, 47.5852609 ], [ 9.3465731, 47.585259 ], [ 9.3462844, 47.5853473 ], [ 9.3462512, 47.5853473 ], [ 9.3462029, 47.5853365 ], [ 9.3461224, 47.5852758 ], [ 9.3460744, 47.5853206 ], [ 9.3458535, 47.585505 ], [ 9.3457719, 47.5855493 ], [ 9.3456003, 47.5856878 ], [ 9.3454505, 47.5858476 ], [ 9.3453737, 47.5858632 ], [ 9.3451564, 47.5859072 ], [ 9.3452743, 47.5860783 ], [ 9.3453266, 47.5861816 ], [ 9.3453129, 47.5861833 ], [ 9.3453005, 47.5861926 ], [ 9.3453041, 47.5862082 ], [ 9.3452855, 47.5862122 ], [ 9.3452668, 47.5862163 ], [ 9.3455149, 47.586757 ], [ 9.3455545, 47.586843 ], [ 9.3455696, 47.58684 ], [ 9.3455931, 47.5868922 ], [ 9.3455678, 47.5868974 ], [ 9.345616, 47.5870033 ], [ 9.3456031, 47.5870059 ], [ 9.3455892, 47.5870088 ], [ 9.345587, 47.5870047 ], [ 9.3455427, 47.586903 ], [ 9.3455175, 47.5869076 ], [ 9.3454935, 47.5868569 ], [ 9.3455084, 47.5868541 ], [ 9.3452192, 47.5862249 ], [ 9.3451976, 47.5862285 ], [ 9.3451798, 47.5862316 ], [ 9.3451733, 47.5862187 ], [ 9.3451608, 47.5862213 ], [ 9.3449606, 47.5857804 ], [ 9.3445292, 47.5858062 ], [ 9.344037, 47.5857417 ], [ 9.3439535, 47.5857241 ], [ 9.3438644, 47.5858369 ], [ 9.343806, 47.5858395 ], [ 9.3438372, 47.585866 ], [ 9.3438305, 47.5858708 ], [ 9.3436964, 47.5857896 ], [ 9.3433215, 47.5859764 ], [ 9.3433531, 47.5860111 ], [ 9.3436758, 47.5858727 ], [ 9.3437577, 47.5859273 ], [ 9.343916, 47.5859337 ], [ 9.3439153, 47.5859449 ], [ 9.3437708, 47.585936 ], [ 9.3434256, 47.5860876 ], [ 9.3431308, 47.5862111 ], [ 9.3433848, 47.5864676 ], [ 9.3433632, 47.5864757 ], [ 9.3431065, 47.5862191 ], [ 9.342822, 47.5862175 ], [ 9.3425184, 47.5863602 ], [ 9.3422272, 47.5863579 ], [ 9.3420777, 47.5864423 ], [ 9.3420522, 47.5864812 ], [ 9.3415164, 47.5867359 ], [ 9.3415225, 47.5867932 ], [ 9.3413515, 47.5868976 ], [ 9.3408796, 47.5870121 ], [ 9.3404101, 47.5872068 ], [ 9.3400909, 47.5874334 ], [ 9.3394247, 47.5877298 ], [ 9.3383954, 47.588104 ], [ 9.3382521, 47.5881751 ], [ 9.337978, 47.588265 ], [ 9.3376845, 47.5883956 ], [ 9.337297, 47.5885952 ], [ 9.3371478, 47.5886425 ], [ 9.3369903, 47.5887179 ], [ 9.3368226, 47.5888483 ], [ 9.3365242, 47.5889749 ], [ 9.3364312, 47.5890945 ], [ 9.3362319, 47.589186 ], [ 9.3363188, 47.5892485 ], [ 9.3362555, 47.5893579 ], [ 9.3360078, 47.5893214 ], [ 9.33566, 47.5894276 ], [ 9.3350673, 47.5896279 ], [ 9.3346179, 47.5898489 ], [ 9.3342465, 47.5900182 ], [ 9.3338416, 47.5901294 ], [ 9.3335337, 47.5902812 ], [ 9.3331067, 47.5904881 ], [ 9.3327621, 47.590726 ], [ 9.3323368, 47.5909208 ], [ 9.3318211, 47.5911916 ], [ 9.331759, 47.5912653 ], [ 9.3317512, 47.5914137 ], [ 9.331686, 47.5914654 ], [ 9.3316604, 47.5915279 ], [ 9.3315987, 47.5915641 ], [ 9.3314587, 47.5915464 ], [ 9.3312398, 47.5915123 ], [ 9.3310376, 47.5915279 ], [ 9.3309699, 47.5915434 ], [ 9.330507, 47.591678 ], [ 9.3302181, 47.5918642 ], [ 9.3296926, 47.5920154 ], [ 9.3292772, 47.5922188 ], [ 9.3292711, 47.5922696 ], [ 9.3282472, 47.5926944 ], [ 9.3275282, 47.5929718 ], [ 9.3272422, 47.5931107 ], [ 9.3265564, 47.5932721 ], [ 9.3262842, 47.5934458 ], [ 9.3261088, 47.5935577 ], [ 9.3256482, 47.5938616 ], [ 9.3256038, 47.5938816 ], [ 9.3256534, 47.593923 ], [ 9.325587, 47.5939547 ], [ 9.3255348, 47.5939807 ], [ 9.3255413, 47.5939876 ], [ 9.3254268, 47.5940433 ], [ 9.3253868, 47.5940153 ], [ 9.325378, 47.5940196 ], [ 9.3253251, 47.5940142 ], [ 9.3252554, 47.5940167 ], [ 9.3252041, 47.5940236 ], [ 9.3251506, 47.594038 ], [ 9.3250717, 47.594073 ], [ 9.325019, 47.5941106 ], [ 9.3249858, 47.5941514 ], [ 9.3249652, 47.5941846 ], [ 9.3249042, 47.5943336 ], [ 9.3248783, 47.5943773 ], [ 9.3248936, 47.5943887 ], [ 9.3248141, 47.5944344 ], [ 9.3247356, 47.5943743 ], [ 9.3246507, 47.5944189 ], [ 9.3246402, 47.5944098 ], [ 9.3243922, 47.5945456 ], [ 9.3241212, 47.5946651 ], [ 9.3241261, 47.5946705 ], [ 9.3241, 47.5946818 ], [ 9.3240715, 47.5946592 ], [ 9.3239278, 47.5947447 ], [ 9.3239409, 47.5947758 ], [ 9.3238846, 47.5948314 ], [ 9.3239436, 47.5948954 ], [ 9.3237429, 47.5950268 ], [ 9.3234464, 47.5952707 ], [ 9.3233139, 47.595445 ], [ 9.323297, 47.595508 ], [ 9.3230793, 47.5955974 ], [ 9.3229032, 47.5957002 ], [ 9.3229507, 47.5957614 ], [ 9.3228924, 47.5957985 ], [ 9.3230054, 47.5959243 ], [ 9.3230462, 47.5960027 ], [ 9.323014, 47.5960434 ], [ 9.3230515, 47.5960898 ], [ 9.3230478, 47.596136 ], [ 9.3229282, 47.5962031 ], [ 9.3229148, 47.5961922 ], [ 9.3230263, 47.5961279 ], [ 9.3230313, 47.5960887 ], [ 9.3227705, 47.5957756 ], [ 9.3227287, 47.5957475 ], [ 9.3226845, 47.5957257 ], [ 9.3226227, 47.5957158 ], [ 9.322569, 47.5957113 ], [ 9.3225124, 47.5957168 ], [ 9.3224629, 47.5957257 ], [ 9.3224145, 47.595743 ], [ 9.3223134, 47.5957825 ], [ 9.3225685, 47.5960287 ], [ 9.3228175, 47.5962639 ], [ 9.3227918, 47.5962763 ], [ 9.3226414, 47.5961306 ], [ 9.3223659, 47.59621 ], [ 9.3222582, 47.596118 ], [ 9.3218803, 47.5963715 ], [ 9.3217707, 47.5963075 ], [ 9.3214905, 47.5965419 ], [ 9.3207671, 47.5969858 ], [ 9.3209877, 47.5971762 ], [ 9.3207716, 47.59736 ], [ 9.3205241, 47.5971876 ], [ 9.320303, 47.5973199 ], [ 9.320299, 47.5973297 ], [ 9.3203049, 47.5973691 ], [ 9.3202682, 47.5973798 ], [ 9.3201458, 47.5972931 ], [ 9.3195077, 47.5975208 ], [ 9.3193855, 47.5973862 ], [ 9.3191533, 47.5975216 ], [ 9.3192101, 47.5975563 ], [ 9.3174128, 47.5987195 ], [ 9.3170827, 47.5989812 ], [ 9.3159521, 47.5998231 ], [ 9.3139001, 47.6010306 ], [ 9.3094923, 47.6036228 ], [ 9.3076693, 47.6043771 ], [ 9.3076064, 47.60532 ], [ 9.3065378, 47.6056972 ], [ 9.3058675, 47.6066691 ], [ 9.3052805, 47.6075202 ], [ 9.30418, 47.6080086 ], [ 9.3029163, 47.6090651 ], [ 9.3022808, 47.6089514 ], [ 9.3017097, 47.6090908 ], [ 9.3016656, 47.609397 ], [ 9.3014994, 47.6094632 ], [ 9.3009492, 47.6097472 ], [ 9.2992458, 47.6109147 ], [ 9.2983059, 47.6112568 ], [ 9.297851, 47.6113179 ], [ 9.2975508, 47.6114945 ], [ 9.2971369, 47.6116602 ], [ 9.2971781, 47.6119128 ], [ 9.2971047, 47.6120287 ], [ 9.2970109, 47.6121757 ], [ 9.2968788, 47.6123369 ], [ 9.2967401, 47.6124719 ], [ 9.2966285, 47.6125426 ], [ 9.2965393, 47.6125768 ], [ 9.2965046, 47.6126116 ], [ 9.2964218, 47.6126262 ], [ 9.2963797, 47.6126247 ], [ 9.2963444, 47.6126148 ], [ 9.2963136, 47.6125954 ], [ 9.296293, 47.6125729 ], [ 9.2962828, 47.6125517 ], [ 9.2962808, 47.6125241 ], [ 9.2962881, 47.6125074 ], [ 9.2963018, 47.6124861 ], [ 9.2963544, 47.6124532 ], [ 9.2964514, 47.6124451 ], [ 9.2965168, 47.612431 ], [ 9.2966474, 47.6123311 ], [ 9.2967537, 47.6122188 ], [ 9.2968847, 47.6120439 ], [ 9.2969307, 47.6119565 ], [ 9.2969392, 47.611874 ], [ 9.296889, 47.6117956 ], [ 9.2965986, 47.611493 ], [ 9.2964085, 47.6115779 ], [ 9.2961123, 47.6117101 ], [ 9.2957364, 47.6118806 ], [ 9.2961785, 47.6123274 ], [ 9.2960448, 47.6123866 ], [ 9.2960081, 47.6124445 ], [ 9.295906, 47.6125847 ], [ 9.2959408, 47.6126444 ], [ 9.2960954, 47.6127791 ], [ 9.296115, 47.6128109 ], [ 9.2960995, 47.6128425 ], [ 9.2960578, 47.6128556 ], [ 9.2960134, 47.6128463 ], [ 9.2959468, 47.6127939 ], [ 9.2958163, 47.6126853 ], [ 9.2957358, 47.6126123 ], [ 9.2956497, 47.6126235 ], [ 9.2955442, 47.6126703 ], [ 9.2954918, 47.6126535 ], [ 9.2956722, 47.6125244 ], [ 9.2951164, 47.6119774 ], [ 9.294616, 47.6122888 ], [ 9.2948752, 47.612482 ], [ 9.2949449, 47.6124966 ], [ 9.2950816, 47.6125984 ], [ 9.295095, 47.6127467 ], [ 9.2951971, 47.6128579 ], [ 9.295472, 47.6129876 ], [ 9.2954288, 47.6130035 ], [ 9.2951027, 47.6129738 ], [ 9.2949537, 47.6128632 ], [ 9.2949027, 47.61276 ], [ 9.2948438, 47.6126514 ], [ 9.2947652, 47.6125399 ], [ 9.2946925, 47.6124354 ], [ 9.2946514, 47.6124873 ], [ 9.2945728, 47.6125403 ], [ 9.2944354, 47.6125694 ], [ 9.2942391, 47.6124741 ], [ 9.2939518, 47.6126698 ], [ 9.2940453, 47.6128402 ], [ 9.2937013, 47.612805 ], [ 9.2934311, 47.6129207 ], [ 9.2931684, 47.6130077 ], [ 9.2930226, 47.6134292 ], [ 9.2924549, 47.6136468 ], [ 9.2924145, 47.6135781 ], [ 9.2916394, 47.6137551 ], [ 9.2914222, 47.6138814 ], [ 9.2911168, 47.614117 ], [ 9.2909151, 47.6140133 ], [ 9.2906338, 47.6140578 ], [ 9.2905053, 47.61408 ], [ 9.2904448, 47.6140425 ], [ 9.2901606, 47.6140741 ], [ 9.2900757, 47.61415 ], [ 9.2898428, 47.614231 ], [ 9.2897552, 47.6143507 ], [ 9.2893992, 47.6144694 ], [ 9.2890857, 47.6144517 ], [ 9.2889805, 47.6145988 ], [ 9.2889628, 47.6147714 ], [ 9.2888127, 47.6147052 ], [ 9.288642, 47.6147969 ], [ 9.2883564, 47.6148283 ], [ 9.287362, 47.6156403 ], [ 9.285848, 47.6165218 ], [ 9.2856258, 47.616547 ], [ 9.285413, 47.6166409 ], [ 9.2854285, 47.616669 ], [ 9.2852468, 47.6167533 ], [ 9.2851757, 47.6167197 ], [ 9.2850267, 47.6167571 ], [ 9.2848873, 47.616831 ], [ 9.2846658, 47.6168542 ], [ 9.2845156, 47.6169543 ], [ 9.2840107, 47.617071 ], [ 9.2832119, 47.6172157 ], [ 9.2831978, 47.6171691 ], [ 9.2824835, 47.6171278 ], [ 9.2821808, 47.6171984 ], [ 9.2814385, 47.61753 ], [ 9.2794752, 47.6185497 ], [ 9.2791944, 47.6190149 ], [ 9.2782889, 47.6190915 ], [ 9.2780538, 47.6192187 ], [ 9.2778005, 47.6194638 ], [ 9.2773434, 47.6197089 ], [ 9.2766151, 47.6199387 ], [ 9.275748, 47.6202771 ], [ 9.275544, 47.6203597 ], [ 9.2749613, 47.6205956 ], [ 9.2745682, 47.6206397 ], [ 9.2739005, 47.6207297 ], [ 9.2736374, 47.6208119 ], [ 9.2737329, 47.6209863 ], [ 9.2736197, 47.6211616 ], [ 9.2733231, 47.621288 ], [ 9.2730162, 47.6213063 ], [ 9.2726948, 47.6212306 ], [ 9.2725744, 47.6211078 ], [ 9.2724606, 47.6211169 ], [ 9.272178, 47.6212855 ], [ 9.2719106, 47.6214789 ], [ 9.2718554, 47.6215558 ], [ 9.2718928, 47.6216205 ], [ 9.2717461, 47.6216796 ], [ 9.271613, 47.6216925 ], [ 9.2715636, 47.6216487 ], [ 9.2712204, 47.6216859 ], [ 9.2709443, 47.6217775 ], [ 9.2707019, 47.6218497 ], [ 9.2704888, 47.6220049 ], [ 9.2703433, 47.6222266 ], [ 9.2698413, 47.6224507 ], [ 9.2695411, 47.6226898 ], [ 9.269234, 47.6230318 ], [ 9.2692945, 47.623096 ], [ 9.2691494, 47.6231593 ], [ 9.269121, 47.6231723 ], [ 9.2691799, 47.6232335 ], [ 9.2691032, 47.6232637 ], [ 9.2690468, 47.6232047 ], [ 9.2690153, 47.6232232 ], [ 9.2683467, 47.6236018 ], [ 9.2679608, 47.6238731 ], [ 9.267758, 47.6240135 ], [ 9.267717, 47.624007 ], [ 9.267678, 47.623984 ], [ 9.2675469, 47.6238065 ], [ 9.2675581, 47.6237801 ], [ 9.2675946, 47.6237607 ], [ 9.2677017, 47.6238531 ], [ 9.2680959, 47.6236437 ], [ 9.2680776, 47.6236199 ], [ 9.2684144, 47.6234519 ], [ 9.2689262, 47.6231439 ], [ 9.2687734, 47.6230392 ], [ 9.2686755, 47.6229328 ], [ 9.2685607, 47.6229794 ], [ 9.268545, 47.6229618 ], [ 9.2686573, 47.6229134 ], [ 9.268411, 47.6226545 ], [ 9.2683445, 47.6226883 ], [ 9.2683144, 47.6226656 ], [ 9.2679901, 47.622807 ], [ 9.2678421, 47.6228848 ], [ 9.2675226, 47.6229428 ], [ 9.2674069, 47.6229641 ], [ 9.2670711, 47.6230665 ], [ 9.2670088, 47.6230876 ], [ 9.2670775, 47.6233132 ], [ 9.2669625, 47.6233927 ], [ 9.2673205, 47.6239593 ], [ 9.2672574, 47.6239784 ], [ 9.2667354, 47.6232127 ], [ 9.2666752, 47.6231194 ], [ 9.2666381, 47.6231216 ], [ 9.2666134, 47.6230864 ], [ 9.2665068, 47.6231076 ], [ 9.2664554, 47.6231447 ], [ 9.2663217, 47.6232282 ], [ 9.2662762, 47.623303 ], [ 9.2659001, 47.6234597 ], [ 9.2656011, 47.6234381 ], [ 9.26553, 47.6234714 ], [ 9.2656683, 47.6235878 ], [ 9.2656553, 47.6235952 ], [ 9.2654547, 47.6234399 ], [ 9.2653979, 47.6234747 ], [ 9.2655745, 47.6236904 ], [ 9.2654778, 47.6237782 ], [ 9.2649928, 47.6237676 ], [ 9.2647783, 47.6237333 ], [ 9.2634053, 47.6241906 ], [ 9.2606007, 47.6250305 ], [ 9.259543, 47.6254091 ], [ 9.2592496, 47.6255558 ], [ 9.2582736, 47.6258132 ], [ 9.2578715, 47.6259874 ], [ 9.257093, 47.6263125 ], [ 9.256953, 47.626439 ], [ 9.25671, 47.6265342 ], [ 9.2565347, 47.6266899 ], [ 9.2564328, 47.6267226 ], [ 9.256339, 47.6267854 ], [ 9.2562006, 47.6269043 ], [ 9.2560662, 47.6270588 ], [ 9.2556022, 47.6274157 ], [ 9.255152, 47.6275403 ], [ 9.2542249, 47.6277424 ], [ 9.2538416, 47.627826 ], [ 9.2537113, 47.6277922 ], [ 9.2534795, 47.6278396 ], [ 9.2533412, 47.6278871 ], [ 9.2530644, 47.6280195 ], [ 9.252812, 47.6280683 ], [ 9.2526165, 47.6281637 ], [ 9.2523777, 47.6283254 ], [ 9.2517669, 47.6286783 ], [ 9.2514644, 47.6289397 ], [ 9.2512156, 47.6292512 ], [ 9.2508617, 47.6294078 ], [ 9.2505362, 47.6295809 ], [ 9.2502065, 47.6298586 ], [ 9.2501323, 47.6299603 ], [ 9.2498953, 47.6300441 ], [ 9.2494862, 47.6303506 ], [ 9.2493721, 47.6304087 ], [ 9.249332, 47.6304844 ], [ 9.2491242, 47.6305998 ], [ 9.2486237, 47.6307381 ], [ 9.2483566, 47.6308439 ], [ 9.2473568, 47.6313564 ], [ 9.2472845, 47.6312917 ], [ 9.2471024, 47.6313369 ], [ 9.2469683, 47.6313993 ], [ 9.2468328, 47.6314274 ], [ 9.2465616, 47.6315665 ], [ 9.24652, 47.6316342 ], [ 9.2464582, 47.6316499 ], [ 9.2462002, 47.6316511 ], [ 9.2455886, 47.6317509 ], [ 9.2452582, 47.6318884 ], [ 9.2449809, 47.6320664 ], [ 9.2449111, 47.6321315 ], [ 9.244577, 47.632257 ], [ 9.2443916, 47.6323264 ], [ 9.2441355, 47.6323228 ], [ 9.2439676, 47.6323247 ], [ 9.2433032, 47.6324387 ], [ 9.2430598, 47.6324206 ], [ 9.2425434, 47.6323821 ], [ 9.241978, 47.6325847 ], [ 9.2418049, 47.6325669 ], [ 9.2416436, 47.6326051 ], [ 9.2416808, 47.6327657 ], [ 9.2415733, 47.6328334 ], [ 9.2412557, 47.6329452 ], [ 9.2403157, 47.6329532 ], [ 9.2397133, 47.6328819 ], [ 9.239075, 47.6326541 ], [ 9.2384532, 47.6326004 ], [ 9.2376822, 47.6325559 ], [ 9.2371313, 47.6326564 ], [ 9.2369209, 47.6327355 ], [ 9.2364625, 47.6328638 ], [ 9.2361672, 47.6328268 ], [ 9.2354836, 47.6329281 ], [ 9.2351724, 47.6330368 ], [ 9.2341418, 47.6335174 ], [ 9.2333873, 47.6338692 ], [ 9.2332237, 47.6341458 ], [ 9.2330467, 47.6342867 ], [ 9.2330698, 47.6344837 ], [ 9.2332264, 47.634631 ], [ 9.2332707, 47.6348109 ], [ 9.2334168, 47.6349419 ], [ 9.2329153, 47.6353115 ], [ 9.2327999, 47.6354905 ], [ 9.2315902, 47.6358682 ], [ 9.230917, 47.6353079 ], [ 9.2304959, 47.6348615 ], [ 9.2304156, 47.6348169 ], [ 9.2298253, 47.6346645 ], [ 9.2295197, 47.6346591 ], [ 9.2288571, 47.634697 ], [ 9.2284557, 47.6346991 ], [ 9.2281865, 47.6347604 ], [ 9.2280216, 47.6348579 ], [ 9.2276648, 47.6350052 ], [ 9.2273215, 47.6350278 ], [ 9.226954, 47.6351046 ], [ 9.2267176, 47.63531 ], [ 9.2265598, 47.6353576 ], [ 9.2262822, 47.6353197 ], [ 9.2257806, 47.635692 ], [ 9.2255459, 47.6358858 ], [ 9.225397, 47.6359482 ], [ 9.2252817, 47.6358967 ], [ 9.2247305, 47.6361194 ], [ 9.2230783, 47.6368243 ], [ 9.2230479, 47.6368582 ], [ 9.2228064, 47.6371279 ], [ 9.2228233, 47.6372226 ], [ 9.2228798, 47.63754 ], [ 9.2224506, 47.6378653 ], [ 9.2214931, 47.6378762 ], [ 9.2207092, 47.6380355 ], [ 9.2204873, 47.6380996 ], [ 9.2202459, 47.6382729 ], [ 9.2201627, 47.6383994 ], [ 9.2199535, 47.6389235 ], [ 9.2199059, 47.6392355 ], [ 9.2196906, 47.6394223 ], [ 9.2191542, 47.6393934 ], [ 9.2172117, 47.6404596 ], [ 9.2154516, 47.6410253 ], [ 9.2143973, 47.6417416 ], [ 9.2136336, 47.6425655 ], [ 9.213566, 47.6426754 ], [ 9.2134134, 47.6429235 ], [ 9.213535, 47.6432192 ], [ 9.2134733, 47.6434017 ], [ 9.2128271, 47.6436775 ], [ 9.2123551, 47.6442138 ], [ 9.2121336, 47.6444091 ], [ 9.2121296, 47.6445218 ], [ 9.2120866, 47.6446296 ], [ 9.2119287, 47.644776 ], [ 9.2118905, 47.6447608 ], [ 9.211736, 47.6449285 ], [ 9.2117454, 47.6450427 ], [ 9.211762, 47.6450426 ], [ 9.2117651, 47.645098 ], [ 9.2117341, 47.6450991 ], [ 9.2117121, 47.6450998 ], [ 9.2117079, 47.6450537 ], [ 9.211694, 47.6449321 ], [ 9.2115892, 47.644939 ], [ 9.2113667, 47.6449501 ], [ 9.2111222, 47.6449443 ], [ 9.2108529, 47.6449223 ], [ 9.2105842, 47.6449094 ], [ 9.2103292, 47.6449192 ], [ 9.2100768, 47.6449479 ], [ 9.2099506, 47.6449693 ], [ 9.2098032, 47.6450016 ], [ 9.2098125, 47.6450311 ], [ 9.2097434, 47.6450374 ], [ 9.209719, 47.644998 ], [ 9.2096104, 47.6449075 ], [ 9.2095882, 47.6449101 ], [ 9.2095674, 47.6449098 ], [ 9.2095472, 47.6449016 ], [ 9.2095365, 47.6448909 ], [ 9.2095336, 47.6448787 ], [ 9.2095332, 47.6448655 ], [ 9.2095433, 47.6448558 ], [ 9.2095539, 47.6448522 ], [ 9.2094416, 47.6447259 ], [ 9.2094169, 47.6447277 ], [ 9.2093986, 47.6447219 ], [ 9.2093838, 47.6447132 ], [ 9.2093736, 47.6446998 ], [ 9.2091741, 47.6447138 ], [ 9.2089845, 47.6446952 ], [ 9.2087843, 47.6446594 ], [ 9.2086, 47.6445871 ], [ 9.2084101, 47.6443838 ], [ 9.2082229, 47.6441698 ], [ 9.2076644, 47.6440017 ], [ 9.2074454, 47.6439882 ], [ 9.2072386, 47.6440148 ], [ 9.20705, 47.6440209 ], [ 9.2066328, 47.6441089 ], [ 9.2060982, 47.6442156 ], [ 9.2055028, 47.6444331 ], [ 9.2049365, 47.6448077 ], [ 9.2046537, 47.6451703 ], [ 9.2044074, 47.6453629 ], [ 9.2036335, 47.6456224 ], [ 9.203191, 47.6458731 ], [ 9.2028573, 47.6460117 ], [ 9.2026458, 47.6460632 ], [ 9.2025709, 47.6461606 ], [ 9.2024786, 47.6462299 ], [ 9.2024019, 47.6462604 ], [ 9.2023235, 47.6462674 ], [ 9.2021179, 47.6462522 ], [ 9.2019733, 47.6463038 ], [ 9.2018235, 47.6463426 ], [ 9.2017521, 47.6463156 ], [ 9.2016388, 47.646332 ], [ 9.2010811, 47.6465185 ], [ 9.2008147, 47.6465527 ], [ 9.2007171, 47.6465844 ], [ 9.2006318, 47.6466395 ], [ 9.2004854, 47.6467158 ], [ 9.200349, 47.6468314 ], [ 9.1999788, 47.646998 ], [ 9.1996009, 47.6472573 ], [ 9.1994741, 47.6473443 ], [ 9.199264, 47.647503 ], [ 9.1990657, 47.6475642 ], [ 9.1988589, 47.6476163 ], [ 9.1987036, 47.6476654 ], [ 9.1984672, 47.6476526 ], [ 9.1982485, 47.6476148 ], [ 9.1980389, 47.6476037 ], [ 9.197821, 47.6475937 ], [ 9.1976516, 47.6475695 ], [ 9.1973786, 47.6475555 ], [ 9.1969513, 47.6475378 ], [ 9.1968456, 47.6475517 ], [ 9.1968091, 47.647557 ], [ 9.1967771, 47.6477188 ], [ 9.196667, 47.6479303 ], [ 9.1961826, 47.6482945 ], [ 9.1957496, 47.6485793 ], [ 9.194989, 47.6488514 ], [ 9.1944313, 47.6488429 ], [ 9.1937882, 47.6489523 ], [ 9.1916918, 47.6493322 ], [ 9.1914777, 47.649291 ], [ 9.1913122, 47.6493636 ], [ 9.1911138, 47.6493627 ], [ 9.1908217, 47.6494535 ], [ 9.1905246, 47.6494897 ], [ 9.1903266, 47.6495774 ], [ 9.1901662, 47.649584 ], [ 9.1896274, 47.6496803 ], [ 9.189388, 47.6497417 ], [ 9.1891482, 47.6498672 ], [ 9.1885423, 47.6503082 ], [ 9.1881697, 47.6506313 ], [ 9.187835, 47.6508716 ], [ 9.1872919, 47.6513631 ], [ 9.1864121, 47.6521401 ], [ 9.1860145, 47.6524986 ], [ 9.185712, 47.6527202 ], [ 9.18556, 47.652788 ], [ 9.185377, 47.6528549 ], [ 9.1852481, 47.6530484 ], [ 9.1847691, 47.6534518 ], [ 9.1843675, 47.6537369 ], [ 9.184186, 47.6539254 ], [ 9.1835388, 47.6542566 ], [ 9.1830039, 47.6547241 ], [ 9.1818039, 47.6559542 ], [ 9.1814758, 47.6566378 ], [ 9.1811391, 47.6573395 ], [ 9.1812132, 47.6578033 ], [ 9.1819339, 47.6604632 ], [ 9.1819698, 47.6604632 ], [ 9.1819943, 47.6604782 ], [ 9.1819955, 47.6605024 ], [ 9.1819662, 47.6605209 ], [ 9.181925, 47.6605212 ], [ 9.1818961, 47.6605042 ], [ 9.1811127, 47.660724 ], [ 9.1811323, 47.6607288 ], [ 9.1811434, 47.6607373 ], [ 9.1811481, 47.6607507 ], [ 9.1811395, 47.6607661 ], [ 9.1811291, 47.6607721 ], [ 9.1811096, 47.6607755 ], [ 9.1810901, 47.6607718 ], [ 9.1810759, 47.6607617 ], [ 9.1810699, 47.6607587 ], [ 9.1806212, 47.660748 ], [ 9.1806197, 47.6607627 ], [ 9.179703, 47.6607245 ], [ 9.1796927, 47.660724 ], [ 9.1796874, 47.6607744 ], [ 9.1796861, 47.6607865 ], [ 9.1796852, 47.6607953 ], [ 9.1796941, 47.6608053 ], [ 9.1796931, 47.6608142 ], [ 9.1796766, 47.6608211 ], [ 9.1796601, 47.6608185 ], [ 9.1796589, 47.6610068 ], [ 9.1797942, 47.6611077 ], [ 9.1798761, 47.6611035 ], [ 9.180143, 47.6611094 ], [ 9.180225, 47.661131 ], [ 9.1802813, 47.6611682 ], [ 9.1803101, 47.6612176 ], [ 9.1803089, 47.6613065 ], [ 9.1802818, 47.6615211 ], [ 9.1802649, 47.6615635 ], [ 9.1802171, 47.661607 ], [ 9.180141, 47.6616327 ], [ 9.180075, 47.6616472 ], [ 9.1799642, 47.6616478 ], [ 9.1799188, 47.6616493 ], [ 9.1798672, 47.6617192 ], [ 9.1798087, 47.6621132 ], [ 9.1798657, 47.6622368 ], [ 9.1799364, 47.6622688 ], [ 9.1799715, 47.6623027 ], [ 9.1799935, 47.6623452 ], [ 9.1799977, 47.6623939 ], [ 9.1799901, 47.662433 ], [ 9.1799658, 47.6624705 ], [ 9.1799129, 47.6625091 ], [ 9.179843, 47.6625348 ], [ 9.1797764, 47.662543 ], [ 9.1797418, 47.6625755 ], [ 9.1797297, 47.662745 ], [ 9.1797058, 47.6629095 ], [ 9.1796697, 47.6629716 ], [ 9.1795952, 47.6630322 ], [ 9.1795316, 47.6630652 ], [ 9.179442, 47.6630924 ], [ 9.1793549, 47.6631058 ], [ 9.1792362, 47.663102 ], [ 9.1790367, 47.6630824 ], [ 9.1788973, 47.663079 ], [ 9.1788349, 47.663077 ], [ 9.1787947, 47.6630874 ], [ 9.1787168, 47.6630886 ], [ 9.1785344, 47.6630954 ], [ 9.1784928, 47.6630837 ], [ 9.1783984, 47.6630994 ], [ 9.1782795, 47.6631313 ], [ 9.1781542, 47.6631748 ], [ 9.178066, 47.6632216 ], [ 9.1779722, 47.6632856 ], [ 9.1779082, 47.6633549 ], [ 9.1778805, 47.6634291 ], [ 9.1778535, 47.663604 ], [ 9.177828, 47.6637629 ], [ 9.177772, 47.6641408 ], [ 9.1777618, 47.6643294 ], [ 9.1777606, 47.6643621 ], [ 9.1777594, 47.6643939 ], [ 9.1777741, 47.6645017 ], [ 9.1777901, 47.6646249 ], [ 9.1778211, 47.6647205 ], [ 9.1778477, 47.6648095 ], [ 9.1778843, 47.6649027 ], [ 9.1779353, 47.6650243 ], [ 9.1779842, 47.6651188 ], [ 9.1780435, 47.6652194 ], [ 9.1781021, 47.6653027 ], [ 9.1781638, 47.6653888 ], [ 9.1782254, 47.6654619 ], [ 9.178365, 47.6655981 ], [ 9.1783945, 47.6656276 ], [ 9.1784001, 47.6656419 ], [ 9.1784028, 47.6656674 ], [ 9.1783962, 47.6656823 ], [ 9.1783851, 47.665694 ], [ 9.1783546, 47.6657113 ], [ 9.1780116, 47.6658482 ], [ 9.177885, 47.6659054 ], [ 9.1776193, 47.6660213 ], [ 9.1775868, 47.666019 ], [ 9.177403, 47.6661302 ], [ 9.1773684, 47.6661232 ], [ 9.177266, 47.6661853 ], [ 9.1771479, 47.6662621 ], [ 9.1770213, 47.6662113 ], [ 9.1766751, 47.6664136 ], [ 9.1762937, 47.6666372 ], [ 9.1760246, 47.6667636 ], [ 9.1757277, 47.6668925 ], [ 9.175472, 47.6669962 ], [ 9.175245, 47.6671144 ], [ 9.1752085, 47.6670767 ], [ 9.1751962, 47.667064 ], [ 9.1751714, 47.6670384 ], [ 9.174918, 47.6671323 ], [ 9.1749123, 47.6671345 ], [ 9.1748982, 47.6671395 ], [ 9.1735409, 47.6676087 ], [ 9.1724994, 47.6679783 ], [ 9.17145, 47.6683209 ], [ 9.1708382, 47.6685284 ], [ 9.1699833, 47.6687891 ], [ 9.1699905, 47.6688281 ], [ 9.1698546, 47.6688531 ], [ 9.1698517, 47.6688684 ], [ 9.1698272, 47.6688991 ], [ 9.1697974, 47.6689205 ], [ 9.1697593, 47.6689372 ], [ 9.1697297, 47.6689463 ], [ 9.1696822, 47.6689527 ], [ 9.1695882, 47.668945 ], [ 9.1695626, 47.6689047 ], [ 9.1695521, 47.668887 ], [ 9.1690346, 47.6690239 ], [ 9.1685179, 47.6691238 ], [ 9.1680333, 47.6691974 ], [ 9.1676334, 47.6692557 ], [ 9.1669521, 47.6693216 ], [ 9.1664558, 47.6693634 ], [ 9.1657021, 47.669405 ], [ 9.1651704, 47.6694252 ], [ 9.1642438, 47.6694291 ], [ 9.1635792, 47.6694093 ], [ 9.1635494, 47.6694516 ], [ 9.1635142, 47.6694742 ], [ 9.1634387, 47.6695031 ], [ 9.1633835, 47.6695101 ], [ 9.1633218, 47.6695018 ], [ 9.1632766, 47.6694842 ], [ 9.1632216, 47.6694498 ], [ 9.1631999, 47.6694098 ], [ 9.1631938, 47.6693688 ], [ 9.162478, 47.6693066 ], [ 9.1619269, 47.6692597 ], [ 9.1615282, 47.6692042 ], [ 9.1608247, 47.6690789 ], [ 9.1603355, 47.6689759 ], [ 9.159962, 47.6688997 ], [ 9.1598013, 47.6688568 ], [ 9.1596495, 47.6688015 ], [ 9.1595263, 47.6687274 ], [ 9.1594499, 47.6686474 ], [ 9.1594029, 47.6684985 ], [ 9.1590736, 47.6675734 ], [ 9.1589333, 47.6672622 ], [ 9.1587975, 47.6670098 ], [ 9.1587693, 47.666969 ], [ 9.1584286, 47.6667396 ], [ 9.157872, 47.6664105 ], [ 9.1576683, 47.6663912 ], [ 9.1574206, 47.6661962 ], [ 9.1572969, 47.6661153 ], [ 9.1572247, 47.6660814 ], [ 9.156995, 47.6661205 ], [ 9.1569001, 47.6661212 ], [ 9.1566739, 47.6660849 ], [ 9.1561845, 47.6658553 ], [ 9.1560186, 47.6657091 ], [ 9.1538491, 47.6652178 ], [ 9.1537446, 47.6651585 ], [ 9.1534713, 47.6652859 ], [ 9.1525719, 47.6653975 ], [ 9.1521206, 47.6655038 ], [ 9.1510934, 47.6658989 ], [ 9.1507064, 47.6660103 ], [ 9.1504413, 47.6659228 ], [ 9.1500081, 47.6660761 ], [ 9.14899, 47.6663312 ], [ 9.1488428, 47.6663696 ], [ 9.1487189, 47.6664008 ], [ 9.1482619, 47.6661998 ], [ 9.1478725, 47.6660853 ], [ 9.1476472, 47.665861 ], [ 9.1472971, 47.665818 ], [ 9.1456103, 47.6651378 ], [ 9.1448558, 47.6647028 ], [ 9.1447637, 47.6645221 ], [ 9.1444333, 47.6643647 ], [ 9.1442095, 47.6642871 ], [ 9.1441494, 47.6642663 ], [ 9.143983, 47.6642926 ], [ 9.1438295, 47.6642581 ], [ 9.1435693, 47.6642328 ], [ 9.1419507, 47.6634833 ], [ 9.1416871, 47.6633619 ], [ 9.1414884, 47.6633372 ], [ 9.1411395, 47.6632939 ], [ 9.1404447, 47.6632456 ], [ 9.1399959, 47.6631954 ], [ 9.1393731, 47.6630548 ], [ 9.1388266, 47.6631021 ], [ 9.1387352, 47.66311 ], [ 9.1384497, 47.6632576 ], [ 9.1380749, 47.6634306 ], [ 9.1376739, 47.6637142 ], [ 9.1375482, 47.6638631 ], [ 9.1367864, 47.6641128 ], [ 9.136373, 47.6642231 ], [ 9.1362745, 47.6642647 ], [ 9.1361129, 47.6642986 ], [ 9.1361118, 47.6643069 ], [ 9.1361001, 47.6643114 ], [ 9.13608, 47.6643121 ], [ 9.1359258, 47.6643369 ], [ 9.1358389, 47.6643751 ], [ 9.1357658, 47.6644396 ], [ 9.1355012, 47.6645216 ], [ 9.1349234, 47.6646376 ], [ 9.1348548, 47.6646551 ], [ 9.1347487, 47.6646605 ], [ 9.1346097, 47.6646989 ], [ 9.1346181, 47.664711 ], [ 9.1344309, 47.6647612 ], [ 9.1344212, 47.6647467 ], [ 9.1343663, 47.664761 ], [ 9.1340856, 47.6648391 ], [ 9.1340826, 47.6648312 ], [ 9.1336145, 47.6649634 ], [ 9.1336018, 47.6649378 ], [ 9.1333923, 47.6650151 ], [ 9.1332779, 47.6650595 ], [ 9.1332705, 47.6650756 ], [ 9.1332913, 47.6651095 ], [ 9.1331205, 47.6651694 ], [ 9.1328505, 47.6652275 ], [ 9.1327735, 47.6651255 ], [ 9.1325604, 47.6651887 ], [ 9.1322193, 47.6652932 ], [ 9.1320694, 47.6653199 ], [ 9.1318853, 47.6651021 ], [ 9.1316651, 47.6651867 ], [ 9.1314508, 47.6649432 ], [ 9.1309213, 47.665143 ], [ 9.1309729, 47.6652061 ], [ 9.1310209, 47.6651922 ], [ 9.1311519, 47.6653587 ], [ 9.1309547, 47.6654188 ], [ 9.1304223, 47.6654884 ], [ 9.1302749, 47.6655093 ], [ 9.1295906, 47.6655578 ], [ 9.1293718, 47.6655733 ], [ 9.1289421, 47.6656784 ], [ 9.1286516, 47.6658012 ], [ 9.1279579, 47.6661051 ], [ 9.126914, 47.6662977 ], [ 9.1258878, 47.6664253 ], [ 9.1256001, 47.6663289 ], [ 9.1253052, 47.6663444 ], [ 9.1251387, 47.6663409 ], [ 9.124975, 47.6663186 ], [ 9.1247286, 47.6662885 ], [ 9.1245555, 47.6661743 ], [ 9.1241806, 47.6661298 ], [ 9.1237236, 47.6660168 ], [ 9.1234023, 47.6659134 ], [ 9.1230792, 47.665774 ], [ 9.1229256, 47.665774 ], [ 9.1226632, 47.6656658 ], [ 9.1220813, 47.6655035 ], [ 9.1212762, 47.6654674 ], [ 9.1203354, 47.6654217 ], [ 9.1200021, 47.6654578 ], [ 9.1190662, 47.6657448 ], [ 9.118914, 47.6657274 ], [ 9.1185592, 47.6653388 ], [ 9.1185699, 47.6652594 ], [ 9.1186437, 47.6651931 ], [ 9.1185084, 47.6651733 ], [ 9.1176171, 47.6651465 ], [ 9.1172308, 47.6655535 ], [ 9.1168491, 47.6656501 ], [ 9.1164351, 47.6656808 ], [ 9.1160922, 47.6656742 ], [ 9.1158789, 47.6656077 ], [ 9.1153532, 47.6656213 ], [ 9.1149421, 47.665567 ], [ 9.1144677, 47.6656886 ], [ 9.114282, 47.6656894 ], [ 9.1141179, 47.6657728 ], [ 9.1136841, 47.6657595 ], [ 9.1135654, 47.6656919 ], [ 9.1133395, 47.6657583 ], [ 9.1130325, 47.6657836 ], [ 9.1128754, 47.6657295 ], [ 9.1128299, 47.6656728 ], [ 9.1126987, 47.6656934 ], [ 9.1125934, 47.6656261 ], [ 9.1122603, 47.6657589 ], [ 9.1117472, 47.6658016 ], [ 9.1114885, 47.6657593 ], [ 9.1113259, 47.6657115 ], [ 9.1112647, 47.6656192 ], [ 9.1111957, 47.665576 ], [ 9.1108237, 47.665569 ], [ 9.1106946, 47.6659002 ], [ 9.1101454, 47.6659707 ], [ 9.1100815, 47.6659789 ], [ 9.1078513, 47.6658621 ], [ 9.1058473, 47.6653879 ], [ 9.1041683, 47.6653515 ], [ 9.1028143, 47.6659715 ], [ 9.1008645, 47.6662268 ], [ 9.0999438, 47.6666645 ], [ 9.0994057, 47.6664055 ], [ 9.098895, 47.6663705 ], [ 9.0977111, 47.6662895 ], [ 9.0962617, 47.6666154 ], [ 9.0936612, 47.6677587 ], [ 9.0920324, 47.6692848 ], [ 9.0914938, 47.6701377 ], [ 9.0911435, 47.6714247 ], [ 9.0906016, 47.672043 ], [ 9.0900403, 47.6724921 ], [ 9.0897871, 47.6727103 ], [ 9.0897776, 47.6729578 ], [ 9.0897394, 47.6730267 ], [ 9.0892603, 47.6734433 ], [ 9.0890574, 47.6735299 ], [ 9.0888123, 47.6735125 ], [ 9.0885823, 47.6735308 ], [ 9.0884025, 47.6735235 ], [ 9.0881847, 47.6735632 ], [ 9.0877491, 47.6735345 ], [ 9.0869867, 47.6736582 ], [ 9.0869948, 47.6736998 ], [ 9.0866545, 47.6736958 ], [ 9.0866626, 47.6737545 ], [ 9.0865665, 47.6737642 ], [ 9.0865786, 47.6738375 ], [ 9.0855754, 47.6740035 ], [ 9.0853916, 47.6740201 ], [ 9.0852863, 47.6740444 ], [ 9.0852975, 47.6740688 ], [ 9.0853657, 47.6742169 ], [ 9.0852805, 47.6742375 ], [ 9.0853621, 47.6743994 ], [ 9.0853736, 47.6744441 ], [ 9.0854333, 47.6746751 ], [ 9.0854002, 47.6746797 ], [ 9.0853862, 47.6746816 ], [ 9.0855478, 47.6752022 ], [ 9.0855713, 47.6752013 ], [ 9.0855988, 47.6752952 ], [ 9.0855727, 47.6752979 ], [ 9.0855988, 47.675392 ], [ 9.0855577, 47.6753965 ], [ 9.0855263, 47.6753999 ], [ 9.0854935, 47.6753065 ], [ 9.0854681, 47.6753096 ], [ 9.0854184, 47.6751381 ], [ 9.0852914, 47.675155 ], [ 9.0852646, 47.6750891 ], [ 9.0849988, 47.6745115 ], [ 9.0848497, 47.6743977 ], [ 9.0845294, 47.6743786 ], [ 9.0845434, 47.6743008 ], [ 9.0842883, 47.674297 ], [ 9.0838683, 47.6742908 ], [ 9.0838663, 47.6743494 ], [ 9.0837791, 47.6743544 ], [ 9.0837733, 47.6745189 ], [ 9.0835109, 47.6745259 ], [ 9.0832373, 47.674497 ], [ 9.0831787, 47.674442 ], [ 9.0828729, 47.6743964 ], [ 9.0828164, 47.6745181 ], [ 9.0826104, 47.6744165 ], [ 9.0826314, 47.6744017 ], [ 9.0824122, 47.6743082 ], [ 9.0822434, 47.6741762 ], [ 9.081912, 47.6738302 ], [ 9.0818255, 47.6738764 ], [ 9.081788, 47.6738439 ], [ 9.0816561, 47.6739034 ], [ 9.0814695, 47.6737442 ], [ 9.0814644, 47.6737219 ], [ 9.0814809, 47.6737037 ], [ 9.0816226, 47.6736371 ], [ 9.0815573, 47.6735803 ], [ 9.0815995, 47.6735546 ], [ 9.0815137, 47.6734767 ], [ 9.0814742, 47.6734795 ], [ 9.0814198, 47.6734419 ], [ 9.0814279, 47.6733878 ], [ 9.0815011, 47.6733662 ], [ 9.081594, 47.6733337 ], [ 9.0815467, 47.6732296 ], [ 9.0814753, 47.6731044 ], [ 9.0811972, 47.6726697 ], [ 9.0809146, 47.6723383 ], [ 9.0805226, 47.6719604 ], [ 9.0804423, 47.6719898 ], [ 9.0803524, 47.6719916 ], [ 9.0802843, 47.6719742 ], [ 9.0802394, 47.6719503 ], [ 9.0802081, 47.671921 ], [ 9.0801863, 47.6718862 ], [ 9.0801795, 47.6718412 ], [ 9.0802013, 47.6717936 ], [ 9.0802462, 47.6717541 ], [ 9.0801223, 47.6717001 ], [ 9.0800502, 47.6717587 ], [ 9.0793027, 47.6714782 ], [ 9.0791775, 47.6715039 ], [ 9.0787681, 47.671336 ], [ 9.0785894, 47.6712398 ], [ 9.0783198, 47.6709978 ], [ 9.0778341, 47.6708025 ], [ 9.076923, 47.6705688 ], [ 9.0766201, 47.6706099 ], [ 9.0750762, 47.6708192 ], [ 9.0743408, 47.6711764 ], [ 9.0737514, 47.6714128 ], [ 9.073405, 47.6715518 ], [ 9.0731019, 47.6717138 ], [ 9.0730811, 47.6717248 ], [ 9.0728782, 47.6718325 ], [ 9.0723796, 47.6720997 ], [ 9.0715761, 47.6725771 ], [ 9.0713205, 47.6728304 ], [ 9.0711587, 47.673084 ], [ 9.0706411, 47.6736581 ], [ 9.0701947, 47.6738063 ], [ 9.0696822, 47.674181 ], [ 9.0694329, 47.6743076 ], [ 9.0693015, 47.6743743 ], [ 9.0686606, 47.6746011 ], [ 9.0681429, 47.6745944 ], [ 9.0676519, 47.6745484 ], [ 9.0674232, 47.6744166 ], [ 9.0668117, 47.6741193 ], [ 9.0665728, 47.6741577 ], [ 9.0663503, 47.6743143 ], [ 9.0661237, 47.674338 ], [ 9.0660198, 47.6742136 ], [ 9.0657944, 47.6741992 ], [ 9.0657282, 47.6742203 ], [ 9.0656784, 47.6742194 ], [ 9.0655788, 47.6742025 ], [ 9.0655264, 47.6741904 ], [ 9.0654703, 47.6741733 ], [ 9.0654257, 47.6741536 ], [ 9.0649846, 47.6739369 ], [ 9.0649069, 47.6739052 ], [ 9.0648226, 47.673886 ], [ 9.0647298, 47.6738743 ], [ 9.0643059, 47.6738548 ], [ 9.0641962, 47.6738606 ], [ 9.0640958, 47.6738851 ], [ 9.0636443, 47.6740047 ], [ 9.0633971, 47.6739503 ], [ 9.0632312, 47.6739243 ], [ 9.0629825, 47.6738839 ], [ 9.0628046, 47.6738745 ], [ 9.0627752, 47.6738363 ], [ 9.0621094, 47.6738442 ], [ 9.0614665, 47.6738501 ], [ 9.0607876, 47.673858 ], [ 9.060283, 47.6738694 ], [ 9.0601384, 47.6738835 ], [ 9.0594227, 47.6740208 ], [ 9.0588232, 47.6741217 ], [ 9.05842, 47.6742143 ], [ 9.0583234, 47.6742308 ], [ 9.0582694, 47.6742762 ], [ 9.0581464, 47.6743344 ], [ 9.0578413, 47.6743521 ], [ 9.0576224, 47.6744115 ], [ 9.0575596, 47.6744276 ], [ 9.0573204, 47.6744618 ], [ 9.0572676, 47.6744678 ], [ 9.0572181, 47.6744603 ], [ 9.0570238, 47.6744288 ], [ 9.0564809, 47.6743046 ], [ 9.0563594, 47.6742709 ], [ 9.0561746, 47.6741947 ], [ 9.0557218, 47.6739971 ], [ 9.0556774, 47.6739694 ], [ 9.0547681, 47.6739099 ], [ 9.0539781, 47.6738512 ], [ 9.0531849, 47.6739125 ], [ 9.0526118, 47.6739555 ], [ 9.0525742, 47.6739564 ], [ 9.0525712, 47.6739405 ], [ 9.0522433, 47.6739843 ], [ 9.0519453, 47.674022 ], [ 9.05186, 47.674064 ], [ 9.051851, 47.6740703 ], [ 9.0519412, 47.6743713 ], [ 9.0510593, 47.6745033 ], [ 9.0510157, 47.674467 ], [ 9.0509438, 47.6744024 ], [ 9.0507276, 47.6744136 ], [ 9.0506715, 47.6745342 ], [ 9.0505331, 47.6745338 ], [ 9.0501551, 47.6745293 ], [ 9.0501558, 47.6745804 ], [ 9.0500153, 47.6745858 ], [ 9.0500102, 47.6745323 ], [ 9.049332, 47.6745342 ], [ 9.0493298, 47.6745771 ], [ 9.0488707, 47.6745137 ], [ 9.0488077, 47.6744545 ], [ 9.0487556, 47.6744523 ], [ 9.0486349, 47.674523 ], [ 9.0485109, 47.674616 ], [ 9.048484, 47.6745989 ], [ 9.0484582, 47.6745836 ], [ 9.0484377, 47.6745715 ], [ 9.0484175, 47.6745595 ], [ 9.0484059, 47.6745526 ], [ 9.0483885, 47.6745425 ], [ 9.0483724, 47.6745329 ], [ 9.0483047, 47.6744915 ], [ 9.047923, 47.6742708 ], [ 9.0475356, 47.6740498 ], [ 9.0476406, 47.6740032 ], [ 9.0475322, 47.6738979 ], [ 9.0473762, 47.6737441 ], [ 9.0474147, 47.6737295 ], [ 9.0473234, 47.6736361 ], [ 9.0472745, 47.6736548 ], [ 9.0471763, 47.6735788 ], [ 9.0472474, 47.6735254 ], [ 9.0461237, 47.6729051 ], [ 9.0455888, 47.672759 ], [ 9.0442618, 47.6727153 ], [ 9.0441737, 47.6728087 ], [ 9.0438322, 47.6728026 ], [ 9.0436212, 47.6728374 ], [ 9.043507, 47.6728598 ], [ 9.0434119, 47.6728852 ], [ 9.0433642, 47.6728869 ], [ 9.0433355, 47.6727913 ], [ 9.0432263, 47.6727821 ], [ 9.043211, 47.6727846 ], [ 9.0432324, 47.6728354 ], [ 9.043135, 47.6728537 ], [ 9.0431434, 47.6728854 ], [ 9.0427234, 47.6729618 ], [ 9.042607, 47.6729793 ], [ 9.0419682, 47.6730495 ], [ 9.0416289, 47.6731298 ], [ 9.041635, 47.6731515 ], [ 9.0415668, 47.6731793 ], [ 9.0411764, 47.6733046 ], [ 9.0404094, 47.6736181 ], [ 9.0403519, 47.6737213 ], [ 9.0393867, 47.6743794 ], [ 9.0389811, 47.6745795 ], [ 9.0385348, 47.6746977 ], [ 9.0381006, 47.6747715 ], [ 9.0375976, 47.6748711 ], [ 9.0372054, 47.6749371 ], [ 9.0372125, 47.6750128 ], [ 9.037186, 47.6750366 ], [ 9.0369829, 47.6750779 ], [ 9.0368578, 47.6750317 ], [ 9.0367226, 47.6749893 ], [ 9.036765, 47.6748864 ], [ 9.0367316, 47.674867 ], [ 9.0364885, 47.6747585 ], [ 9.0361964, 47.6746281 ], [ 9.0361191, 47.6745348 ], [ 9.0359624, 47.6744061 ], [ 9.0358496, 47.6743557 ], [ 9.0355166, 47.6741973 ], [ 9.0352147, 47.6740335 ], [ 9.0343971, 47.6737623 ], [ 9.034002, 47.6737268 ], [ 9.0327561, 47.673621 ], [ 9.0309782, 47.6734612 ], [ 9.0302339, 47.6733143 ], [ 9.0289918, 47.6729666 ], [ 9.0285563, 47.6728571 ], [ 9.0283245, 47.672845 ], [ 9.0280299, 47.6729297 ], [ 9.0277788, 47.6728851 ], [ 9.0276762, 47.6728148 ], [ 9.0273629, 47.6727752 ], [ 9.0260099, 47.6727522 ], [ 9.0252662, 47.6728375 ], [ 9.0249703, 47.67304 ], [ 9.0242319, 47.6732409 ], [ 9.0242102, 47.6732468 ], [ 9.0232472, 47.6735577 ], [ 9.0229783, 47.6737427 ], [ 9.0227205, 47.6738228 ], [ 9.0223178, 47.6741168 ], [ 9.0226044, 47.6743595 ], [ 9.0225194, 47.6744052 ], [ 9.022489, 47.6743822 ], [ 9.0210837, 47.6751657 ], [ 9.0202655, 47.6752185 ], [ 9.0200312, 47.6752469 ], [ 9.019265, 47.6752153 ], [ 9.0192591, 47.6751528 ], [ 9.0190752, 47.6751276 ], [ 9.0190078, 47.6751747 ], [ 9.0186674, 47.6751309 ], [ 9.0179958, 47.6750475 ], [ 9.0179789, 47.6750054 ], [ 9.0176735, 47.6750102 ], [ 9.0177718, 47.6754592 ], [ 9.0166517, 47.6750542 ], [ 9.0165121, 47.6750859 ], [ 9.0163216, 47.6750317 ], [ 9.0163044, 47.6749699 ], [ 9.0155109, 47.6747083 ], [ 9.0156447, 47.6746059 ], [ 9.0156317, 47.6745876 ], [ 9.0156019, 47.674541 ], [ 9.015421, 47.6742585 ], [ 9.0154089, 47.6741263 ], [ 9.0152728, 47.6738852 ], [ 9.0149388, 47.6734918 ], [ 9.0147784, 47.6733621 ], [ 9.0147976, 47.6733394 ], [ 9.0141358, 47.6729195 ], [ 9.0139046, 47.6727717 ], [ 9.0134721, 47.6726043 ], [ 9.0128038, 47.6724426 ], [ 9.0121689, 47.6723782 ], [ 9.0116122, 47.6723921 ], [ 9.0109555, 47.6724521 ], [ 9.0107193, 47.6724016 ], [ 9.0103407, 47.6722899 ], [ 9.0103467, 47.6722792 ], [ 9.0095982, 47.6721059 ], [ 9.0090873, 47.6720838 ], [ 9.0077792, 47.6720237 ], [ 9.0075691, 47.6719899 ], [ 9.0072143, 47.6719262 ], [ 9.0064234, 47.6717638 ], [ 9.0061589, 47.6717481 ], [ 9.0059019, 47.6716925 ], [ 9.0057362, 47.6716288 ], [ 9.0054924, 47.671546 ], [ 9.0048714, 47.6714329 ], [ 9.0032137, 47.6711959 ], [ 9.0018285, 47.6711368 ], [ 9.0005875, 47.6713999 ], [ 8.9993528, 47.6713015 ], [ 8.9976885, 47.6709765 ], [ 8.9966792, 47.6704789 ], [ 8.992322, 47.6691109 ], [ 8.9920464, 47.6690474 ], [ 8.9917996, 47.6689836 ], [ 8.9915018, 47.6689644 ], [ 8.9913701, 47.6689411 ], [ 8.9908036, 47.6688409 ], [ 8.9903199, 47.6687834 ], [ 8.9901736, 47.6688127 ], [ 8.9897941, 47.6687109 ], [ 8.9896894, 47.6686204 ], [ 8.9892229, 47.6684959 ], [ 8.9892773, 47.6683663 ], [ 8.9890249, 47.6682872 ], [ 8.9887877, 47.668262 ], [ 8.988382, 47.6683495 ], [ 8.9879693, 47.6685177 ], [ 8.986752, 47.669032 ], [ 8.985903, 47.6694114 ], [ 8.9850367, 47.6692368 ], [ 8.9841535, 47.6694559 ], [ 8.9828905, 47.669023 ], [ 8.9827328, 47.6689611 ], [ 8.9818706, 47.6684498 ], [ 8.98157, 47.6686206 ], [ 8.9815297, 47.668586 ], [ 8.9814111, 47.6686583 ], [ 8.981311, 47.6685842 ], [ 8.9816662, 47.668387 ], [ 8.9814855, 47.6682458 ], [ 8.9813552, 47.6682983 ], [ 8.9813479, 47.6682631 ], [ 8.9813658, 47.6681775 ], [ 8.9810433, 47.6679127 ], [ 8.980986, 47.6679321 ], [ 8.9807272, 47.6676035 ], [ 8.9807825, 47.6675773 ], [ 8.9803294, 47.6670556 ], [ 8.9803125, 47.6670362 ], [ 8.9802073, 47.6670423 ], [ 8.9801122, 47.6668212 ], [ 8.980108, 47.666167 ], [ 8.9803948, 47.6661382 ], [ 8.9803232, 47.6657457 ], [ 8.980364, 47.6657314 ], [ 8.9802773, 47.6655956 ], [ 8.9801544, 47.6656575 ], [ 8.9800053, 47.6654213 ], [ 8.980083, 47.6653907 ], [ 8.9799795, 47.6652217 ], [ 8.9786175, 47.6646982 ], [ 8.9787712, 47.6645125 ], [ 8.9782565, 47.664315 ], [ 8.9781491, 47.6644371 ], [ 8.97715, 47.664414 ], [ 8.9763402, 47.6645688 ], [ 8.9747274, 47.664877 ], [ 8.9747616, 47.6650238 ], [ 8.9735794, 47.6649949 ], [ 8.9729233, 47.6646891 ], [ 8.9727346, 47.6645084 ], [ 8.9726257, 47.6639701 ], [ 8.9725965, 47.6638258 ], [ 8.972291, 47.6634743 ], [ 8.9714416, 47.6622507 ], [ 8.9713677, 47.6621998 ], [ 8.9712967, 47.6621509 ], [ 8.9712952, 47.662104 ], [ 8.9712725, 47.6620217 ], [ 8.9712687, 47.6619714 ], [ 8.9712633, 47.6618999 ], [ 8.9712671, 47.6618013 ], [ 8.9712256, 47.6617509 ], [ 8.9711991, 47.6617186 ], [ 8.9711006, 47.6617376 ], [ 8.9710495, 47.6616897 ], [ 8.9710624, 47.6616208 ], [ 8.9710937, 47.6614935 ], [ 8.9711486, 47.661379 ], [ 8.9712669, 47.6612988 ], [ 8.9713421, 47.6613032 ], [ 8.9714059, 47.6612413 ], [ 8.971573, 47.6610652 ], [ 8.9717182, 47.6609649 ], [ 8.9719104, 47.6605223 ], [ 8.9717964, 47.6600945 ], [ 8.9709052, 47.6595307 ], [ 8.9705287, 47.6593059 ], [ 8.9702513, 47.6591403 ], [ 8.9699267, 47.659046 ], [ 8.9697309, 47.6590015 ], [ 8.9680156, 47.6584534 ], [ 8.9679827, 47.6584111 ], [ 8.9679485, 47.6583884 ], [ 8.9679074, 47.6583742 ], [ 8.967785, 47.6583558 ], [ 8.967714, 47.658362 ], [ 8.9674349, 47.6582769 ], [ 8.9673061, 47.6582462 ], [ 8.9670608, 47.6581729 ], [ 8.9670792, 47.6581455 ], [ 8.9670289, 47.6581207 ], [ 8.9669357, 47.6580869 ], [ 8.966907, 47.6581297 ], [ 8.9668113, 47.6581 ], [ 8.9668357, 47.6580679 ], [ 8.9668032, 47.6580682 ], [ 8.9667622, 47.6580811 ], [ 8.9652732, 47.6576233 ], [ 8.9651661, 47.6573914 ], [ 8.9627329, 47.6563793 ], [ 8.9619718, 47.6562674 ], [ 8.9613357, 47.6562859 ], [ 8.9579721, 47.6577004 ], [ 8.957514, 47.6576274 ], [ 8.9558547, 47.6567011 ], [ 8.9559092, 47.6565439 ], [ 8.9555243, 47.6559216 ], [ 8.9554553, 47.6558177 ], [ 8.9550538, 47.6556001 ], [ 8.9545891, 47.6553726 ], [ 8.9542876, 47.6552586 ], [ 8.9537482, 47.6547436 ], [ 8.9527677, 47.6543545 ], [ 8.9516803, 47.6541062 ], [ 8.9511716, 47.6540669 ], [ 8.9509185, 47.6541383 ], [ 8.9501674, 47.6544744 ], [ 8.9494336, 47.6549756 ], [ 8.9485513, 47.6550916 ], [ 8.9475303, 47.6549904 ], [ 8.9469477, 47.6546583 ], [ 8.9468302, 47.654362 ], [ 8.9463818, 47.6540278 ], [ 8.9445603, 47.652741 ], [ 8.9439951, 47.6525177 ], [ 8.9435145, 47.652445 ], [ 8.9429566, 47.652445 ], [ 8.94098, 47.6526084 ], [ 8.9402154, 47.6528581 ], [ 8.9395039, 47.6528169 ], [ 8.9394218, 47.6527601 ], [ 8.9384548, 47.6520913 ], [ 8.9376732, 47.6518332 ], [ 8.9369833, 47.6517183 ], [ 8.9349531, 47.6520576 ], [ 8.9331133, 47.6520333 ], [ 8.9314136, 47.652437 ], [ 8.93087, 47.6518311 ], [ 8.930251, 47.6512034 ], [ 8.9299774, 47.6510964 ], [ 8.9293594, 47.6500911 ], [ 8.9272683, 47.6493242 ], [ 8.9248881, 47.6476242 ], [ 8.9238879, 47.6470394 ], [ 8.923617, 47.646893 ], [ 8.923028, 47.6466848 ], [ 8.922885, 47.6466373 ], [ 8.9221051, 47.6463637 ], [ 8.9216731, 47.6463587 ], [ 8.9215778, 47.6463876 ], [ 8.9215999, 47.6464283 ], [ 8.9213296, 47.6465092 ], [ 8.9212459, 47.6464116 ], [ 8.920343, 47.6467616 ], [ 8.9202432, 47.6467918 ], [ 8.9198395, 47.646895 ], [ 8.9196739, 47.6469899 ], [ 8.9197531, 47.6470818 ], [ 8.9195574, 47.6471769 ], [ 8.9194076, 47.6470059 ], [ 8.9179337, 47.6475793 ], [ 8.9178396, 47.6477197 ], [ 8.9178152, 47.6482965 ], [ 8.9176804, 47.6482991 ], [ 8.9175251, 47.6482942 ], [ 8.9175242, 47.6483222 ], [ 8.9174095, 47.6483228 ], [ 8.9174059, 47.6482948 ], [ 8.9171377, 47.6482942 ], [ 8.9170113, 47.6483654 ], [ 8.9169879, 47.6483739 ], [ 8.9169617, 47.6483824 ], [ 8.9169874, 47.6483961 ], [ 8.9170393, 47.6484268 ], [ 8.9170362, 47.6484308 ], [ 8.9170143, 47.6484187 ], [ 8.9169813, 47.648401 ], [ 8.9169445, 47.6483861 ], [ 8.9168958, 47.6483696 ], [ 8.9168253, 47.6483599 ], [ 8.9167775, 47.6483648 ], [ 8.9167586, 47.648397 ], [ 8.9166803, 47.6485658 ], [ 8.9167045, 47.6485722 ], [ 8.9166441, 47.6487086 ], [ 8.9165748, 47.6486952 ], [ 8.916681, 47.6484588 ], [ 8.9166609, 47.6484534 ], [ 8.9167025, 47.6483432 ], [ 8.9166783, 47.6483386 ], [ 8.9167057, 47.6482718 ], [ 8.9166005, 47.6482139 ], [ 8.9164781, 47.6481061 ], [ 8.9161369, 47.6478837 ], [ 8.9155303, 47.6476411 ], [ 8.9155296, 47.6475298 ], [ 8.9154791, 47.6474923 ], [ 8.9150436, 47.6474678 ], [ 8.9142575, 47.6476197 ], [ 8.9140217, 47.6476924 ], [ 8.9137977, 47.6476476 ], [ 8.9134739, 47.6475157 ], [ 8.9128017, 47.647118 ], [ 8.9123471, 47.6469663 ], [ 8.9119834, 47.6468484 ], [ 8.9108933, 47.6465956 ], [ 8.9102428, 47.6463902 ], [ 8.9097757, 47.6458582 ], [ 8.9091758, 47.6455384 ], [ 8.9085007, 47.6448157 ], [ 8.9079989, 47.6444989 ], [ 8.9073626, 47.6441125 ], [ 8.9063821, 47.6435951 ], [ 8.9050424, 47.6435865 ], [ 8.904476, 47.6434585 ], [ 8.9041463, 47.6433812 ], [ 8.9037699, 47.643403 ], [ 8.9034365, 47.6434488 ], [ 8.9032124, 47.643418 ], [ 8.9014399, 47.6434223 ], [ 8.9011926, 47.6434464 ], [ 8.9005832, 47.643543 ], [ 8.9002541, 47.64354 ], [ 8.8996716, 47.6434525 ], [ 8.8987027, 47.6434585 ], [ 8.8982743, 47.6434436 ], [ 8.8977942, 47.6434147 ], [ 8.8974358, 47.6434638 ], [ 8.8968985, 47.6435047 ], [ 8.8961635, 47.6437085 ], [ 8.8960099, 47.6437642 ], [ 8.8959056, 47.6438021 ], [ 8.8956331, 47.6439435 ], [ 8.8954318, 47.6441015 ], [ 8.8952084, 47.644206 ], [ 8.8951384, 47.6442271 ], [ 8.8947024, 47.644249 ], [ 8.8941461, 47.6442151 ], [ 8.8933468, 47.6440758 ], [ 8.8933176, 47.6440732 ], [ 8.8924644, 47.6439963 ], [ 8.8918585, 47.6441465 ], [ 8.8913087, 47.6443253 ], [ 8.8909311, 47.6447281 ], [ 8.890646, 47.6451734 ], [ 8.8904367, 47.6453128 ], [ 8.8900264, 47.6453969 ], [ 8.8896616, 47.6456607 ], [ 8.8893858, 47.6460412 ], [ 8.8888818, 47.6463289 ], [ 8.8881593, 47.6468206 ], [ 8.8875779, 47.6472348 ], [ 8.8869991, 47.6475345 ], [ 8.8862843, 47.647818 ], [ 8.885873, 47.6481686 ], [ 8.8857038, 47.6482991 ], [ 8.8855407, 47.6484652 ], [ 8.8853424, 47.6486988 ], [ 8.8851448, 47.6489528 ], [ 8.8849795, 47.6492213 ], [ 8.8849077, 47.6493826 ], [ 8.884905, 47.6494518 ], [ 8.8848205, 47.6495983 ], [ 8.8844924, 47.649954 ], [ 8.8842052, 47.6503735 ], [ 8.883895, 47.6504119 ], [ 8.8836799, 47.650622 ], [ 8.883559, 47.6509162 ], [ 8.8835575, 47.6510466 ], [ 8.8834624, 47.651643 ], [ 8.8834335, 47.6517915 ], [ 8.8832933, 47.6519225 ], [ 8.8830982, 47.6519781 ], [ 8.8831866, 47.6520298 ], [ 8.8832374, 47.6520617 ], [ 8.8832594, 47.6521199 ], [ 8.8832379, 47.6521698 ], [ 8.8831645, 47.6522043 ], [ 8.8830406, 47.6522046 ], [ 8.8829464, 47.6523246 ], [ 8.8813945, 47.6529237 ], [ 8.8800563, 47.6531937 ], [ 8.8790818, 47.6533903 ], [ 8.8788969, 47.6534793 ], [ 8.8787047, 47.6534955 ], [ 8.8785651, 47.6534851 ], [ 8.8782134, 47.6536001 ], [ 8.8779812, 47.6535814 ], [ 8.8777102, 47.653632 ], [ 8.8772522, 47.653718 ], [ 8.8771674, 47.6538169 ], [ 8.8769862, 47.6538576 ], [ 8.8765912, 47.6539467 ], [ 8.8763458, 47.653971 ], [ 8.8761443, 47.6539397 ], [ 8.8758636, 47.6538837 ], [ 8.8756569, 47.6537777 ], [ 8.8754283, 47.6535842 ], [ 8.8751761, 47.65356 ], [ 8.8749694, 47.653404 ], [ 8.8749848, 47.6532849 ], [ 8.8750448, 47.6532685 ], [ 8.8751882, 47.6532879 ], [ 8.8751869, 47.6532048 ], [ 8.8749737, 47.653137 ], [ 8.874869, 47.6530557 ], [ 8.8745606, 47.6527485 ], [ 8.8741958, 47.6525715 ], [ 8.8740326, 47.6524152 ], [ 8.8739153, 47.6523636 ], [ 8.8738955, 47.6523185 ], [ 8.8739763, 47.6522503 ], [ 8.8738015, 47.6521498 ], [ 8.8737944, 47.6521051 ], [ 8.8739716, 47.6519413 ], [ 8.8737148, 47.6518543 ], [ 8.8735888, 47.6518743 ], [ 8.8734872, 47.6519274 ], [ 8.8730969, 47.6518497 ], [ 8.8729814, 47.6519179 ], [ 8.8727798, 47.6519565 ], [ 8.8724733, 47.6519749 ], [ 8.8722835, 47.652048 ], [ 8.8721243, 47.6520868 ], [ 8.8719808, 47.6520791 ], [ 8.8716738, 47.6518555 ], [ 8.8714345, 47.6517796 ], [ 8.8709124, 47.6517019 ], [ 8.8704304, 47.6517449 ], [ 8.870115, 47.6518444 ], [ 8.8696783, 47.6521428 ], [ 8.8694032, 47.6523864 ], [ 8.8693552, 47.6526898 ], [ 8.8692972, 47.652689 ], [ 8.8692855, 47.6527526 ], [ 8.8693969, 47.6529606 ], [ 8.8695027, 47.6531608 ], [ 8.8694046, 47.6532222 ], [ 8.8695167, 47.6534134 ], [ 8.869531, 47.6535488 ], [ 8.8694571, 47.6536282 ], [ 8.8693097, 47.6536823 ], [ 8.8692157, 47.6537947 ], [ 8.8691259, 47.6538866 ], [ 8.8690572, 47.6539187 ], [ 8.8689335, 47.6540144 ], [ 8.8687946, 47.6540331 ], [ 8.8686679, 47.6540119 ], [ 8.8685464, 47.6539407 ], [ 8.8683477, 47.6539228 ], [ 8.8678855, 47.6538409 ], [ 8.8677466, 47.6537708 ], [ 8.8675477, 47.6537835 ], [ 8.8673267, 47.6536921 ], [ 8.867172, 47.6536942 ], [ 8.8670689, 47.6536391 ], [ 8.8668694, 47.6535324 ], [ 8.86648, 47.65354 ], [ 8.865588, 47.6537073 ], [ 8.8654203, 47.6537469 ], [ 8.8650436, 47.6540272 ], [ 8.8649071, 47.6540665 ], [ 8.8647175, 47.6540537 ], [ 8.8643096, 47.6542359 ], [ 8.8637987, 47.6544169 ], [ 8.8637846, 47.6545149 ], [ 8.8634938, 47.6545913 ], [ 8.8631401, 47.6547438 ], [ 8.8628095, 47.6549278 ], [ 8.8627423, 47.6550047 ], [ 8.8626378, 47.6550707 ], [ 8.8623232, 47.6553082 ], [ 8.8620431, 47.6554325 ], [ 8.861475, 47.6558805 ], [ 8.8611599, 47.6561525 ], [ 8.8611867, 47.6561622 ], [ 8.8610627, 47.6562908 ], [ 8.861051, 47.6563029 ], [ 8.8607954, 47.6565591 ], [ 8.860622, 47.6566973 ], [ 8.8605483, 47.6567676 ], [ 8.8605206, 47.6567538 ], [ 8.8603342, 47.6568961 ], [ 8.8601067, 47.6570476 ], [ 8.8599069, 47.6571431 ], [ 8.8597759, 47.6572063 ], [ 8.8594374, 47.6573451 ], [ 8.859275, 47.6574216 ], [ 8.8592628, 47.6574222 ], [ 8.8591878, 47.6574666 ], [ 8.8591734, 47.6574549 ], [ 8.8590637, 47.6575151 ], [ 8.8590504, 47.6575233 ], [ 8.8590449, 47.6575193 ], [ 8.8589033, 47.657603 ], [ 8.8587796, 47.6576766 ], [ 8.8587048, 47.6577346 ] ], [ [ 8.8628581, 47.6569302 ], [ 8.8629319, 47.6569185 ], [ 8.8631424, 47.6569474 ], [ 8.8632618, 47.6569103 ], [ 8.8633074, 47.6568588 ], [ 8.8634093, 47.6568399 ], [ 8.8636451, 47.6568714 ], [ 8.8637492, 47.6568561 ], [ 8.863854, 47.6568002 ], [ 8.8638814, 47.6567071 ], [ 8.8638613, 47.6566321 ], [ 8.8638344, 47.6565842 ], [ 8.8639793, 47.6564921 ], [ 8.8641027, 47.6565192 ], [ 8.8645372, 47.6564397 ], [ 8.8647088, 47.6564632 ], [ 8.8648215, 47.6564957 ], [ 8.8653123, 47.6563873 ], [ 8.8654947, 47.6562283 ], [ 8.8654934, 47.6560422 ], [ 8.8654035, 47.6560196 ], [ 8.8653298, 47.656016 ], [ 8.8653056, 47.655951 ], [ 8.8654035, 47.6557116 ], [ 8.8654035, 47.6555345 ], [ 8.8654647, 47.6555367 ], [ 8.8655745, 47.6554929 ], [ 8.8655785, 47.6552875 ], [ 8.865683, 47.655215 ], [ 8.86592, 47.6551068 ], [ 8.8661802, 47.6550301 ], [ 8.8663994, 47.6549448 ], [ 8.8664864, 47.6549052 ], [ 8.8666035, 47.654853 ], [ 8.8666119, 47.6548213 ], [ 8.8666588, 47.6547775 ], [ 8.8667661, 47.6547495 ], [ 8.867088, 47.6547821 ], [ 8.8673208, 47.6548012 ], [ 8.8674001, 47.6548246 ], [ 8.867493, 47.6548436 ], [ 8.8675695, 47.6549007 ], [ 8.8677156, 47.65496 ], [ 8.8678765, 47.6550485 ], [ 8.867906, 47.6551443 ], [ 8.8678135, 47.6553259 ], [ 8.8676539, 47.655484 ], [ 8.8674045, 47.6556258 ], [ 8.867269, 47.6556375 ], [ 8.8670383, 47.6557848 ], [ 8.866974, 47.6558823 ], [ 8.8667741, 47.6559492 ], [ 8.8667031, 47.6560476 ], [ 8.8667567, 47.6561 ], [ 8.8665515, 47.6563584 ], [ 8.8663289, 47.6564785 ], [ 8.8662444, 47.6565851 ], [ 8.8661749, 47.6566172 ], [ 8.8660448, 47.6567405 ], [ 8.8657981, 47.6569154 ], [ 8.8655529, 47.657028 ], [ 8.8652724, 47.6570608 ], [ 8.8651273, 47.6571696 ], [ 8.86491, 47.6572202 ], [ 8.8647249, 47.6571786 ], [ 8.864513, 47.6571154 ], [ 8.864328, 47.6571186 ], [ 8.864224, 47.6572329 ], [ 8.8640906, 47.6572591 ], [ 8.8638142, 47.6573774 ], [ 8.8636934, 47.6573685 ], [ 8.8633036, 47.6572044 ], [ 8.8632299, 47.6571199 ], [ 8.8631344, 47.6570675 ], [ 8.8629922, 47.6570205 ], [ 8.8628715, 47.6569718 ], [ 8.8628581, 47.6569302 ] ], [ [ 8.8648993, 47.6553972 ], [ 8.864969, 47.655278 ], [ 8.8651702, 47.6550756 ], [ 8.8654679, 47.6549148 ], [ 8.865653, 47.6548968 ], [ 8.8657147, 47.6549781 ], [ 8.8655993, 47.6551226 ], [ 8.8653955, 47.6552148 ], [ 8.8652185, 47.6552744 ], [ 8.8650951, 47.6554153 ], [ 8.8649958, 47.6554496 ], [ 8.8648993, 47.6553972 ] ], [ [ 9.004729, 47.7217414 ], [ 9.0047719, 47.7216801 ], [ 9.0048282, 47.7216729 ], [ 9.0048684, 47.7216458 ], [ 9.0048711, 47.7216061 ], [ 9.0050213, 47.7215303 ], [ 9.0052144, 47.7214834 ], [ 9.0053137, 47.7215285 ], [ 9.0053727, 47.7215195 ], [ 9.0054478, 47.721469 ], [ 9.0056007, 47.7214275 ], [ 9.0057133, 47.7213769 ], [ 9.0057992, 47.7213914 ], [ 9.0058394, 47.7214293 ], [ 9.0058601, 47.721515 ], [ 9.0058967, 47.7215818 ], [ 9.0059279, 47.7216395 ], [ 9.0059607, 47.7217036 ], [ 9.0059199, 47.7217035 ], [ 9.0056919, 47.7216404 ], [ 9.0056034, 47.7215989 ], [ 9.0055202, 47.7216223 ], [ 9.0054344, 47.7216368 ], [ 9.0053325, 47.721662 ], [ 9.0052332, 47.7216602 ], [ 9.0052359, 47.7217053 ], [ 9.0051957, 47.7217504 ], [ 9.0053271, 47.7217793 ], [ 9.0052815, 47.7218389 ], [ 9.0051957, 47.7218334 ], [ 9.0051554, 47.7218587 ], [ 9.0050401, 47.7219128 ], [ 9.0049266, 47.7219382 ], [ 9.0048711, 47.7219038 ], [ 9.0048389, 47.7218623 ], [ 9.0048819, 47.721828 ], [ 9.0048443, 47.72181 ], [ 9.0047665, 47.7218028 ], [ 9.004737, 47.7217883 ], [ 9.004729, 47.7217414 ] ], [ [ 9.0408172, 47.7079765 ], [ 9.0408781, 47.7077834 ], [ 9.0409663, 47.707698 ], [ 9.0412812, 47.7074288 ], [ 9.0416135, 47.7071655 ], [ 9.0418329, 47.7069395 ], [ 9.0422936, 47.7064097 ], [ 9.0424235, 47.7060038 ], [ 9.0424744, 47.7056383 ], [ 9.0427067, 47.705382 ], [ 9.0430557, 47.7050953 ], [ 9.0432717, 47.7050091 ], [ 9.0439231, 47.7047475 ], [ 9.0441269, 47.7046152 ], [ 9.0442963, 47.7044828 ], [ 9.0444244, 47.7043827 ], [ 9.0447402, 47.7040908 ], [ 9.0448092, 47.7038197 ], [ 9.0447523, 47.7035109 ], [ 9.0445086, 47.703381 ], [ 9.044138, 47.703313 ], [ 9.0435232, 47.7032565 ], [ 9.0432537, 47.7032684 ], [ 9.0432862, 47.7032201 ], [ 9.0438235, 47.7029994 ], [ 9.0440045, 47.7027086 ], [ 9.0440771, 47.7025143 ], [ 9.0440659, 47.7022672 ], [ 9.0439282, 47.7020038 ], [ 9.0437669, 47.7018352 ], [ 9.043551, 47.7017976 ], [ 9.0434904, 47.7017559 ], [ 9.0432585, 47.7015965 ], [ 9.0429091, 47.7014815 ], [ 9.0421456, 47.7013682 ], [ 9.0412813, 47.7013377 ], [ 9.0411525, 47.7014617 ], [ 9.041081, 47.7014896 ], [ 9.0408949, 47.7013971 ], [ 9.040868, 47.7012746 ], [ 9.0409397, 47.7009118 ], [ 9.0416504, 47.7002879 ], [ 9.0428026, 47.6997517 ], [ 9.0433727, 47.6992801 ], [ 9.0435973, 47.698985 ], [ 9.0436212, 47.6989535 ], [ 9.0441441, 47.6982665 ], [ 9.0441951, 47.6981994 ], [ 9.0441886, 47.6978986 ], [ 9.0441953, 47.697863 ], [ 9.0442535, 47.6974643 ], [ 9.0441972, 47.6974184 ], [ 9.0440961, 47.6974119 ], [ 9.0440755, 47.6972546 ], [ 9.0439066, 47.6971385 ], [ 9.0438726, 47.6969571 ], [ 9.0437608, 47.6965507 ], [ 9.0437131, 47.6960565 ], [ 9.0436371, 47.6960475 ], [ 9.0435388, 47.6958806 ], [ 9.0434874, 47.6957933 ], [ 9.0434031, 47.6957644 ], [ 9.0432855, 47.6954628 ], [ 9.0430769, 47.6952391 ], [ 9.042787, 47.6946594 ], [ 9.0428257, 47.6943238 ], [ 9.0430511, 47.6940418 ], [ 9.0438356, 47.6933896 ], [ 9.0446924, 47.6929931 ], [ 9.0453552, 47.6928839 ], [ 9.0456649, 47.6928203 ], [ 9.0459384, 47.6926051 ], [ 9.046032, 47.692647 ], [ 9.0462482, 47.6926427 ], [ 9.0464993, 47.692616 ], [ 9.046813, 47.6925115 ], [ 9.0474551, 47.6922021 ], [ 9.0476548, 47.6921206 ], [ 9.0476595, 47.6920854 ], [ 9.0477359, 47.6921816 ], [ 9.047863, 47.6921249 ], [ 9.0480553, 47.6921025 ], [ 9.0483605, 47.692172 ], [ 9.0485274, 47.6921388 ], [ 9.0487547, 47.6920436 ], [ 9.0487825, 47.6921112 ], [ 9.0492649, 47.6920428 ], [ 9.0495128, 47.6920543 ], [ 9.0498243, 47.6919174 ], [ 9.0500532, 47.6919184 ], [ 9.0502578, 47.6917992 ], [ 9.0509989, 47.6915226 ], [ 9.051481, 47.6913055 ], [ 9.0520241, 47.6910941 ], [ 9.052294, 47.691015 ], [ 9.0526122, 47.6909403 ], [ 9.0529923, 47.6908721 ], [ 9.0533859, 47.6906543 ], [ 9.0537094, 47.6903343 ], [ 9.0539519, 47.6900341 ], [ 9.0541632, 47.6896598 ], [ 9.0543283, 47.689664 ], [ 9.0542252, 47.6901101 ], [ 9.0542652, 47.6901907 ], [ 9.0544581, 47.6901773 ], [ 9.0544367, 47.6902721 ], [ 9.0545666, 47.6902604 ], [ 9.0550079, 47.6902043 ], [ 9.0554852, 47.6901595 ], [ 9.0555725, 47.6901354 ], [ 9.0558135, 47.6900688 ], [ 9.0559228, 47.6900141 ], [ 9.0562821, 47.6899426 ], [ 9.0567135, 47.6897675 ], [ 9.0567847, 47.6898346 ], [ 9.0573772, 47.6896575 ], [ 9.0575501, 47.6896047 ], [ 9.0577455, 47.6893845 ], [ 9.0578238, 47.6893496 ], [ 9.0579165, 47.6892346 ], [ 9.0581029, 47.6891385 ], [ 9.0582004, 47.6892858 ], [ 9.0582782, 47.6892814 ], [ 9.0583053, 47.6892799 ], [ 9.0583434, 47.6894804 ], [ 9.058697, 47.6894474 ], [ 9.058769, 47.6895061 ], [ 9.0588827, 47.6894789 ], [ 9.0588706, 47.689433 ], [ 9.0596814, 47.6891951 ], [ 9.0602046, 47.6890712 ], [ 9.0609335, 47.6888209 ], [ 9.0615873, 47.6886106 ], [ 9.0616998, 47.6887676 ], [ 9.0619242, 47.688734 ], [ 9.0618414, 47.6886136 ], [ 9.0619309, 47.6885855 ], [ 9.0619569, 47.6886206 ], [ 9.0620963, 47.6886046 ], [ 9.0621135, 47.6886141 ], [ 9.0623487, 47.6884626 ], [ 9.0625749, 47.688404 ], [ 9.0629835, 47.6882981 ], [ 9.0637363, 47.6878575 ], [ 9.0643373, 47.6877453 ], [ 9.0648788, 47.6875709 ], [ 9.0651558, 47.6874817 ], [ 9.0657738, 47.6870661 ], [ 9.0663076, 47.6869528 ], [ 9.0667322, 47.6868712 ], [ 9.0670445, 47.6868113 ], [ 9.0671009, 47.6867686 ], [ 9.0671172, 47.6867183 ], [ 9.0671424, 47.6866887 ], [ 9.067178, 47.6866905 ], [ 9.0672119, 47.6867085 ], [ 9.0672697, 47.6867245 ], [ 9.0673502, 47.6867384 ], [ 9.0678812, 47.6866486 ], [ 9.0689194, 47.6862971 ], [ 9.0694908, 47.6858875 ], [ 9.0698241, 47.685545 ], [ 9.0706365, 47.685264 ], [ 9.0713861, 47.6849721 ], [ 9.0720088, 47.6848674 ], [ 9.0724959, 47.684884 ], [ 9.0728232, 47.6851484 ], [ 9.0731173, 47.6852065 ], [ 9.0731822, 47.6852099 ], [ 9.0737139, 47.6852373 ], [ 9.0745414, 47.6851841 ], [ 9.0754826, 47.6850502 ], [ 9.0762569, 47.6847553 ], [ 9.0773442, 47.6845604 ], [ 9.0779073, 47.6845644 ], [ 9.0782439, 47.6844055 ], [ 9.0786905, 47.6841947 ], [ 9.0788554, 47.6843457 ], [ 9.0794563, 47.684317 ], [ 9.0798, 47.6843131 ], [ 9.0803058, 47.684208 ], [ 9.080816, 47.6839194 ], [ 9.0809679, 47.6836571 ], [ 9.0817023, 47.6832562 ], [ 9.0819832, 47.6832991 ], [ 9.0825046, 47.6835662 ], [ 9.0826675, 47.6836496 ], [ 9.0830596, 47.6836446 ], [ 9.0837204, 47.6837978 ], [ 9.083999, 47.6838624 ], [ 9.0851445, 47.6843432 ], [ 9.0851692, 47.6845185 ], [ 9.0852093, 47.6848028 ], [ 9.0857324, 47.6850462 ], [ 9.0865838, 47.6851294 ], [ 9.0876115, 47.6851012 ], [ 9.0887959, 47.6855858 ], [ 9.0899429, 47.6857778 ], [ 9.0909427, 47.6860983 ], [ 9.0917106, 47.6862886 ], [ 9.0918682, 47.6863276 ], [ 9.0917509, 47.6864621 ], [ 9.0914359, 47.6868305 ], [ 9.0913979, 47.6868921 ], [ 9.0912825, 47.687079 ], [ 9.0912489, 47.6872337 ], [ 9.0912251, 47.6873434 ], [ 9.0911402, 47.6874294 ], [ 9.0907606, 47.6874371 ], [ 9.0896419, 47.6873964 ], [ 9.0880243, 47.6875576 ], [ 9.0871553, 47.6878176 ], [ 9.0863608, 47.6885324 ], [ 9.0851962, 47.689083 ], [ 9.0845529, 47.6891684 ], [ 9.0837612, 47.689549 ], [ 9.08303, 47.6901242 ], [ 9.0822382, 47.6904167 ], [ 9.0820111, 47.6902414 ], [ 9.0819641, 47.6902743 ], [ 9.0819491, 47.6902847 ], [ 9.0820432, 47.6904674 ], [ 9.081271, 47.6909576 ], [ 9.0811295, 47.6910529 ], [ 9.0803213, 47.6915973 ], [ 9.0798796, 47.6920013 ], [ 9.0798408, 47.6920368 ], [ 9.0797188, 47.6921484 ], [ 9.0794989, 47.6924984 ], [ 9.0790417, 47.6927971 ], [ 9.0790075, 47.6928194 ], [ 9.0789894, 47.6928544 ], [ 9.0788734, 47.6930779 ], [ 9.0781274, 47.693775 ], [ 9.0773153, 47.6945459 ], [ 9.0760065, 47.6950915 ], [ 9.0752095, 47.6955101 ], [ 9.0744772, 47.6960974 ], [ 9.074087, 47.6964745 ], [ 9.073704, 47.6968447 ], [ 9.0730743, 47.6975366 ], [ 9.0723674, 47.6978856 ], [ 9.0710408, 47.6981933 ], [ 9.0700972, 47.6984403 ], [ 9.0684336, 47.6987678 ], [ 9.0683513, 47.6987653 ], [ 9.067999, 47.6987548 ], [ 9.0678591, 47.6987506 ], [ 9.0672433, 47.6987322 ], [ 9.0671743, 47.6986566 ], [ 9.0670841, 47.6985994 ], [ 9.0669214, 47.6985749 ], [ 9.0668431, 47.6986981 ], [ 9.0666918, 47.6987157 ], [ 9.0666364, 47.698714 ], [ 9.0664584, 47.6987087 ], [ 9.0660936, 47.6988475 ], [ 9.0660032, 47.699005 ], [ 9.0656461, 47.6994936 ], [ 9.0653419, 47.6997491 ], [ 9.0652385, 47.699836 ], [ 9.0650951, 47.6999651 ], [ 9.0649714, 47.7000201 ], [ 9.0648793, 47.7000761 ], [ 9.0648522, 47.7001013 ], [ 9.0648464, 47.7001309 ], [ 9.0648483, 47.7001804 ], [ 9.0648709, 47.700213 ], [ 9.0648754, 47.7002347 ], [ 9.0648628, 47.7002391 ], [ 9.0648134, 47.7002282 ], [ 9.0647462, 47.7001964 ], [ 9.0646711, 47.7001678 ], [ 9.0646203, 47.700147 ], [ 9.0645675, 47.7001383 ], [ 9.064485, 47.7000923 ], [ 9.0644673, 47.700101 ], [ 9.0644473, 47.7001108 ], [ 9.0645037, 47.700157 ], [ 9.0645187, 47.7001837 ], [ 9.0645123, 47.700221 ], [ 9.0644954, 47.7002465 ], [ 9.0644619, 47.7002682 ], [ 9.0644048, 47.700299 ], [ 9.0640939, 47.700467 ], [ 9.0638905, 47.7005769 ], [ 9.0639464, 47.7006203 ], [ 9.0638378, 47.7006846 ], [ 9.063617, 47.7008113 ], [ 9.0633974, 47.7009438 ], [ 9.0632406, 47.7010379 ], [ 9.0630724, 47.7011581 ], [ 9.0628853, 47.7012972 ], [ 9.0626296, 47.7015093 ], [ 9.0625467, 47.7015784 ], [ 9.0624289, 47.7016855 ], [ 9.062208, 47.7018862 ], [ 9.0616758, 47.7024014 ], [ 9.0614179, 47.702652 ], [ 9.0612868, 47.7027793 ], [ 9.06134, 47.7029102 ], [ 9.0611947, 47.7029291 ], [ 9.0611831, 47.7030067 ], [ 9.0610847, 47.7030591 ], [ 9.0609539, 47.7031363 ], [ 9.0609145, 47.703279 ], [ 9.060685, 47.703383 ], [ 9.0605199, 47.7033848 ], [ 9.0604373, 47.7034099 ], [ 9.0603313, 47.7034422 ], [ 9.0601304, 47.7035379 ], [ 9.0599305, 47.7036377 ], [ 9.0596782, 47.7037013 ], [ 9.0589126, 47.7038818 ], [ 9.0587746, 47.7039144 ], [ 9.0585895, 47.703958 ], [ 9.0581914, 47.7040519 ], [ 9.057444, 47.704121 ], [ 9.0571672, 47.7039358 ], [ 9.0571037, 47.7033857 ], [ 9.0571828, 47.7031481 ], [ 9.0569912, 47.7028122 ], [ 9.0568243, 47.7025886 ], [ 9.0566544, 47.7024223 ], [ 9.0563576, 47.7022466 ], [ 9.0556114, 47.7020964 ], [ 9.054984, 47.7020908 ], [ 9.0545576, 47.7021449 ], [ 9.0535282, 47.7022892 ], [ 9.0524243, 47.7027521 ], [ 9.0509991, 47.7037673 ], [ 9.0507561, 47.7040487 ], [ 9.0502862, 47.7045928 ], [ 9.0498309, 47.70512 ], [ 9.0492241, 47.705829 ], [ 9.0481761, 47.7071768 ], [ 9.0475837, 47.7071518 ], [ 9.0471988, 47.7072088 ], [ 9.0468611, 47.7072202 ], [ 9.0466237, 47.7071364 ], [ 9.0462457, 47.7071256 ], [ 9.0460817, 47.7071689 ], [ 9.045068, 47.7074552 ], [ 9.0447986, 47.7075955 ], [ 9.0444045, 47.7076209 ], [ 9.0432945, 47.707827 ], [ 9.0429505, 47.7079091 ], [ 9.0424589, 47.7079408 ], [ 9.0419667, 47.7079174 ], [ 9.0415976, 47.7079789 ], [ 9.0413461, 47.7080453 ], [ 9.0411259, 47.7080599 ], [ 9.0409489, 47.7081538 ], [ 9.040876, 47.7081488 ], [ 9.0408309, 47.7080996 ], [ 9.0408172, 47.7079765 ] ], [ [ 9.1204571, 47.6724117 ], [ 9.1205121, 47.672329 ], [ 9.1206251, 47.6721594 ], [ 9.1211808, 47.6714372 ], [ 9.1212771, 47.6713344 ], [ 9.1212692, 47.6713008 ], [ 9.1216057, 47.6709836 ], [ 9.1219101, 47.6708291 ], [ 9.1218656, 47.6707063 ], [ 9.1218515, 47.6705864 ], [ 9.1220563, 47.670439 ], [ 9.1222235, 47.6704539 ], [ 9.1224558, 47.6704369 ], [ 9.1226943, 47.6702516 ], [ 9.1228082, 47.6700414 ], [ 9.1233354, 47.6696394 ], [ 9.1238052, 47.6693488 ], [ 9.1244864, 47.6689707 ], [ 9.1251376, 47.668466 ], [ 9.1259608, 47.6683037 ], [ 9.1261715, 47.6683447 ], [ 9.1261953, 47.6685996 ], [ 9.1258788, 47.6687442 ], [ 9.1257967, 47.6690023 ], [ 9.1257035, 47.6690964 ], [ 9.1254968, 47.6692966 ], [ 9.1254524, 47.669578 ], [ 9.12529, 47.6697404 ], [ 9.1248138, 47.6701516 ], [ 9.1246827, 47.6702103 ], [ 9.1246748, 47.6702853 ], [ 9.1246014, 47.6703587 ], [ 9.1245596, 47.670435 ], [ 9.1244045, 47.6707912 ], [ 9.124295, 47.6711065 ], [ 9.1241265, 47.6715529 ], [ 9.1239461, 47.6719332 ], [ 9.1236716, 47.6730621 ], [ 9.1233517, 47.6734733 ], [ 9.1235719, 47.6738254 ], [ 9.1237092, 47.6742724 ], [ 9.123529, 47.6743602 ], [ 9.1232631, 47.6743894 ], [ 9.1231717, 47.6745178 ], [ 9.1228599, 47.6745611 ], [ 9.1227269, 47.6743588 ], [ 9.1217709, 47.6746254 ], [ 9.1216221, 47.6746272 ], [ 9.1214005, 47.6746074 ], [ 9.1211686, 47.6744497 ], [ 9.1211832, 47.6740443 ], [ 9.1208965, 47.6739606 ], [ 9.1206251, 47.6737256 ], [ 9.1206122, 47.6735081 ], [ 9.1208189, 47.6730992 ], [ 9.1208189, 47.6728642 ], [ 9.1205088, 47.6726293 ], [ 9.1204716, 47.6724728 ], [ 9.1204571, 47.6724117 ] ], [ [ 9.124057, 47.6732037 ], [ 9.1240916, 47.6729441 ], [ 9.1243004, 47.6727114 ], [ 9.124263, 47.672572 ], [ 9.124324, 47.6724641 ], [ 9.1243988, 47.672318 ], [ 9.1244578, 47.672124 ], [ 9.1244928, 47.67198 ], [ 9.1245622, 47.6718175 ], [ 9.1246584, 47.6716635 ], [ 9.1247185, 47.6713845 ], [ 9.1247501, 47.6712376 ], [ 9.1248856, 47.6710222 ], [ 9.1250957, 47.6705224 ], [ 9.1253057, 47.670193 ], [ 9.1253978, 47.6700339 ], [ 9.1255957, 47.6699121 ], [ 9.1258595, 47.6698362 ], [ 9.1260509, 47.6697958 ], [ 9.1261429, 47.6698171 ], [ 9.1262926, 47.6700225 ], [ 9.1263789, 47.6702201 ], [ 9.1264299, 47.6704327 ], [ 9.1264942, 47.670646 ], [ 9.1264098, 47.6710394 ], [ 9.1263837, 47.6713121 ], [ 9.1260457, 47.6715917 ], [ 9.1255662, 47.6718262 ], [ 9.1255505, 47.6720038 ], [ 9.1252581, 47.6728746 ], [ 9.125204, 47.6730358 ], [ 9.1250194, 47.6732532 ], [ 9.1249901, 47.673358 ], [ 9.1249461, 47.6735132 ], [ 9.1248448, 47.6736493 ], [ 9.1246959, 47.6736562 ], [ 9.124486, 47.6736314 ], [ 9.1243045, 47.6735621 ], [ 9.1242487, 47.6734392 ], [ 9.124057, 47.6732037 ] ], [ [ 9.1778536, 47.6643955 ], [ 9.1778548, 47.6643635 ], [ 9.1778561, 47.6643309 ], [ 9.1778713, 47.6641362 ], [ 9.1779228, 47.6637653 ], [ 9.1779627, 47.6635598 ], [ 9.1780506, 47.6634527 ], [ 9.1781977, 47.6633682 ], [ 9.1783273, 47.6633323 ], [ 9.1784673, 47.6633389 ], [ 9.1787896, 47.6632227 ], [ 9.1788195, 47.6632175 ], [ 9.1788479, 47.6632212 ], [ 9.1788639, 47.6632366 ], [ 9.1789021, 47.6632487 ], [ 9.1789378, 47.6632827 ], [ 9.1789728, 47.6633266 ], [ 9.1790206, 47.6633428 ], [ 9.1790386, 47.6633649 ], [ 9.1790135, 47.6633916 ], [ 9.1790228, 47.6634897 ], [ 9.17901, 47.6634899 ], [ 9.1790234, 47.6636211 ], [ 9.1789792, 47.6636218 ], [ 9.1789966, 47.6639487 ], [ 9.1789829, 47.6640856 ], [ 9.1790622, 47.6640888 ], [ 9.1790637, 47.6641282 ], [ 9.1791351, 47.6641248 ], [ 9.179137, 47.6641456 ], [ 9.1791404, 47.6641828 ], [ 9.1791422, 47.6642029 ], [ 9.1790713, 47.6642063 ], [ 9.1790763, 47.6642437 ], [ 9.1790102, 47.6642472 ], [ 9.1789956, 47.664248 ], [ 9.1789962, 47.664488 ], [ 9.17919, 47.6646514 ], [ 9.1791944, 47.6647185 ], [ 9.17916, 47.6650516 ], [ 9.1790163, 47.6652378 ], [ 9.1789849, 47.6652612 ], [ 9.1789396, 47.665285 ], [ 9.1788282, 47.6653165 ], [ 9.1786791, 47.6653612 ], [ 9.1784828, 47.6654024 ], [ 9.1783836, 47.6654042 ], [ 9.1782904, 47.665395 ], [ 9.1782044, 47.6653288 ], [ 9.178076, 47.6651322 ], [ 9.1779927, 47.664981 ], [ 9.1779433, 47.6648501 ], [ 9.1778805, 47.6646175 ], [ 9.1778612, 47.664481 ], [ 9.1778536, 47.6643955 ] ], [ [ 9.1875315, 47.70353 ], [ 9.1876119, 47.7034289 ], [ 9.18773, 47.7034064 ], [ 9.187852, 47.7034515 ], [ 9.1882101, 47.7036627 ], [ 9.1886178, 47.7038757 ], [ 9.1889031, 47.7039699 ], [ 9.1890676, 47.7039913 ], [ 9.1892002, 47.7039906 ], [ 9.1893173, 47.703958 ], [ 9.1895659, 47.7039454 ], [ 9.1900185, 47.7038394 ], [ 9.1911138, 47.7036452 ], [ 9.1916176, 47.7037512 ], [ 9.1923245, 47.703776 ], [ 9.1925632, 47.703806 ], [ 9.1926559, 47.7037975 ], [ 9.192756, 47.7037537 ], [ 9.1928404, 47.7037387 ], [ 9.1928848, 47.7037305 ], [ 9.1930358, 47.7036532 ], [ 9.1932906, 47.7035317 ], [ 9.1935517, 47.7034118 ], [ 9.1935946, 47.7034569 ], [ 9.193667, 47.703428 ], [ 9.1936181, 47.7033753 ], [ 9.1938383, 47.7032371 ], [ 9.1941594, 47.7029557 ], [ 9.1944233, 47.7027434 ], [ 9.1944265, 47.7027011 ], [ 9.1943947, 47.7026599 ], [ 9.1944146, 47.702636 ], [ 9.1944506, 47.7026273 ], [ 9.1944874, 47.7026439 ], [ 9.194493, 47.7026549 ], [ 9.1945222, 47.7026551 ], [ 9.1948435, 47.7026747 ], [ 9.1953632, 47.7026876 ], [ 9.195725, 47.7027017 ], [ 9.1962783, 47.702596 ], [ 9.1965636, 47.7025426 ], [ 9.1968623, 47.702503 ], [ 9.1968506, 47.7024787 ], [ 9.1968622, 47.702458 ], [ 9.196906, 47.7024332 ], [ 9.1969443, 47.7024297 ], [ 9.1969808, 47.7024394 ], [ 9.1970001, 47.7024577 ], [ 9.197011, 47.7024809 ], [ 9.1974273, 47.7025063 ], [ 9.1983159, 47.702547 ], [ 9.1992337, 47.7025836 ], [ 9.200124, 47.7025497 ], [ 9.2003807, 47.7025062 ], [ 9.20054, 47.7025201 ], [ 9.2006492, 47.7026405 ], [ 9.2008768, 47.7028407 ], [ 9.2011517, 47.7029584 ], [ 9.2011081, 47.7031061 ], [ 9.2012695, 47.7033106 ], [ 9.2013049, 47.7033555 ], [ 9.2017214, 47.7034945 ], [ 9.2018835, 47.7035159 ], [ 9.2019245, 47.7035531 ], [ 9.2018414, 47.7036554 ], [ 9.2016699, 47.7038293 ], [ 9.2014435, 47.7041093 ], [ 9.2014829, 47.7042374 ], [ 9.2013677, 47.704377 ], [ 9.2010273, 47.70472 ], [ 9.2010711, 47.7050813 ], [ 9.2011137, 47.7051751 ], [ 9.2013918, 47.705278 ], [ 9.2020571, 47.70552 ], [ 9.20204, 47.7055549 ], [ 9.202061, 47.7055723 ], [ 9.2020798, 47.7055869 ], [ 9.2020898, 47.7055919 ], [ 9.2020923, 47.7055996 ], [ 9.2020878, 47.7056085 ], [ 9.202075, 47.705613 ], [ 9.2020582, 47.7056133 ], [ 9.2020297, 47.705608 ], [ 9.2018701, 47.7055785 ], [ 9.2019141, 47.7055043 ], [ 9.2014879, 47.7053563 ], [ 9.2013234, 47.7053072 ], [ 9.2012292, 47.7053548 ], [ 9.2011942, 47.7054563 ], [ 9.2011672, 47.7055744 ], [ 9.2011891, 47.7056654 ], [ 9.2019406, 47.7056662 ], [ 9.201999, 47.7056671 ], [ 9.2020085, 47.7056725 ], [ 9.2020181, 47.7056811 ], [ 9.2020238, 47.7056927 ], [ 9.2020257, 47.7057116 ], [ 9.2020202, 47.7057261 ], [ 9.2020116, 47.7057346 ], [ 9.2020092, 47.7057417 ], [ 9.2019845, 47.7057461 ], [ 9.2019673, 47.7057364 ], [ 9.2019524, 47.7057342 ], [ 9.201897, 47.7057285 ], [ 9.2017154, 47.705749 ], [ 9.2013568, 47.7057855 ], [ 9.2011048, 47.7058153 ], [ 9.2008717, 47.7058454 ], [ 9.2007413, 47.705859 ], [ 9.200751, 47.7058804 ], [ 9.2007269, 47.7058828 ], [ 9.2006612, 47.7058892 ], [ 9.2005589, 47.7059139 ], [ 9.1999861, 47.7063182 ], [ 9.1999314, 47.7063801 ], [ 9.1991853, 47.7069893 ], [ 9.1991066, 47.7072232 ], [ 9.1988495, 47.7074699 ], [ 9.1986534, 47.7075359 ], [ 9.1985341, 47.7075829 ], [ 9.198437, 47.7075885 ], [ 9.1983787, 47.7076236 ], [ 9.1982911, 47.7076678 ], [ 9.1977585, 47.707789 ], [ 9.1974172, 47.7078785 ], [ 9.1964236, 47.7081211 ], [ 9.1957893, 47.7081459 ], [ 9.194585, 47.7081513 ], [ 9.1933617, 47.7079902 ], [ 9.1925117, 47.7077005 ], [ 9.1919687, 47.707544 ], [ 9.1914877, 47.7073859 ], [ 9.190955, 47.707141 ], [ 9.1908453, 47.7068475 ], [ 9.1905763, 47.7064172 ], [ 9.1900422, 47.706001 ], [ 9.1899133, 47.7058991 ], [ 9.1895163, 47.7057421 ], [ 9.1889584, 47.7056229 ], [ 9.1885051, 47.7056789 ], [ 9.1882771, 47.7058792 ], [ 9.1881323, 47.7058846 ], [ 9.1878265, 47.7057457 ], [ 9.1877782, 47.7056464 ], [ 9.1880947, 47.7053125 ], [ 9.188076, 47.7051717 ], [ 9.1879982, 47.7050562 ], [ 9.188033, 47.704854 ], [ 9.1881403, 47.7047168 ], [ 9.1879988, 47.704604 ], [ 9.1879579, 47.7045945 ], [ 9.1879258, 47.7045765 ], [ 9.1879237, 47.7045517 ], [ 9.1878574, 47.7044804 ], [ 9.1878641, 47.7044226 ], [ 9.1880035, 47.7043274 ], [ 9.1880391, 47.7043071 ], [ 9.1880894, 47.7042069 ], [ 9.1880679, 47.7040769 ], [ 9.1879378, 47.7039316 ], [ 9.1877863, 47.7037647 ], [ 9.1875838, 47.7036492 ], [ 9.1875315, 47.70353 ] ], [ [ 9.2238948, 47.6374782 ], [ 9.2239256, 47.6374221 ], [ 9.2248253, 47.6370692 ], [ 9.2249116, 47.6370796 ], [ 9.2249455, 47.6371273 ], [ 9.2249054, 47.6371896 ], [ 9.224055, 47.6375322 ], [ 9.2239564, 47.6375363 ], [ 9.2238948, 47.6374782 ] ], [ [ 9.2252335, 47.636972 ], [ 9.2252618, 47.6369124 ], [ 9.2257128, 47.636716 ], [ 9.2257609, 47.6366691 ], [ 9.2257908, 47.6366096 ], [ 9.2257998, 47.6363186 ], [ 9.2258564, 47.636278 ], [ 9.2259308, 47.6362756 ], [ 9.2259838, 47.6363257 ], [ 9.2259761, 47.6366597 ], [ 9.2259449, 47.6367311 ], [ 9.2258837, 47.6367968 ], [ 9.2253473, 47.637021 ], [ 9.225276, 47.6370125 ], [ 9.2252335, 47.636972 ] ], [ [ 9.3828713, 47.5706864 ], [ 9.3829089, 47.5706611 ], [ 9.3829437, 47.5706701 ], [ 9.3830035, 47.5707497 ], [ 9.3830826, 47.5707995 ], [ 9.3832053, 47.5708207 ], [ 9.3833595, 47.5708221 ], [ 9.3833784, 47.5708652 ], [ 9.3832629, 47.5708764 ], [ 9.3830712, 47.5708479 ], [ 9.3829592, 47.5708085 ], [ 9.3828767, 47.5707353 ], [ 9.3828713, 47.5706864 ] ], [ [ 9.3833209, 47.5709645 ], [ 9.3833784, 47.5709277 ], [ 9.3834448, 47.5709413 ], [ 9.3835229, 47.5710239 ], [ 9.3837352, 47.5711256 ], [ 9.3839808, 47.5711848 ], [ 9.3842977, 47.571206 ], [ 9.3843095, 47.5712345 ], [ 9.3842752, 47.5712586 ], [ 9.3838762, 47.5712315 ], [ 9.3835286, 47.571119 ], [ 9.3833934, 47.5710447 ], [ 9.3833209, 47.5709645 ] ], [ [ 9.3866623, 47.6628269 ], [ 9.3866936, 47.6626697 ], [ 9.3867261, 47.6625988 ], [ 9.3867929, 47.6625411 ], [ 9.3869071, 47.6624624 ], [ 9.3870755, 47.6624364 ], [ 9.3872464, 47.6624823 ], [ 9.387412, 47.6625617 ], [ 9.3875247, 47.6626431 ], [ 9.3875978, 47.6627659 ], [ 9.3876006, 47.6629023 ], [ 9.3875763, 47.6630143 ], [ 9.3875616, 47.6630667 ], [ 9.3874925, 47.6631033 ], [ 9.3874342, 47.6631353 ], [ 9.3873859, 47.6631489 ], [ 9.3873322, 47.663148 ], [ 9.387194, 47.6631616 ], [ 9.3870935, 47.6631719 ], [ 9.3869862, 47.6631864 ], [ 9.3869058, 47.6631936 ], [ 9.3868141, 47.6631743 ], [ 9.3867623, 47.6631051 ], [ 9.3866971, 47.6629999 ], [ 9.3866623, 47.6628269 ] ], [ [ 9.3867485, 47.663582 ], [ 9.3867602, 47.6634135 ], [ 9.3867941, 47.6633173 ], [ 9.3868746, 47.6632571 ], [ 9.3869966, 47.6632198 ], [ 9.3871206, 47.6632199 ], [ 9.387238, 47.6632279 ], [ 9.3873448, 47.6632681 ], [ 9.3874083, 47.6633462 ], [ 9.3874355, 47.663429 ], [ 9.3874536, 47.6636642 ], [ 9.3874684, 47.6640101 ], [ 9.387459, 47.6641853 ], [ 9.3874359, 47.6643604 ], [ 9.3874157, 47.6643958 ], [ 9.3873969, 47.6644181 ], [ 9.3873604, 47.6644305 ], [ 9.3873101, 47.6644296 ], [ 9.3872601, 47.6644328 ], [ 9.3871683, 47.6644489 ], [ 9.3870932, 47.6644563 ], [ 9.3870717, 47.6644676 ], [ 9.3870597, 47.6644874 ], [ 9.3870389, 47.6644987 ], [ 9.3870027, 47.6644915 ], [ 9.3869778, 47.6644739 ], [ 9.3869571, 47.6644527 ], [ 9.3869289, 47.6644206 ], [ 9.3869262, 47.6643849 ], [ 9.3868765, 47.6643016 ], [ 9.3868632, 47.6641975 ], [ 9.3868337, 47.6640674 ], [ 9.3867887, 47.6639098 ], [ 9.3867512, 47.6637744 ], [ 9.3867485, 47.663582 ] ], [ [ 9.4369232, 47.507387 ], [ 9.436943, 47.507372 ], [ 9.4369757, 47.5073736 ], [ 9.4370177, 47.5073846 ], [ 9.4370224, 47.5074075 ], [ 9.4370656, 47.5074611 ], [ 9.4370773, 47.5074919 ], [ 9.4371135, 47.5075053 ], [ 9.4371263, 47.5075313 ], [ 9.437117, 47.5075597 ], [ 9.4371006, 47.5075787 ], [ 9.4370703, 47.5075873 ], [ 9.4370294, 47.5075755 ], [ 9.4369967, 47.5075503 ], [ 9.4369267, 47.5074123 ], [ 9.4369232, 47.507387 ] ], [ [ 9.5376962, 47.4832763 ], [ 9.5378263, 47.4832645 ], [ 9.5379289, 47.4832696 ], [ 9.5380465, 47.4832797 ], [ 9.5381616, 47.4833068 ], [ 9.5383718, 47.4833541 ], [ 9.538607, 47.4834032 ], [ 9.5388597, 47.4834471 ], [ 9.5391299, 47.4834894 ], [ 9.53932, 47.4835333 ], [ 9.5395277, 47.4835536 ], [ 9.5396578, 47.4835553 ], [ 9.5397979, 47.4835925 ], [ 9.5397504, 47.4836348 ], [ 9.5395702, 47.4836331 ], [ 9.5393801, 47.4836179 ], [ 9.5392299, 47.483601 ], [ 9.5390098, 47.4835689 ], [ 9.5387521, 47.4835367 ], [ 9.5385044, 47.4834877 ], [ 9.5382141, 47.4834387 ], [ 9.5379114, 47.483366 ], [ 9.5377663, 47.4833085 ], [ 9.5376962, 47.4832763 ] ], [ [ 9.5651251, 47.5016164 ], [ 9.5652002, 47.5015607 ], [ 9.5653134, 47.5015605 ], [ 9.5653503, 47.5015997 ], [ 9.5653694, 47.5016602 ], [ 9.5653264, 47.5017062 ], [ 9.5652351, 47.5017168 ], [ 9.5651584, 47.5016834 ], [ 9.5651251, 47.5016164 ] ], [ [ 9.6420164, 47.5270423 ], [ 9.6420593, 47.527055 ], [ 9.6421672, 47.5271902 ], [ 9.642215, 47.5271725 ], [ 9.6422411, 47.5271704 ], [ 9.6422473, 47.5271871 ], [ 9.6422011, 47.5272172 ], [ 9.6422442, 47.5272609 ], [ 9.6423567, 47.5273546 ], [ 9.6425, 47.5273338 ], [ 9.6425631, 47.52721 ], [ 9.6426448, 47.5271756 ], [ 9.6428265, 47.5271476 ], [ 9.6429868, 47.5271163 ], [ 9.6431562, 47.527108 ], [ 9.6432487, 47.5271559 ], [ 9.6433057, 47.5270976 ], [ 9.6433734, 47.5271278 ], [ 9.643358, 47.5271559 ], [ 9.6433226, 47.5271767 ], [ 9.6433349, 47.5272214 ], [ 9.6433087, 47.5272381 ], [ 9.6432594, 47.5272859 ], [ 9.6433058, 47.5273176 ], [ 9.643534, 47.5273223 ], [ 9.6435344, 47.5273733 ], [ 9.6434089, 47.5273691 ], [ 9.6433138, 47.5274116 ], [ 9.6434004, 47.5274534 ], [ 9.6434567, 47.5274534 ], [ 9.6435023, 47.5274878 ], [ 9.6434862, 47.5275132 ], [ 9.6434031, 47.5275168 ], [ 9.6434272, 47.5275458 ], [ 9.6434916, 47.5275929 ], [ 9.6434782, 47.527611 ], [ 9.6434379, 47.5276454 ], [ 9.6434648, 47.527678 ], [ 9.6435238, 47.5276907 ], [ 9.6435157, 47.5277088 ], [ 9.6434808, 47.5277142 ], [ 9.6434379, 47.5277505 ], [ 9.6434352, 47.5277776 ], [ 9.643446, 47.5278374 ], [ 9.6434728, 47.5278682 ], [ 9.6434862, 47.527908 ], [ 9.6434648, 47.5279533 ], [ 9.6434916, 47.5279768 ], [ 9.6434701, 47.5280185 ], [ 9.6434272, 47.5280656 ], [ 9.6434621, 47.5281435 ], [ 9.64359, 47.528141 ], [ 9.643902, 47.5281181 ], [ 9.6439851, 47.5281235 ], [ 9.6439958, 47.5281435 ], [ 9.643969, 47.5281634 ], [ 9.6438832, 47.528196 ], [ 9.6436981, 47.5282286 ], [ 9.6435264, 47.5282213 ], [ 9.6433682, 47.528196 ], [ 9.6432046, 47.5281235 ], [ 9.6430007, 47.5280257 ], [ 9.6428264, 47.5279008 ], [ 9.6424643, 47.5276291 ], [ 9.642298, 47.5274589 ], [ 9.6421746, 47.5273176 ], [ 9.6420485, 47.5271437 ], [ 9.6420164, 47.5270749 ], [ 9.6420164, 47.5270423 ] ], [ [ 9.6483752, 47.5138104 ], [ 9.6484007, 47.5138077 ], [ 9.6484597, 47.5139037 ], [ 9.6484879, 47.5139245 ], [ 9.6485388, 47.5139282 ], [ 9.648618, 47.5139146 ], [ 9.648689, 47.5138648 ], [ 9.6487199, 47.5138231 ], [ 9.6487252, 47.5137751 ], [ 9.6487708, 47.5137651 ], [ 9.6488164, 47.5136963 ], [ 9.6488392, 47.5136791 ], [ 9.6489304, 47.5136428 ], [ 9.6489626, 47.513612 ], [ 9.6490136, 47.5135939 ], [ 9.6491088, 47.5135441 ], [ 9.6491759, 47.5134707 ], [ 9.6492697, 47.5134272 ], [ 9.6494991, 47.5132397 ], [ 9.6497042, 47.5130414 ], [ 9.6496828, 47.5129798 ], [ 9.6496975, 47.5129073 ], [ 9.649719, 47.5128838 ], [ 9.6497324, 47.5128557 ], [ 9.649774, 47.5128747 ], [ 9.6497579, 47.5129354 ], [ 9.6497592, 47.5129825 ], [ 9.6497767, 47.5130287 ], [ 9.6497592, 47.5130486 ], [ 9.6497203, 47.5130812 ], [ 9.6496747, 47.513141 ], [ 9.6493864, 47.5133729 ], [ 9.6491584, 47.5135369 ], [ 9.648913, 47.5136926 ], [ 9.6488272, 47.513747 ], [ 9.6487816, 47.5137914 ], [ 9.6487521, 47.5138457 ], [ 9.6487118, 47.5139173 ], [ 9.6485147, 47.5139725 ], [ 9.648449, 47.5140097 ], [ 9.6484222, 47.5140115 ], [ 9.6483752, 47.5138104 ] ], [ [ 9.65334, 47.5117125 ], [ 9.6533628, 47.5115966 ], [ 9.6534137, 47.5115123 ], [ 9.6534379, 47.5114172 ], [ 9.6535331, 47.5113221 ], [ 9.653627, 47.5112714 ], [ 9.6536578, 47.5111591 ], [ 9.6537477, 47.5111002 ], [ 9.6538188, 47.5110893 ], [ 9.6539032, 47.5111156 ], [ 9.6539327, 47.5111437 ], [ 9.6539073, 47.511179 ], [ 9.6541031, 47.5113176 ], [ 9.6541607, 47.5114227 ], [ 9.6541876, 47.5115069 ], [ 9.6541339, 47.5117044 ], [ 9.6540984, 47.5117338 ], [ 9.6539006, 47.5117768 ], [ 9.653745, 47.5118457 ], [ 9.6537363, 47.5118665 ], [ 9.6537242, 47.5118837 ], [ 9.6536846, 47.5119091 ], [ 9.6535411, 47.5119055 ], [ 9.6534647, 47.5118692 ], [ 9.6533789, 47.5117859 ], [ 9.65334, 47.5117125 ] ], [ [ 9.6537651, 47.5100204 ], [ 9.6537812, 47.5099851 ], [ 9.6538684, 47.5099493 ], [ 9.653857, 47.5099384 ], [ 9.6539073, 47.5098945 ], [ 9.6538764, 47.5097849 ], [ 9.653855, 47.509765 ], [ 9.6538348, 47.5097188 ], [ 9.6538483, 47.509687 ], [ 9.6538362, 47.5096608 ], [ 9.6538429, 47.5096245 ], [ 9.6538161, 47.509582 ], [ 9.6538161, 47.5095213 ], [ 9.6538965, 47.5093981 ], [ 9.6538858, 47.5093908 ], [ 9.6539006, 47.5093754 ], [ 9.6539126, 47.5093818 ], [ 9.6540172, 47.5092305 ], [ 9.6540441, 47.5091834 ], [ 9.6541929, 47.5090258 ], [ 9.6542653, 47.5089814 ], [ 9.6543136, 47.5089642 ], [ 9.6543726, 47.5089488 ], [ 9.6544196, 47.5089569 ], [ 9.6544518, 47.5090013 ], [ 9.6544477, 47.5090285 ], [ 9.6543968, 47.5090747 ], [ 9.6543686, 47.5091245 ], [ 9.6543418, 47.5091363 ], [ 9.6542975, 47.5091354 ], [ 9.6542144, 47.5091444 ], [ 9.6541607, 47.5091761 ], [ 9.6541125, 47.5092241 ], [ 9.6540749, 47.5092993 ], [ 9.6540749, 47.5093165 ], [ 9.6540253, 47.509379 ], [ 9.6540105, 47.5093972 ], [ 9.6539944, 47.5094606 ], [ 9.6540253, 47.5094868 ], [ 9.6540199, 47.509572 ], [ 9.6539985, 47.509591 ], [ 9.6539421, 47.5096137 ], [ 9.6539006, 47.5096762 ], [ 9.6539113, 47.5097015 ], [ 9.653969, 47.5097369 ], [ 9.6540132, 47.5097749 ], [ 9.6540306, 47.5097985 ], [ 9.6540213, 47.5098447 ], [ 9.6540186, 47.5098737 ], [ 9.6540467, 47.5098972 ], [ 9.6540964, 47.5099045 ], [ 9.6541138, 47.5099099 ], [ 9.6541212, 47.5099217 ], [ 9.6541218, 47.5099516 ], [ 9.654099, 47.5099593 ], [ 9.6539944, 47.5099651 ], [ 9.653918, 47.5099507 ], [ 9.6538872, 47.5099538 ], [ 9.6537819, 47.5100254 ], [ 9.6537651, 47.5100204 ] ], [ [ 9.6538255, 47.5119535 ], [ 9.6538509, 47.5119367 ], [ 9.653914, 47.5119159 ], [ 9.6539705, 47.5119014 ], [ 9.6540555, 47.5118846 ], [ 9.6541051, 47.5118837 ], [ 9.6541393, 47.5118914 ], [ 9.6542506, 47.5119666 ], [ 9.6543378, 47.5120119 ], [ 9.6543827, 47.5120373 ], [ 9.6543995, 47.5120667 ], [ 9.6543954, 47.5120903 ], [ 9.6544075, 47.5120968 ], [ 9.6544102, 47.5121102 ], [ 9.6543941, 47.5121401 ], [ 9.654323, 47.5121401 ], [ 9.6541272, 47.5121193 ], [ 9.6540548, 47.5120957 ], [ 9.6538657, 47.5120151 ], [ 9.6538255, 47.5119535 ] ], [ [ 9.6542801, 47.5113457 ], [ 9.6542834, 47.5113235 ], [ 9.654313, 47.5113217 ], [ 9.654382, 47.5113253 ], [ 9.6545074, 47.5113516 ], [ 9.6545986, 47.511366 ], [ 9.6546502, 47.5113833 ], [ 9.6548943, 47.5113801 ], [ 9.6549453, 47.5113882 ], [ 9.6551317, 47.5113855 ], [ 9.6553449, 47.511381 ], [ 9.6554831, 47.5113901 ], [ 9.6556306, 47.5114326 ], [ 9.655652, 47.5114734 ], [ 9.6555649, 47.5115196 ], [ 9.6554616, 47.511516 ], [ 9.6553664, 47.5115314 ], [ 9.6553583, 47.5115866 ], [ 9.6553074, 47.5116301 ], [ 9.6552122, 47.511631 ], [ 9.6551183, 47.5116736 ], [ 9.6550137, 47.5117986 ], [ 9.6549627, 47.5118004 ], [ 9.6549372, 47.5117986 ], [ 9.6549044, 47.5118153 ], [ 9.6547991, 47.5118176 ], [ 9.654783, 47.5118534 ], [ 9.6547354, 47.5118498 ], [ 9.6547039, 47.5118262 ], [ 9.6546496, 47.5118448 ], [ 9.6546093, 47.51185 ], [ 9.6545527, 47.5118455 ], [ 9.6545403, 47.5118239 ], [ 9.6544048, 47.5118307 ], [ 9.6544068, 47.5118013 ], [ 9.6543136, 47.5118085 ], [ 9.6542868, 47.5117619 ], [ 9.6542908, 47.5117397 ], [ 9.654315, 47.5116663 ], [ 9.6543042, 47.5116555 ], [ 9.6543431, 47.5114517 ], [ 9.6543002, 47.5113864 ], [ 9.6542801, 47.5113457 ] ], [ [ 9.6570988, 47.4926763 ], [ 9.6571454, 47.4926153 ], [ 9.6575556, 47.4922986 ], [ 9.6576817, 47.4921972 ], [ 9.6580145, 47.4921001 ], [ 9.6582437, 47.4919824 ], [ 9.6585136, 47.4919099 ], [ 9.658607, 47.4918304 ], [ 9.6587939, 47.4917813 ], [ 9.6589219, 47.4917673 ], [ 9.6589842, 47.4918491 ], [ 9.6589876, 47.4918982 ], [ 9.659171, 47.4919613 ], [ 9.6593025, 47.4920081 ], [ 9.6594825, 47.4919403 ], [ 9.6595724, 47.4918584 ], [ 9.6595551, 47.4917509 ], [ 9.6594614, 47.4916863 ], [ 9.6593925, 47.491655 ], [ 9.6594098, 47.4915428 ], [ 9.6595586, 47.4915358 ], [ 9.6596797, 47.4914995 ], [ 9.6596814, 47.4914025 ], [ 9.6598095, 47.4913487 ], [ 9.6598977, 47.4913826 ], [ 9.6598994, 47.4914528 ], [ 9.6599877, 47.4915054 ], [ 9.6600638, 47.4915732 ], [ 9.660434, 47.4917018 ], [ 9.6604467, 47.4917436 ], [ 9.6605029, 47.4917657 ], [ 9.6604842, 47.4918164 ], [ 9.6604934, 47.4918752 ], [ 9.660498, 47.4919578 ], [ 9.6604515, 47.4921094 ], [ 9.6604461, 47.4921951 ], [ 9.6603406, 47.4922255 ], [ 9.6602783, 47.4921951 ], [ 9.6601935, 47.4922138 ], [ 9.6601572, 47.4922454 ], [ 9.6601366, 47.4922914 ], [ 9.6601641, 47.4923214 ], [ 9.6603441, 47.4923693 ], [ 9.660434, 47.4923857 ], [ 9.6606095, 47.4924057 ], [ 9.6607932, 47.492436 ], [ 9.6609842, 47.4924091 ], [ 9.6610586, 47.492374 ], [ 9.6612006, 47.492396 ], [ 9.6615033, 47.4924863 ], [ 9.6617368, 47.4924991 ], [ 9.6618345, 47.4924754 ], [ 9.662155, 47.4924936 ], [ 9.6623752, 47.4925201 ], [ 9.6625972, 47.4925209 ], [ 9.6626618, 47.4925071 ], [ 9.662755, 47.4924695 ], [ 9.662848, 47.4924619 ], [ 9.6629489, 47.4924069 ], [ 9.6631488, 47.4923802 ], [ 9.6632674, 47.4923566 ], [ 9.663357, 47.492321 ], [ 9.6634176, 47.4923184 ], [ 9.6636496, 47.4922743 ], [ 9.6637655, 47.4922463 ], [ 9.6638155, 47.4922471 ], [ 9.6637874, 47.4923253 ], [ 9.6636543, 47.4923836 ], [ 9.6635423, 47.4924787 ], [ 9.6634738, 47.4926027 ], [ 9.663417, 47.4926876 ], [ 9.6633588, 47.4927598 ], [ 9.6633245, 47.4928186 ], [ 9.6633181, 47.4928465 ], [ 9.6633098, 47.4928715 ], [ 9.663278, 47.4929475 ], [ 9.6632417, 47.4931203 ], [ 9.6632638, 47.4932074 ], [ 9.6632424, 47.4932568 ], [ 9.6632159, 47.4932969 ], [ 9.6631757, 47.4933389 ], [ 9.6631059, 47.4933734 ], [ 9.6630784, 47.4934258 ], [ 9.66306, 47.4935258 ], [ 9.6630514, 47.4935451 ], [ 9.6629821, 47.4936199 ], [ 9.6626778, 47.4939578 ], [ 9.662469, 47.4941371 ], [ 9.6622885, 47.4941798 ], [ 9.6620993, 47.4943326 ], [ 9.6618122, 47.4944957 ], [ 9.6614033, 47.4946691 ], [ 9.6611223, 47.4947524 ], [ 9.6609421, 47.4948058 ], [ 9.6608329, 47.4948202 ], [ 9.6607362, 47.4948263 ], [ 9.6605909, 47.4948769 ], [ 9.6605004, 47.4948833 ], [ 9.6601051, 47.4949259 ], [ 9.6600322, 47.4949406 ], [ 9.6599547, 47.4948955 ], [ 9.6597707, 47.4948973 ], [ 9.6596846, 47.49486 ], [ 9.6595379, 47.4948218 ], [ 9.659363, 47.494675 ], [ 9.6594634, 47.4945779 ], [ 9.6593425, 47.494563 ], [ 9.659218, 47.4944774 ], [ 9.658966, 47.4943364 ], [ 9.6587358, 47.4943029 ], [ 9.6585851, 47.4942547 ], [ 9.6585648, 47.494168 ], [ 9.6585045, 47.4940985 ], [ 9.658483, 47.4939747 ], [ 9.6584843, 47.493852 ], [ 9.6583669, 47.4936935 ], [ 9.658245, 47.4937174 ], [ 9.6579724, 47.4935566 ], [ 9.6577218, 47.4935036 ], [ 9.6575121, 47.4935184 ], [ 9.6574185, 47.4934787 ], [ 9.6574968, 47.4933347 ], [ 9.6573253, 47.4931989 ], [ 9.6572305, 47.4932414 ], [ 9.657147, 47.493211 ], [ 9.6571249, 47.4930305 ], [ 9.6572946, 47.4929173 ], [ 9.6571293, 47.4927821 ], [ 9.6572102, 47.4927052 ], [ 9.6570988, 47.4926763 ] ], [ [ 9.6595953, 47.4957136 ], [ 9.6596249, 47.4956137 ], [ 9.6596676, 47.4955534 ], [ 9.6598404, 47.4954734 ], [ 9.6602856, 47.4953641 ], [ 9.6604002, 47.4952687 ], [ 9.6607338, 47.4952223 ], [ 9.6608365, 47.4952103 ], [ 9.6610125, 47.4951612 ], [ 9.661238, 47.495088 ], [ 9.6615293, 47.4949646 ], [ 9.6617951, 47.4948215 ], [ 9.6619026, 47.4948089 ], [ 9.6619767, 47.4948128 ], [ 9.6620203, 47.4948355 ], [ 9.6620314, 47.4948573 ], [ 9.6620198, 47.494898 ], [ 9.6619665, 47.4949793 ], [ 9.6620477, 47.4950411 ], [ 9.662202, 47.4951372 ], [ 9.6623905, 47.495236 ], [ 9.662552, 47.4953302 ], [ 9.6627287, 47.4953863 ], [ 9.662863, 47.4954818 ], [ 9.6629974, 47.4955162 ], [ 9.6632035, 47.4955193 ], [ 9.6636576, 47.4954458 ], [ 9.6637572, 47.4954019 ], [ 9.6639657, 47.4953409 ], [ 9.6641486, 47.495356 ], [ 9.6643108, 47.4953284 ], [ 9.6644658, 47.4953674 ], [ 9.6646212, 47.4953659 ], [ 9.6647903, 47.4954222 ], [ 9.6649508, 47.4954598 ], [ 9.6650521, 47.4955365 ], [ 9.665198, 47.4955538 ], [ 9.665224, 47.495622 ], [ 9.6652357, 47.4956546 ], [ 9.6652845, 47.4957257 ], [ 9.6653764, 47.4957807 ], [ 9.6654289, 47.4958563 ], [ 9.6654422, 47.4958757 ], [ 9.6654268, 47.4959247 ], [ 9.6653141, 47.4959209 ], [ 9.6652041, 47.4959171 ], [ 9.6651603, 47.4959157 ], [ 9.6650438, 47.49596 ], [ 9.6649285, 47.495926 ], [ 9.6648299, 47.4959319 ], [ 9.6646488, 47.4959749 ], [ 9.6645374, 47.4959614 ], [ 9.6644893, 47.4959964 ], [ 9.6642228, 47.4960765 ], [ 9.6640685, 47.4961338 ], [ 9.6639428, 47.4961217 ], [ 9.6638088, 47.496187 ], [ 9.6636893, 47.4961643 ], [ 9.6636537, 47.4962466 ], [ 9.6635087, 47.4962841 ], [ 9.6633084, 47.4962739 ], [ 9.663146, 47.496221 ], [ 9.6631126, 47.4961788 ], [ 9.662901, 47.4962126 ], [ 9.6628089, 47.4961882 ], [ 9.6626848, 47.4961661 ], [ 9.6625711, 47.4961782 ], [ 9.6624742, 47.496206 ], [ 9.6623974, 47.4962559 ], [ 9.6622883, 47.4963539 ], [ 9.6622924, 47.4964104 ], [ 9.6623094, 47.4964725 ], [ 9.6623394, 47.4965356 ], [ 9.6622516, 47.4965784 ], [ 9.6621819, 47.4966155 ], [ 9.6621089, 47.4966361 ], [ 9.6619665, 47.4967104 ], [ 9.6616723, 47.4967448 ], [ 9.6615875, 47.4967374 ], [ 9.6612551, 47.4968004 ], [ 9.6610579, 47.4967746 ], [ 9.6608341, 47.496684 ], [ 9.6606789, 47.4966521 ], [ 9.6605489, 47.4965789 ], [ 9.6602823, 47.4966378 ], [ 9.6601287, 47.4965476 ], [ 9.6601769, 47.4964542 ], [ 9.6601843, 47.4963627 ], [ 9.660076, 47.4963276 ], [ 9.6600804, 47.4962739 ], [ 9.6600143, 47.4961968 ], [ 9.6600537, 47.4961297 ], [ 9.6599516, 47.4961416 ], [ 9.6598755, 47.4961198 ], [ 9.6598121, 47.496053 ], [ 9.6597321, 47.4959272 ], [ 9.6596405, 47.4958071 ], [ 9.6595953, 47.4957136 ] ], [ [ 9.6623844, 47.5121876 ], [ 9.6624622, 47.5121664 ], [ 9.6625822, 47.5121025 ], [ 9.662666, 47.5120101 ], [ 9.662725, 47.5119462 ], [ 9.6627472, 47.511934 ], [ 9.6628035, 47.5119272 ], [ 9.6628417, 47.5119317 ], [ 9.6628524, 47.5119476 ], [ 9.6628202, 47.5119861 ], [ 9.6627512, 47.5120513 ], [ 9.6626989, 47.5120699 ], [ 9.6626244, 47.5121301 ], [ 9.6625762, 47.5121632 ], [ 9.6625259, 47.5121863 ], [ 9.6624669, 47.5121994 ], [ 9.66243, 47.512203 ], [ 9.6623918, 47.5121994 ], [ 9.6623844, 47.5121876 ] ], [ [ 9.6626802, 47.4914068 ], [ 9.6627155, 47.491359 ], [ 9.6627744, 47.4913484 ], [ 9.662847, 47.4913577 ], [ 9.6628941, 47.4913829 ], [ 9.6629392, 47.4914956 ], [ 9.6629059, 47.4915195 ], [ 9.6628352, 47.4915328 ], [ 9.6627528, 47.4915155 ], [ 9.6627057, 47.4914704 ], [ 9.6626802, 47.4914068 ] ], [ [ 9.6627988, 47.5118647 ], [ 9.662831, 47.5118416 ], [ 9.662839, 47.511823 ], [ 9.6629497, 47.5117583 ], [ 9.6631227, 47.5117139 ], [ 9.6632608, 47.5116437 ], [ 9.6633902, 47.5115332 ], [ 9.6636283, 47.5113851 ], [ 9.6638509, 47.5112827 ], [ 9.6639314, 47.5112383 ], [ 9.6640849, 47.5111885 ], [ 9.6642324, 47.5111206 ], [ 9.6643022, 47.5110762 ], [ 9.6643518, 47.5110703 ], [ 9.6643779, 47.5110848 ], [ 9.6643726, 47.5111038 ], [ 9.664323, 47.5111255 ], [ 9.6642257, 47.511184 ], [ 9.6641741, 47.5112003 ], [ 9.6641325, 47.511222 ], [ 9.6641091, 47.5112528 ], [ 9.6640433, 47.5112673 ], [ 9.6638247, 47.5113683 ], [ 9.6637242, 47.5114358 ], [ 9.6636484, 47.5114657 ], [ 9.6635498, 47.5115409 ], [ 9.6634445, 47.5115966 ], [ 9.6633654, 47.5116591 ], [ 9.6632796, 47.5117279 ], [ 9.6632273, 47.5117519 ], [ 9.6631649, 47.5117714 ], [ 9.6630482, 47.5118076 ], [ 9.6629523, 47.5118434 ], [ 9.6628893, 47.5118534 ], [ 9.6628337, 47.5118624 ], [ 9.6627988, 47.5118647 ] ], [ [ 9.6631728, 47.4898263 ], [ 9.663256, 47.4894112 ], [ 9.6633177, 47.4887968 ], [ 9.6633659, 47.4885503 ], [ 9.6634598, 47.4883999 ], [ 9.6635215, 47.4883908 ], [ 9.6635859, 47.4884434 ], [ 9.6635993, 47.4885956 ], [ 9.6635778, 47.4887153 ], [ 9.6635161, 47.4891176 ], [ 9.6635322, 47.4893913 ], [ 9.6635322, 47.489558 ], [ 9.6634518, 47.4897828 ], [ 9.6633338, 47.489877 ], [ 9.6632372, 47.489877 ], [ 9.6631728, 47.4898263 ] ], [ [ 9.6632963, 47.5115019 ], [ 9.6633104, 47.5114209 ], [ 9.6633305, 47.5113855 ], [ 9.6634144, 47.5113411 ], [ 9.6635082, 47.5113112 ], [ 9.6635532, 47.5112451 ], [ 9.6635887, 47.5111962 ], [ 9.6636464, 47.5111722 ], [ 9.6637711, 47.511131 ], [ 9.6638241, 47.5111024 ], [ 9.6638361, 47.5110658 ], [ 9.6638569, 47.5110581 ], [ 9.6639106, 47.5110517 ], [ 9.6639461, 47.5110649 ], [ 9.6639689, 47.5110685 ], [ 9.6640051, 47.5110612 ], [ 9.6640299, 47.5110698 ], [ 9.6639991, 47.5110997 ], [ 9.6639924, 47.5111441 ], [ 9.6639508, 47.5111899 ], [ 9.6638596, 47.5112306 ], [ 9.663816, 47.5112705 ], [ 9.6637262, 47.5113008 ], [ 9.6636558, 47.511333 ], [ 9.6635847, 47.511362 ], [ 9.6635056, 47.5114023 ], [ 9.6634512, 47.511439 ], [ 9.663413, 47.5114824 ], [ 9.6633674, 47.5114947 ], [ 9.6633332, 47.5115055 ], [ 9.6632963, 47.5115019 ] ], [ [ 9.6644648, 47.5110026 ], [ 9.6644675, 47.510984 ], [ 9.6644939, 47.5109743 ], [ 9.6646274, 47.5109489 ], [ 9.6647783, 47.5108968 ], [ 9.6648446, 47.510876 ], [ 9.6649338, 47.5108194 ], [ 9.665025, 47.5107673 ], [ 9.6650505, 47.5107659 ], [ 9.6650606, 47.5107786 ], [ 9.6650103, 47.5108044 ], [ 9.6648192, 47.5109063 ], [ 9.6646931, 47.5109688 ], [ 9.6645858, 47.5109996 ], [ 9.6645288, 47.5110069 ], [ 9.6644819, 47.5110107 ], [ 9.6644648, 47.5110026 ] ], [ [ 9.665371, 47.5105367 ], [ 9.6654515, 47.5104489 ], [ 9.665485, 47.5104321 ], [ 9.6655038, 47.510452 ], [ 9.6654857, 47.5104883 ], [ 9.6654361, 47.5105159 ], [ 9.665371, 47.5105367 ] ], [ [ 9.6655561, 47.5103619 ], [ 9.6655682, 47.5103153 ], [ 9.6656252, 47.5102528 ], [ 9.6656359, 47.510236 ], [ 9.6656567, 47.5102111 ], [ 9.6656708, 47.5102138 ], [ 9.6656761, 47.5102491 ], [ 9.6656607, 47.5103017 ], [ 9.6656265, 47.5103452 ], [ 9.6655561, 47.5103619 ] ], [ [ 9.6966167, 47.5492349 ], [ 9.6966422, 47.5491777 ], [ 9.6966655, 47.5491822 ], [ 9.6966616, 47.5491926 ], [ 9.6967504, 47.5492099 ], [ 9.6967301, 47.5492569 ], [ 9.6966167, 47.5492349 ] ], [ [ 9.7225155, 47.5431144 ], [ 9.7225238, 47.5430876 ], [ 9.722544, 47.5430836 ], [ 9.7225709, 47.5430598 ], [ 9.7226301, 47.5430644 ], [ 9.7226773, 47.5430613 ], [ 9.7226908, 47.543078 ], [ 9.7227073, 47.5431008 ], [ 9.722723, 47.543119 ], [ 9.7227627, 47.5431443 ], [ 9.7227548, 47.5431638 ], [ 9.7227457, 47.5431788 ], [ 9.7227173, 47.5431875 ], [ 9.7226858, 47.5432074 ], [ 9.722633, 47.5432107 ], [ 9.7226079, 47.5431908 ], [ 9.7225597, 47.5431721 ], [ 9.7225605, 47.5431503 ], [ 9.7225245, 47.5431397 ], [ 9.7225155, 47.5431144 ] ], [ [ 9.7264956, 47.5351025 ], [ 9.7265491, 47.5350807 ], [ 9.7266098, 47.5351029 ], [ 9.7266406, 47.5351284 ], [ 9.7269952, 47.5355236 ], [ 9.7269743, 47.5355726 ], [ 9.7269296, 47.5355842 ], [ 9.7268408, 47.5355697 ], [ 9.7267433, 47.5354734 ], [ 9.7265072, 47.5351571 ], [ 9.7264956, 47.5351025 ] ], [ [ 9.7310429, 47.5323247 ], [ 9.7310806, 47.5322865 ], [ 9.7313126, 47.532169 ], [ 9.7315634, 47.5320663 ], [ 9.7316779, 47.5320036 ], [ 9.7318157, 47.5319889 ], [ 9.731878, 47.5319958 ], [ 9.7319287, 47.5319782 ], [ 9.7319983, 47.5319752 ], [ 9.7320288, 47.5320252 ], [ 9.7319911, 47.5320858 ], [ 9.7319345, 47.5321074 ], [ 9.7318881, 47.5320898 ], [ 9.7318186, 47.532081 ], [ 9.7314286, 47.5322043 ], [ 9.731256, 47.5322797 ], [ 9.7311401, 47.5323511 ], [ 9.7310429, 47.5323247 ] ], [ [ 9.743817, 47.525982 ], [ 9.7441688, 47.5259243 ], [ 9.7442388, 47.5261194 ], [ 9.7441463, 47.5261359 ], [ 9.7438871, 47.526177 ], [ 9.743817, 47.525982 ] ] ] ] } }
]
}
